median_income,ocean_proximity_NEAR BAY,total_rooms,ocean_proximity_NEAR OCEAN,latitude,ocean_proximity_INLAND
1.6728,False,1475.0,False,35.37,True
2.6563,False,488.0,False,37.87,True
2.455,True,4074.0,False,37.73,False
6.8162,False,1713.0,False,36.72,True
3.7252,False,7052.0,False,34.37,True
1.8942,True,350.0,False,38.17,False
5.1788,False,737.0,False,36.55,False
1.7463,False,1629.0,False,39.3,True
4.2065,False,2593.0,True,32.85,False
3.5214,False,2748.0,True,37.63,False
4.9766,False,2197.0,False,34.87,False
1.0801,False,1153.0,False,37.62,True
3.1875,False,1706.0,False,34.03,False
4.2891,False,2032.0,False,34.41,True
4.2312,False,4046.0,False,32.82,False
5.2017,False,1698.0,False,33.91,False
6.7206,False,3507.0,True,37.62,False
2.5729,False,25135.0,False,33.35,False
2.2284,False,2161.0,True,32.83,False
1.84,False,1701.0,False,33.99,False
2.1023,False,3539.0,False,33.94,True
4.1827,False,1331.0,True,37.59,False
2.6518,True,1739.0,False,38.29,False
1.0481,False,1334.0,False,36.72,True
4.1953,False,11775.0,False,33.89,True
3.9583,False,433.0,False,34.23,True
8.2364,False,749.0,True,37.51,False
3.5652,False,2462.0,False,37.31,False
1.5539,False,2204.0,False,37.96,True
3.1467,False,1743.0,False,38.45,False
3.0625,False,2464.0,False,34.05,False
4.4107,False,1144.0,False,38.31,True
2.3783,False,1884.0,False,33.74,False
2.0469,False,1810.0,False,39.08,True
4.1448,False,4674.0,False,34.08,True
4.1292,False,1642.0,False,33.82,False
3.3438,True,970.0,False,37.78,False
3.7045,False,878.0,True,37.5,False
2.6316,False,2280.0,False,38.5,False
1.6184,False,1261.0,False,34.06,False
2.9375,False,2929.0,False,33.83,False
4.2329,False,10264.0,False,34.56,True
5.5501,False,3318.0,False,33.72,False
2.7813,False,1949.0,False,33.91,False
3.2829,True,3785.0,False,37.63,False
2.8512,True,1575.0,False,37.69,False
2.1776,False,879.0,False,34.01,False
4.2708,True,886.0,False,37.48,False
5.7619,False,4807.0,False,33.88,False
5.6605,False,1704.0,True,33.16,False
3.6953,False,5762.0,False,37.32,False
4.0675,False,4577.0,False,38.73,True
3.0313,False,2677.0,True,41.84,False
3.6455,False,5558.0,False,38.73,True
3.775,False,2208.0,False,34.1,False
8.2405,False,2396.0,False,33.96,True
2.7115,True,1710.0,False,37.77,False
3.2073,False,7326.0,False,34.01,True
1.5972,False,1102.0,False,34.05,False
6.1278,False,1048.0,True,37.71,False
3.6875,False,2492.0,False,34.04,True
2.933,True,2947.0,False,37.88,False
4.0154,False,3455.0,True,36.6,False
1.7106,False,2259.0,False,36.13,True
5.8336,False,1119.0,False,38.6,True
2.6275,False,2772.0,False,39.18,False
6.4335,False,13703.0,False,32.83,False
4.2727,True,1167.0,False,37.72,False
2.59,True,2462.0,False,37.74,False
1.9056,False,1689.0,False,36.75,True
1.8958,False,284.0,False,37.7,True
4.1179,False,6125.0,False,38.26,True
1.5893,False,2623.0,False,36.07,True
3.5046,False,1651.0,False,39.75,True
3.3893,True,2888.0,False,37.86,False
6.983,False,4890.0,False,33.84,False
3.0625,False,1022.0,False,34.02,False
2.8194,False,1031.0,False,33.85,True
2.0486,False,763.0,False,33.93,False
3.15,True,834.0,False,37.86,False
6.287,False,2338.0,True,33.75,False
6.6104,False,5645.0,False,38.5,False
6.3525,False,2229.0,True,33.04,False
2.1786,False,555.0,False,33.13,False
1.0548,False,1298.0,False,34.14,True
2.875,False,1133.0,False,37.95,True
4.1026,False,1679.0,False,33.65,False
6.0487,False,1173.0,False,38.26,True
3.4016,False,1359.0,False,34.16,False
5.2128,True,3037.0,False,37.76,False
2.006,False,2505.0,False,37.96,True
4.3889,False,2394.0,False,34.15,False
6.3215,False,786.0,False,37.33,True
4.6458,False,3666.0,False,37.61,False
7.7852,True,1349.0,False,37.81,False
1.5625,False,384.0,True,34.19,False
1.056,False,1941.0,False,35.36,True
2.1602,False,3487.0,False,34.14,False
3.0909,False,2101.0,False,34.01,True
3.788,False,3066.0,False,39.26,False
4.8958,False,455.0,False,37.62,True
3.2426,False,2989.0,False,34.08,False
4.3533,False,2853.0,False,37.69,True
2.4821,False,1221.0,True,32.76,False
2.0625,False,1444.0,False,34.01,False
4.7188,True,866.0,False,37.95,False
4.8194,False,494.0,False,38.63,True
5.04,False,3337.0,False,33.2,False
3.8529,False,2724.0,True,32.58,False
2.375,False,3915.0,False,36.02,True
3.7991,False,795.0,False,38.37,False
1.9265,False,3234.0,False,38.5,False
5.9676,False,5138.0,True,35.2,False
2.5536,False,1212.0,False,33.97,False
3.1025,True,3102.0,False,38.12,False
5.2131,True,6740.0,False,37.71,False
6.1935,False,2422.0,False,33.64,False
5.4351,False,1338.0,True,37.53,False
3.1051,False,7179.0,False,34.2,False
5.6315,False,2125.0,False,33.62,False
5.779,False,2795.0,True,37.53,False
1.1552,False,594.0,True,36.97,False
1.8849,False,2991.0,False,39.15,True
5.1057,False,818.0,False,33.85,False
1.7169,False,1285.0,False,37.58,True
3.0729,False,1901.0,False,37.11,True
3.8615,False,1563.0,True,32.61,False
3.1205,False,1029.0,True,36.97,False
6.9021,False,1993.0,False,33.87,False
1.9767,False,3465.0,False,33.78,True
1.8162,False,683.0,False,37.64,True
4.6932,False,6875.0,False,37.76,False
4.5122,False,2386.0,False,33.93,True
3.6667,False,1294.0,True,37.66,False
3.5696,False,7151.0,False,34.38,True
3.6852,False,2821.0,False,35.3,True
3.2371,False,1999.0,False,33.92,False
3.8913,True,1445.0,False,37.75,False
1.7446,False,3715.0,False,39.02,True
4.0196,False,3690.0,False,36.83,True
3.1719,True,3287.0,False,37.95,False
1.6196,True,992.0,False,37.75,False
2.9712,False,3365.0,True,37.0,False
4.1439,False,1435.0,False,33.85,False
4.6452,False,1519.0,True,33.79,False
4.3571,False,937.0,False,34.11,False
4.7332,False,5284.0,False,33.99,False
5.5376,False,343.0,False,38.04,True
3.087,False,2627.0,False,36.74,True
3.5536,False,1463.0,False,36.34,True
2.7986,False,873.0,False,34.06,True
2.9479,False,2696.0,False,33.82,False
2.4063,False,840.0,False,37.73,True
3.125,False,2948.0,False,34.04,True
7.8118,False,338.0,False,33.93,True
5.0653,False,1580.0,False,33.93,False
6.2456,False,2996.0,False,34.1,True
4.7917,False,2231.0,False,37.25,False
3.4306,False,1715.0,False,36.22,True
4.5368,False,2054.0,False,38.43,True
3.5812,False,4436.0,True,33.78,False
2.825,False,1613.0,False,33.99,False
3.0426,False,5685.0,False,33.13,False
3.1607,False,1226.0,False,33.98,False
5.9836,False,1552.0,False,34.17,False
5.1386,False,1691.0,True,32.7,False
0.9338,False,562.0,False,38.67,True
2.7079,False,2453.0,False,38.61,True
2.9,False,452.0,False,33.09,True
4.7431,False,2297.0,False,37.39,False
3.9886,False,2593.0,False,34.21,False
6.1493,False,5175.0,False,33.62,False
3.925,False,1204.0,False,36.32,True
2.425,False,3578.0,False,36.3,True
2.1382,False,3095.0,False,38.28,True
2.9875,False,2899.0,False,33.23,False
2.9559,False,1868.0,False,36.2,False
2.6742,False,3166.0,True,32.75,False
2.5234,False,1939.0,False,34.17,False
3.0114,False,1453.0,False,34.16,False
4.0579,False,4028.0,False,34.59,True
3.6646,False,2449.0,False,34.48,True
2.5625,False,1839.0,False,34.04,False
3.6369,False,1244.0,False,38.33,False
2.3062,False,1000.0,False,39.09,True
7.2628,False,2870.0,False,33.86,False
4.2775,False,13096.0,False,33.95,True
2.0577,False,701.0,False,33.79,True
2.2808,False,4409.0,True,33.77,False
3.2986,False,3292.0,True,32.71,False
7.1463,False,3019.0,False,34.24,False
2.1094,False,2343.0,False,34.06,False
7.9887,False,2099.0,False,33.69,False
4.8684,False,1934.0,True,32.73,False
1.8967,False,2342.0,False,39.5,True
5.3922,False,4613.0,False,37.28,False
2.49,False,2653.0,False,33.61,False
2.2429,False,1855.0,False,34.1,True
4.8167,False,2807.0,False,33.92,True
5.2269,False,1279.0,False,34.07,True
2.4537,False,1582.0,False,33.89,False
3.0298,True,2286.0,False,37.8,False
4.8419,False,4138.0,False,32.83,False
2.1722,False,7626.0,False,33.76,True
2.6403,False,1403.0,True,32.8,False
2.9293,False,6876.0,False,33.89,False
2.5478,False,1462.0,False,38.89,True
3.2188,False,1688.0,False,34.05,True
4.6978,True,8444.0,False,37.56,False
3.5288,False,3018.0,False,34.25,True
3.8506,False,7531.0,False,33.76,False
4.5382,False,1631.0,False,33.92,False
2.8214,True,1659.0,False,37.86,False
4.2969,False,3230.0,False,32.91,False
2.6875,False,3290.0,False,35.1,False
1.8472,False,882.0,False,33.96,False
3.0588,False,639.0,False,33.92,False
2.7473,False,2910.0,False,34.11,True
4.0484,False,3207.0,False,33.8,False
2.7,False,186.0,False,33.38,True
4.2312,False,1554.0,False,34.12,True
3.8824,True,1742.0,False,38.02,False
4.2454,False,2408.0,False,33.88,False
5.4445,False,2696.0,False,38.43,True
4.4732,False,1956.0,False,33.5,False
2.7226,False,2846.0,False,34.04,False
2.4123,False,4119.0,False,35.35,True
2.3438,False,2280.0,False,33.61,False
3.5192,False,2297.0,True,32.75,False
3.1349,False,3034.0,False,34.27,False
5.0427,False,2607.0,False,38.55,True
3.1,False,1548.0,False,36.76,True
4.9271,False,1847.0,False,37.82,True
2.2417,True,833.0,False,38.09,False
1.75,False,1708.0,False,38.96,True
3.0453,False,4013.0,True,33.79,False
8.0409,False,2649.0,False,33.59,False
4.071,False,2701.0,False,34.55,True
4.875,False,1473.0,False,34.08,True
3.3017,False,639.0,False,33.74,False
1.9722,False,1335.0,False,34.07,False
3.8281,False,830.0,False,33.52,True
2.6765,False,1903.0,False,38.01,True
2.4821,False,1830.0,False,37.12,False
7.8061,False,2411.0,False,33.58,False
2.9605,False,10509.0,False,38.55,True
3.8056,False,2880.0,False,33.78,False
0.4999,False,62.0,False,34.06,True
4.615,False,680.0,False,34.15,False
2.4595,False,2376.0,False,34.45,False
3.9784,False,3610.0,False,34.07,True
3.2898,False,1962.0,False,34.17,False
3.3536,False,4505.0,True,33.15,False
2.1944,False,2461.0,False,33.77,False
1.4432,False,1515.0,False,36.34,True
2.5329,False,2697.0,False,36.67,False
5.4663,False,3142.0,False,33.12,False
4.5337,False,4077.0,True,37.68,False
3.024,False,1002.0,False,34.27,False
3.5481,False,522.0,False,33.94,False
4.2981,False,1000.0,False,34.11,False
2.0885,False,2672.0,False,34.05,False
1.9318,False,1349.0,True,33.79,False
4.1364,False,4424.0,True,37.6,False
4.9236,False,2104.0,False,37.26,False
6.1306,False,3137.0,False,34.18,False
3.4464,False,1401.0,False,37.45,True
3.4044,False,1915.0,False,33.97,True
4.9464,False,1743.0,True,37.54,False
2.0357,False,1696.0,False,33.89,False
2.1513,False,2411.0,False,40.61,True
3.1106,False,2901.0,False,34.16,False
4.0726,False,1946.0,True,37.54,False
1.473,False,3300.0,False,37.33,False
2.6288,False,1705.0,False,38.52,True
1.3125,False,972.0,False,33.94,True
5.1345,False,2343.0,False,33.75,False
2.3566,False,3265.0,False,39.53,True
6.3303,False,3746.0,False,34.17,False
2.1513,False,2706.0,True,32.73,False
4.2031,False,1839.0,False,39.02,True
8.9669,False,2272.0,False,36.84,True
3.875,False,2812.0,True,33.77,False
3.8239,False,3413.0,True,34.21,False
4.7027,False,4412.0,False,37.32,False
6.5284,False,1426.0,False,33.9,False
6.8667,False,1684.0,False,33.6,False
3.5909,False,1720.0,True,37.69,False
2.8357,False,7973.0,False,38.37,True
2.7457,True,1549.0,False,38.16,False
5.2131,False,6971.0,False,33.87,False
3.1406,False,814.0,False,34.19,False
3.6437,False,2271.0,False,33.04,False
1.9853,False,2212.0,False,33.99,False
3.5268,False,3260.0,False,33.86,False
3.125,False,1244.0,False,34.03,False
3.2,False,3720.0,False,39.27,True
2.918,False,3447.0,False,34.09,False
2.811,False,4760.0,False,35.56,False
4.6687,False,2122.0,False,34.0,False
1.6888,False,1582.0,False,34.04,False
3.6296,False,1718.0,False,34.2,False
4.3362,False,1516.0,False,34.16,True
6.5764,False,1665.0,False,33.89,False
7.7889,False,2296.0,False,34.19,False
5.5385,True,2998.0,False,37.93,False
2.2348,False,2907.0,False,34.09,False
3.2188,False,2147.0,False,33.85,False
2.4167,False,904.0,False,34.19,False
10.0765,False,2993.0,False,33.61,False
2.4741,False,2025.0,False,33.91,False
2.375,False,224.0,True,34.26,False
2.6768,True,1656.0,False,37.83,False
2.6033,True,1503.0,False,37.84,False
5.5737,True,1716.0,False,37.56,False
2.9459,False,2552.0,False,34.12,False
2.2466,False,1694.0,False,36.64,True
7.7006,False,370.0,True,37.97,False
3.668,False,2792.0,False,33.38,False
0.7684,False,334.0,True,40.87,False
2.5893,False,1141.0,False,38.0,True
4.0547,False,1580.0,True,37.71,False
2.3169,False,10886.0,False,33.75,True
2.8351,False,2438.0,False,38.67,True
3.8333,False,1936.0,True,32.79,False
2.7202,False,965.0,False,33.99,False
2.4886,False,762.0,False,34.05,False
4.2009,False,3068.0,False,33.63,False
3.7708,True,1222.0,False,37.78,False
3.225,False,1507.0,False,33.88,False
4.224,False,2607.0,True,37.49,False
6.2578,False,2652.0,False,32.67,False
6.0891,False,1619.0,False,32.91,False
2.9137,False,1750.0,False,37.66,True
3.358,False,745.0,False,38.57,True
0.9946,False,1366.0,False,33.91,False
1.5321,False,2084.0,False,36.29,True
3.6133,False,3418.0,False,37.95,True
1.9766,False,1562.0,False,34.09,False
3.6875,False,893.0,False,37.79,True
4.125,False,1753.0,False,34.23,False
1.8783,False,1667.0,False,34.02,False
4.0089,True,2413.0,False,37.75,False
2.9405,True,3774.0,False,37.86,False
2.875,False,2176.0,True,32.7,False
6.837,False,2016.0,False,37.35,False
2.5261,False,1249.0,False,34.02,False
4.25,False,2512.0,False,37.34,False
11.1121,False,3236.0,False,33.63,False
2.4821,False,1407.0,False,37.73,False
3.9866,False,1978.0,False,34.2,False
3.5938,False,584.0,True,36.96,False
3.2633,False,6034.0,True,32.61,False
3.7232,False,1441.0,False,33.76,False
4.6,False,1258.0,False,38.92,True
2.0357,False,1551.0,False,39.51,True
1.9327,True,2031.0,False,37.86,False
3.2465,False,2320.0,False,39.11,True
2.5887,False,1110.0,False,39.08,True
1.585,False,1606.0,True,40.8,False
2.489,True,1637.0,False,37.78,False
1.7143,False,1174.0,False,37.76,True
4.5553,True,1507.0,False,37.71,False
2.0547,False,1848.0,False,34.06,False
5.3886,False,5554.0,False,33.71,False
4.2733,True,3882.0,False,37.67,False
4.4821,False,1607.0,False,33.81,False
2.0875,False,3801.0,False,34.19,False
6.5755,False,2446.0,False,33.9,False
3.3542,False,791.0,False,34.13,False
5.0965,True,15622.0,False,38.06,False
3.4005,False,2249.0,False,34.1,True
5.097,True,1518.0,False,37.61,False
3.5333,False,1286.0,False,34.21,False
1.8939,False,2159.0,False,37.26,True
4.3594,True,4332.0,False,37.56,False
6.3002,False,6246.0,False,34.38,False
4.1406,False,2198.0,False,33.82,False
4.0132,False,3099.0,False,40.64,True
3.1193,False,3005.0,False,39.24,True
3.6,False,796.0,False,33.9,False
2.1447,False,1269.0,True,32.79,False
3.2396,False,1156.0,False,38.37,True
5.7373,False,1313.0,False,38.63,True
3.7813,False,1703.0,True,32.81,False
3.0139,False,4091.0,False,33.15,False
2.85,False,1745.0,False,34.09,False
1.6354,False,690.0,False,34.01,False
2.5417,True,2052.0,False,37.86,False
5.6194,True,2476.0,False,37.72,False
4.0631,False,10822.0,False,35.3,True
3.1094,False,1328.0,False,34.14,True
3.4875,False,2558.0,True,32.69,False
2.2279,False,136.0,False,37.65,True
5.0863,False,3298.0,False,37.25,False
6.0677,True,3943.0,False,37.92,False
6.1922,True,6895.0,False,37.94,False
1.3882,False,1171.0,False,32.8,True
3.7455,False,2986.0,False,37.31,False
2.983,True,1397.0,False,37.72,False
3.6736,False,1817.0,True,32.57,False
1.8519,True,1014.0,False,37.78,False
5.878,False,2794.0,False,33.82,False
3.6974,False,4292.0,False,34.18,False
6.2987,False,1915.0,True,34.48,False
2.6923,False,1719.0,False,40.88,False
2.2988,False,2134.0,False,33.95,False
3.0521,False,823.0,False,36.64,True
4.3658,False,20982.0,False,38.47,True
2.3681,False,1467.0,False,34.43,False
3.0313,True,1948.0,False,37.72,False
3.3611,False,1752.0,False,33.74,False
4.5893,True,2199.0,False,37.95,False
5.2636,False,2062.0,False,38.23,True
1.9787,False,2806.0,False,38.68,True
2.7614,False,1994.0,False,33.71,False
3.6354,False,4497.0,False,33.66,True
3.625,False,2743.0,True,33.72,False
4.3321,False,4431.0,False,36.98,False
4.6225,False,6819.0,False,38.54,True
1.9063,False,402.0,False,37.06,True
4.8059,False,1354.0,False,34.16,True
1.9657,False,7880.0,False,38.48,True
3.1528,False,2099.0,False,33.92,False
1.0298,False,626.0,True,35.32,False
4.7639,False,2244.0,True,37.71,False
1.8022,False,3904.0,False,34.1,True
7.3841,False,422.0,False,37.65,True
1.6585,False,1052.0,False,33.96,False
1.3023,False,2248.0,False,35.64,True
3.6953,False,756.0,False,38.66,True
3.7778,False,1008.0,True,33.81,False
5.7083,False,2485.0,False,34.24,False
5.7817,False,3259.0,False,33.82,False
2.3011,False,2171.0,False,39.11,True
4.7969,False,2191.0,False,36.77,False
2.625,False,875.0,True,36.96,False
2.4038,True,535.0,False,37.85,False
3.4485,True,2674.0,False,37.89,False
3.4598,False,3761.0,False,37.0,True
3.2708,False,1823.0,False,33.95,False
6.0394,False,2003.0,False,33.88,False
5.5591,False,2085.0,False,37.81,True
4.8854,False,2562.0,False,37.33,False
5.0,False,1516.0,False,34.19,False
3.8274,True,2890.0,False,37.72,False
4.3814,False,3841.0,False,36.79,False
3.3333,True,3230.0,False,37.73,False
1.8065,False,1580.0,False,41.3,False
2.8472,False,1848.0,False,40.16,True
2.3,False,543.0,False,34.14,False
3.2813,False,2396.0,False,37.96,True
6.0088,False,2392.0,False,33.89,False
3.375,False,3200.0,False,34.14,True
2.2321,False,271.0,False,34.15,True
3.5893,False,1577.0,True,34.27,False
4.5721,True,2077.0,False,37.6,False
4.3962,False,4552.0,False,38.75,True
3.0156,False,1239.0,False,38.59,True
4.5594,False,2938.0,False,34.07,False
4.0313,False,869.0,True,36.62,False
1.1528,False,444.0,False,35.27,True
6.0538,False,3671.0,False,37.24,False
5.4087,False,2203.0,True,34.26,False
5.282,False,984.0,True,32.79,False
2.5863,True,2178.0,False,37.97,False
2.4375,False,935.0,False,33.91,False
0.8106,False,686.0,True,34.64,False
2.1864,False,2677.0,False,38.43,False
3.3239,True,4001.0,False,37.76,False
3.0,False,2693.0,False,36.08,True
4.0357,False,6358.0,False,33.29,False
3.6298,False,1081.0,False,34.06,True
4.45,False,2098.0,False,39.09,True
4.3696,False,8297.0,False,37.71,True
4.7891,False,1433.0,False,37.96,True
3.2929,False,4131.0,False,36.71,False
1.5284,False,622.0,False,34.1,False
5.2962,False,1826.0,False,34.14,False
3.7736,False,2910.0,False,34.07,False
2.4599,False,5137.0,False,34.06,False
6.0488,False,1783.0,False,33.82,False
5.6756,False,15201.0,True,34.21,False
1.7708,False,818.0,False,39.52,True
3.66,False,1588.0,False,34.22,False
3.8233,False,2024.0,True,32.75,False
2.5809,False,1485.0,False,36.7,True
3.6364,True,3337.0,False,37.68,False
3.363,False,13180.0,False,38.49,True
5.0267,False,4413.0,False,35.24,False
4.5833,False,4071.0,False,37.96,True
2.7917,False,1717.0,False,38.55,True
2.6579,False,1252.0,False,34.05,False
3.5129,False,2336.0,False,38.71,True
1.3289,False,1438.0,False,39.5,True
3.625,False,240.0,False,40.63,True
1.0349,False,2350.0,False,34.96,False
2.1782,False,1976.0,False,33.88,False
4.0417,False,1219.0,False,34.12,False
8.1163,True,2638.0,False,37.92,False
3.2011,False,2233.0,False,33.78,False
6.4504,False,2396.0,False,34.11,False
3.3844,False,3491.0,False,37.67,True
2.4708,False,3263.0,True,41.13,False
4.5701,False,3096.0,False,37.65,True
6.3331,False,2224.0,True,32.73,False
4.0433,False,3603.0,False,33.73,True
3.3942,False,446.0,False,33.98,False
5.1806,False,1302.0,True,36.97,False
4.9803,False,3963.0,False,33.83,False
4.9583,False,1792.0,False,33.84,False
3.6705,False,1467.0,False,34.16,True
1.2639,False,245.0,False,33.19,True
3.2689,True,5785.0,False,37.73,False
3.1734,True,2012.0,False,37.67,False
2.1728,False,1814.0,False,39.41,True
2.2574,False,2008.0,False,38.52,True
2.4583,False,1592.0,False,34.06,True
4.5547,False,2198.0,True,32.57,False
4.7821,False,4494.0,False,33.72,False
2.71,False,1279.0,False,38.52,True
2.8056,False,321.0,False,33.93,True
1.7986,False,1076.0,False,33.92,False
4.675,False,2206.0,False,33.94,False
3.3567,False,1959.0,False,37.65,True
3.0347,False,726.0,False,34.07,False
4.5918,False,3239.0,False,34.06,False
2.125,False,984.0,False,34.02,False
5.5954,False,4724.0,True,34.44,False
4.2448,False,3150.0,True,34.26,False
4.0658,False,1832.0,False,33.87,False
4.7703,True,2074.0,False,37.75,False
2.7048,False,2888.0,True,32.59,False
3.994,False,2547.0,False,38.01,True
1.69,False,820.0,False,37.91,True
8.0074,True,5252.0,False,37.85,False
6.7606,False,4974.0,True,37.51,False
3.1353,False,6072.0,False,33.74,False
3.6682,False,3162.0,False,37.34,False
4.5052,False,714.0,False,33.77,False
1.5132,False,1394.0,False,34.02,False
2.2599,False,2271.0,True,32.75,False
4.4357,True,3170.0,False,37.55,False
4.0048,False,2784.0,False,32.82,False
2.5245,False,12355.0,False,38.59,True
6.0102,False,4014.0,False,33.71,False
2.9243,False,1718.0,False,39.46,False
4.5263,False,2064.0,False,33.79,False
2.9625,False,3502.0,False,39.66,True
2.5234,False,1054.0,False,36.58,True
3.1471,False,1014.0,False,38.03,True
3.8833,False,2058.0,False,34.19,False
10.1154,False,7017.0,True,33.65,False
6.6458,False,3508.0,False,34.28,False
2.1116,False,3002.0,False,38.59,True
1.6797,False,677.0,False,39.73,True
4.0,False,48.0,False,37.33,True
3.9722,False,4149.0,False,34.0,False
2.5459,True,4162.0,False,37.94,False
5.3446,False,2738.0,True,37.66,False
3.5164,False,2734.0,False,34.2,False
1.725,True,2604.0,False,37.88,False
3.225,False,3270.0,False,34.2,False
2.6442,False,172.0,False,38.61,True
2.1164,False,1694.0,True,32.71,False
5.1893,True,2807.0,False,37.76,False
6.04,False,4608.0,False,32.84,False
3.2176,False,1245.0,False,34.11,True
5.6392,False,6154.0,False,34.26,False
1.6645,False,973.0,False,33.94,False
3.4279,False,1565.0,False,36.81,True
2.3036,False,1468.0,False,39.97,True
6.0266,False,2205.0,False,32.83,False
4.1993,False,2191.0,False,38.5,True
4.4531,False,5764.0,False,33.21,False
1.2275,False,1643.0,False,34.53,True
2.5536,False,1453.0,True,40.78,False
3.5968,False,7290.0,False,38.49,True
1.871,True,2424.0,False,37.77,False
1.8187,False,1011.0,True,32.7,False
4.8958,False,702.0,False,34.05,False
3.6231,False,9716.0,False,34.25,False
7.1108,True,1229.0,False,37.37,False
3.2868,False,1724.0,False,37.04,True
3.9833,False,2143.0,False,34.25,False
4.3859,False,2139.0,False,33.86,False
4.5764,False,1891.0,False,33.19,False
3.875,False,1984.0,True,33.8,False
2.824,False,2149.0,False,33.97,False
5.3743,False,2948.0,False,33.87,False
4.0057,False,2662.0,True,32.78,False
3.4419,False,7626.0,False,33.87,True
2.4583,False,1599.0,False,34.19,False
3.1875,False,2721.0,False,38.62,False
7.0712,True,2459.0,False,37.77,False
3.5625,False,4116.0,False,34.24,True
2.8864,False,1755.0,False,38.69,True
2.1845,False,701.0,False,39.3,True
3.7697,False,1736.0,False,36.79,True
3.4118,False,5478.0,False,34.05,False
4.4722,False,938.0,False,33.92,False
2.239,False,2115.0,False,34.03,False
3.6667,False,2183.0,False,34.11,False
5.3169,False,760.0,False,33.89,False
1.9851,False,2732.0,False,38.91,True
2.0455,False,2628.0,False,39.48,True
5.1691,True,2591.0,False,37.91,False
1.6849,False,5293.0,False,33.93,True
5.1619,False,1951.0,False,34.25,False
1.8929,False,867.0,False,33.98,False
3.5469,False,991.0,False,38.03,True
3.5179,True,1489.0,False,37.4,False
3.5541,False,4026.0,False,34.33,False
7.3445,False,2085.0,False,37.89,True
1.6509,False,720.0,False,33.69,True
2.625,False,2168.0,False,36.77,True
5.1104,False,2862.0,False,37.27,False
2.1284,False,1839.0,False,37.96,True
5.1629,False,2039.0,False,37.73,True
3.1923,False,2344.0,False,33.88,False
3.3326,False,1580.0,False,34.12,False
2.3,False,1174.0,False,38.14,True
4.75,False,1798.0,False,34.0,False
2.2125,False,1552.0,False,33.9,False
2.1173,False,2041.0,False,34.03,False
5.7214,False,2181.0,False,34.12,True
4.7026,False,2211.0,False,33.81,False
2.7694,True,5018.0,False,37.65,False
5.4555,False,1471.0,False,34.12,True
3.7396,False,2453.0,False,37.36,False
3.1691,False,1525.0,False,34.1,False
3.88,False,2690.0,False,34.14,True
3.6895,False,4721.0,False,37.12,False
1.7446,False,1858.0,True,32.75,False
5.748,False,4946.0,True,37.63,False
3.8068,False,1310.0,False,33.87,False
4.2381,False,3536.0,True,34.27,False
4.5938,False,1688.0,True,32.73,False
3.6339,False,3915.0,False,33.98,True
2.631,False,6121.0,False,39.16,False
2.8306,False,2202.0,False,39.64,True
1.7333,False,689.0,False,40.45,True
4.375,False,1139.0,False,33.89,False
2.8281,False,883.0,False,34.05,True
2.2344,False,1375.0,True,33.77,False
2.7159,False,2623.0,False,36.81,True
5.2563,False,2828.0,False,34.24,True
4.381,False,2084.0,False,36.15,True
4.0966,False,1682.0,False,33.94,True
4.4663,False,1941.0,False,33.81,False
5.1068,False,1865.0,False,34.25,False
3.625,False,1288.0,False,38.39,False
4.7266,False,1862.0,False,33.98,False
6.1946,False,5205.0,False,34.27,False
5.1071,False,1183.0,True,37.47,False
3.0965,False,5825.0,False,34.02,False
1.9045,True,11709.0,False,37.43,False
5.0747,False,984.0,False,33.84,False
4.0391,False,1616.0,False,34.16,False
4.6111,False,2019.0,False,33.84,False
1.6652,False,1783.0,False,39.15,True
1.5026,False,1823.0,False,33.75,False
1.6221,False,1733.0,False,34.0,False
3.0577,False,1204.0,False,33.99,False
5.6895,False,4567.0,False,37.27,False
4.6458,False,3983.0,False,33.82,False
3.9575,False,4534.0,False,33.93,False
3.335,False,3136.0,False,36.19,True
3.9812,False,3006.0,False,38.75,True
4.7341,False,10175.0,False,33.66,False
2.4827,False,5496.0,False,38.36,False
3.9191,False,5451.0,False,34.06,True
3.5341,False,2321.0,True,32.7,False
5.1014,True,14125.0,False,38.12,False
4.4085,False,4114.0,False,38.85,True
1.9342,False,2293.0,False,36.39,True
2.5156,True,1415.0,False,37.68,False
2.875,False,1667.0,False,35.37,True
3.6607,False,2550.0,False,39.18,True
2.625,False,1786.0,False,33.91,False
3.7833,False,1890.0,False,39.07,False
4.5,False,3250.0,False,37.24,False
3.6875,True,1235.0,False,37.78,False
6.6854,False,3364.0,False,38.51,False
4.8359,False,1724.0,False,34.26,False
3.0549,False,4843.0,False,40.58,True
2.8393,False,3339.0,False,33.38,False
5.7812,False,3526.0,False,37.28,False
2.0938,False,348.0,False,32.75,True
5.8666,False,1328.0,False,34.01,False
3.0078,False,2795.0,False,34.17,True
3.7167,False,2795.0,False,33.8,False
1.9286,False,1622.0,False,34.13,True
2.2417,False,3533.0,True,33.85,False
1.7945,False,4291.0,False,34.01,False
3.5804,False,3066.0,False,34.14,False
4.6366,False,2709.0,True,37.49,False
4.1554,False,2951.0,False,37.28,False
4.1739,False,2637.0,False,34.09,True
3.175,False,2144.0,False,38.4,True
6.439,False,9859.0,True,33.06,False
5.485,True,2974.0,False,37.44,False
4.3281,False,974.0,True,36.62,False
6.8492,False,1075.0,False,33.99,False
6.7287,False,3992.0,False,37.22,False
2.6184,False,1768.0,False,33.88,False
4.125,False,3900.0,True,32.98,False
4.1445,False,2921.0,False,34.19,False
2.6591,False,1705.0,False,37.59,True
5.8587,False,2425.0,False,34.04,False
2.0708,False,1408.0,False,38.92,True
4.0417,False,912.0,False,34.12,False
3.6422,False,1199.0,False,33.82,False
4.6563,False,3260.0,False,34.04,True
4.6528,False,2911.0,False,34.28,False
2.2898,False,963.0,False,36.96,True
6.1395,False,7105.0,False,33.68,False
1.3417,False,1697.0,False,33.78,True
4.6776,False,6638.0,False,35.13,False
1.2059,False,1781.0,False,33.98,False
3.1958,False,2076.0,True,37.71,False
5.3765,False,2185.0,True,34.74,False
4.3,False,1619.0,True,36.61,False
4.5333,False,2255.0,True,34.1,False
8.5621,False,2111.0,False,33.89,False
4.3214,False,871.0,True,34.41,False
1.7292,False,99.0,False,36.95,True
2.2174,False,1843.0,False,34.16,False
1.4861,False,545.0,False,33.93,False
3.0543,False,2095.0,False,36.33,False
3.375,False,3055.0,False,34.01,False
2.8884,False,3340.0,False,34.15,False
2.5556,False,1989.0,False,39.21,True
3.1765,False,2170.0,False,34.15,True
3.9338,False,2056.0,False,36.8,True
3.3315,False,1748.0,False,40.45,True
3.0,False,1599.0,False,39.76,True
3.358,False,3977.0,False,34.1,False
4.4792,False,1898.0,False,37.31,False
2.3942,False,2723.0,False,38.58,True
5.8416,False,2022.0,False,38.57,True
7.3715,False,821.0,False,34.15,False
2.9018,True,610.0,False,37.85,False
3.8571,False,1237.0,False,37.37,False
3.0865,False,3299.0,False,34.24,False
2.1141,False,852.0,False,34.05,True
5.3243,False,1285.0,False,38.59,True
3.5673,False,1740.0,False,34.11,False
4.6855,False,4423.0,False,33.88,True
3.1691,True,1758.0,False,37.81,False
4.125,False,2867.0,False,34.21,False
4.6944,False,3214.0,False,34.28,False
3.2125,False,552.0,False,34.68,True
1.8958,False,1263.0,False,32.81,True
3.2375,False,1756.0,False,33.88,False
2.0467,False,2198.0,False,34.09,False
2.84,False,1807.0,False,33.94,False
2.569,False,3587.0,False,35.4,True
2.3958,False,277.0,False,34.14,False
3.7014,True,2917.0,False,38.15,False
1.6635,False,1018.0,False,36.51,True
3.0703,False,1833.0,True,37.72,False
1.5917,False,1401.0,False,37.3,True
2.9167,False,1294.0,False,33.61,True
2.7466,False,2222.0,False,34.11,False
2.5893,False,1344.0,False,36.1,True
1.9833,False,1618.0,False,39.04,True
4.625,False,870.0,False,34.12,True
3.7083,False,1262.0,False,34.16,False
4.2054,False,3657.0,False,34.04,True
3.538,False,1513.0,False,40.97,False
4.8264,False,1537.0,False,33.9,False
5.1583,False,1964.0,False,33.68,False
2.5382,True,1817.0,False,37.96,False
5.0322,False,1584.0,True,33.85,False
3.6429,True,2058.0,False,37.74,False
2.4559,False,1470.0,False,40.89,False
3.3036,False,890.0,False,40.51,True
5.5351,False,6112.0,False,33.55,False
6.381,True,3078.0,False,37.89,False
3.1786,False,1775.0,False,38.68,True
3.6312,False,2125.0,False,37.76,True
4.7386,False,1062.0,False,37.16,False
3.7303,False,4267.0,False,35.74,False
3.1435,False,1235.0,False,34.15,False
4.7097,False,2472.0,False,34.56,True
3.6548,False,3334.0,False,34.3,False
6.2475,False,1992.0,False,37.34,False
4.1675,False,4089.0,False,36.7,False
5.5,False,1864.0,False,37.26,False
4.1587,True,2116.0,False,37.92,False
3.4911,False,3660.0,False,35.08,True
2.3611,False,511.0,False,34.06,False
4.7019,False,1740.0,False,34.07,False
4.2708,True,1088.0,False,37.71,False
5.4306,False,1805.0,False,34.23,False
3.2788,False,695.0,False,40.48,True
0.922,False,459.0,False,33.36,True
2.0893,False,1185.0,False,37.93,True
3.2125,False,1834.0,True,34.4,False
7.2392,False,4624.0,False,33.77,False
2.2813,False,1138.0,False,34.02,False
2.7317,False,2394.0,False,33.94,False
3.9028,False,3419.0,False,34.08,True
2.9258,False,3433.0,True,32.8,False
3.0139,False,3312.0,False,34.14,True
3.0216,False,2692.0,True,40.79,False
1.8021,False,1897.0,False,36.82,True
6.2953,True,2170.0,False,37.92,False
2.1667,True,1388.0,False,37.73,False
2.5893,False,2250.0,True,40.95,False
4.5417,True,2538.0,False,37.65,False
5.0866,False,1440.0,False,37.36,False
1.3241,False,1714.0,False,34.06,False
7.0691,False,5519.0,False,37.57,False
2.2727,False,1089.0,False,35.42,True
1.725,False,2235.0,True,40.88,False
2.3194,False,1870.0,True,32.58,False
5.3167,False,2052.0,False,37.33,False
4.6357,False,23915.0,True,33.15,False
1.1681,False,1361.0,True,32.7,False
3.6039,True,3023.0,False,38.3,False
4.8173,False,2495.0,False,34.04,True
2.6083,True,1963.0,False,37.77,False
5.0445,True,1217.0,False,37.96,False
3.9167,False,1578.0,True,37.71,False
5.716,False,9147.0,False,34.25,False
2.6914,True,1567.0,False,37.77,False
4.9271,False,2837.0,False,33.99,False
3.3368,False,4597.0,False,34.43,True
8.1111,False,1939.0,False,33.71,False
3.6023,False,207.0,False,37.71,True
3.6042,False,1152.0,False,32.79,True
3.7852,False,2190.0,True,36.55,False
3.1765,False,2373.0,False,34.08,False
5.1647,False,3958.0,False,34.04,True
3.8201,False,6269.0,False,34.02,False
6.5814,True,3398.0,False,37.87,False
0.949,True,1204.0,False,37.87,False
6.9741,False,2592.0,False,33.64,False
2.66,False,2077.0,False,34.01,False
2.1311,False,2191.0,True,33.78,False
3.2857,False,1152.0,False,33.89,False
2.2101,False,2534.0,False,39.86,True
4.8594,False,1960.0,False,34.1,False
4.8013,False,2987.0,False,33.84,False
3.8438,False,1088.0,False,33.32,False
7.9814,False,5661.0,False,34.15,False
4.5303,True,410.0,False,37.65,False
7.0177,False,1800.0,False,33.29,False
3.6853,False,2183.0,False,40.63,True
3.892,False,3879.0,False,34.19,False
1.6955,False,2255.0,False,34.02,False
3.6273,False,7722.0,False,33.61,False
1.1311,False,1523.0,False,32.67,True
3.1711,True,1313.0,False,38.01,False
2.9632,False,1739.0,True,37.75,False
2.9479,False,2949.0,False,34.55,True
2.0441,False,1069.0,False,35.06,True
6.1244,False,1504.0,True,37.47,False
8.3209,False,4711.0,False,37.81,True
6.0433,True,4536.0,False,38.07,False
5.0453,False,2757.0,False,37.37,False
3.425,False,1116.0,False,33.96,False
3.0854,False,2603.0,False,34.11,True
5.615,True,10839.0,False,38.08,False
5.0875,False,1694.0,False,33.73,False
1.1868,False,2324.0,False,34.06,False
1.6686,False,1312.0,False,32.81,False
4.2292,False,1589.0,False,34.99,True
4.0987,False,3325.0,True,37.58,False
2.9479,False,2136.0,True,34.6,False
2.1458,False,2390.0,False,40.71,True
1.608,False,1405.0,False,34.06,True
3.4471,True,2335.0,False,38.0,False
8.6573,False,2196.0,False,34.14,True
6.0076,False,8096.0,False,33.91,False
2.3,False,3008.0,True,33.79,False
3.6071,False,1325.0,False,34.2,False
2.0523,True,1625.0,False,38.02,False
4.2625,True,1677.0,False,37.89,False
6.5268,False,1762.0,False,34.23,False
2.225,False,1834.0,False,34.14,True
4.5357,False,6296.0,False,37.69,True
6.187,True,3866.0,False,37.72,False
2.3464,False,2242.0,False,38.35,False
3.0465,False,2527.0,True,37.76,False
3.9643,False,1832.0,True,34.16,False
4.95,False,1812.0,True,37.5,False
3.3281,False,3179.0,False,33.8,False
2.2,False,2094.0,False,33.11,False
3.4821,False,9885.0,False,37.52,True
4.625,False,3808.0,False,33.94,False
5.2138,False,5330.0,False,33.69,False
2.4423,False,2202.0,False,39.07,True
2.2619,False,3192.0,False,38.13,True
6.8198,False,833.0,True,37.85,False
8.0379,False,541.0,False,38.69,True
2.5964,False,1179.0,False,34.07,False
3.7462,True,6243.0,False,37.59,False
3.3125,False,2284.0,False,33.73,False
3.2875,True,154.0,False,37.94,False
1.3973,False,2456.0,False,34.12,True
7.6933,False,1921.0,False,37.22,False
6.1632,True,2639.0,False,37.92,False
2.9402,False,2248.0,False,35.3,True
5.6047,False,988.0,False,33.81,False
5.1155,False,3482.0,False,33.81,False
3.7352,False,4073.0,False,38.68,False
2.8226,False,5434.0,False,38.71,True
4.3333,False,1694.0,False,33.88,False
3.1047,False,2826.0,False,38.4,False
3.4583,True,3046.0,False,37.7,False
1.9779,False,1407.0,False,33.99,False
2.5083,False,4812.0,False,38.75,True
4.625,False,1079.0,False,34.09,False
2.125,False,1722.0,False,33.98,False
4.3451,False,4195.0,False,36.71,False
2.8348,False,2715.0,False,36.91,False
1.7656,False,1604.0,False,33.96,False
3.2993,False,1305.0,False,38.13,True
3.0259,False,3149.0,True,32.74,False
5.5693,False,523.0,False,37.99,True
2.6771,False,525.0,False,34.11,True
2.5238,False,2086.0,False,34.07,True
6.6277,False,1666.0,False,34.24,False
1.875,False,1276.0,False,39.56,True
3.6944,False,2741.0,False,34.08,True
3.1513,False,2591.0,False,33.71,False
7.5139,False,7479.0,False,37.84,True
3.2578,False,2233.0,False,33.94,True
4.7944,False,2744.0,False,33.61,False
3.5954,False,5301.0,False,34.04,True
4.0893,False,1509.0,False,33.8,False
4.1708,False,1250.0,False,33.89,False
4.6442,False,2966.0,False,34.11,False
1.8419,False,2327.0,False,35.74,True
3.5982,False,2682.0,False,38.01,True
3.7986,False,4670.0,False,34.14,False
5.1408,False,1549.0,False,34.27,False
3.1667,False,2087.0,False,34.19,False
2.8,False,1380.0,False,33.96,False
2.6172,False,1950.0,False,34.15,False
3.5967,False,2448.0,False,33.75,False
2.1818,False,2608.0,False,35.4,True
2.3352,False,1089.0,False,33.94,False
5.6918,False,5048.0,False,33.67,True
3.0907,False,8443.0,False,33.92,True
2.883,False,2368.0,False,37.84,True
2.1094,False,711.0,True,34.91,False
1.7208,False,2301.0,False,33.77,False
4.1378,False,4092.0,False,33.83,False
2.7593,False,3065.0,False,34.34,False
2.7679,False,2129.0,False,38.56,True
1.5217,False,2231.0,False,32.97,True
5.2528,False,3075.0,False,37.27,False
1.7961,False,204.0,True,32.67,False
4.1645,False,2763.0,True,32.7,False
2.1793,False,1274.0,False,33.99,False
4.515,False,5301.0,False,38.92,True
3.7734,False,2520.0,False,33.76,False
3.6923,False,2213.0,False,40.54,True
2.1571,False,1291.0,False,34.84,True
5.3096,False,2347.0,True,33.81,False
2.0,False,1837.0,False,33.98,False
2.8021,False,1191.0,False,38.55,True
2.875,True,1848.0,False,37.77,False
4.0848,False,4839.0,False,39.13,True
3.1923,False,2669.0,True,32.72,False
2.8871,False,2828.0,False,39.61,True
3.1771,False,3101.0,False,32.74,False
5.3451,False,3323.0,False,38.73,True
2.2201,False,1792.0,True,32.68,False
2.6065,False,3869.0,False,38.74,True
3.8,False,1882.0,False,34.26,False
5.2861,False,16431.0,False,33.85,True
2.0313,False,408.0,False,36.09,True
5.3905,False,5080.0,True,33.08,False
4.6786,True,4371.0,False,37.59,False
2.1061,False,4717.0,False,37.39,True
6.4788,False,2773.0,False,37.69,True
2.7366,False,1630.0,False,34.08,False
2.2024,False,570.0,False,37.76,True
4.25,False,6517.0,False,33.68,False
4.8214,False,1318.0,False,37.32,True
2.5383,False,5692.0,False,33.69,True
5.9277,True,2835.0,False,37.44,False
2.3224,False,2609.0,False,34.06,False
2.13,False,1093.0,False,36.1,True
4.0911,False,1261.0,False,37.38,False
6.2177,False,4065.0,False,33.62,False
4.0714,False,2203.0,False,34.19,True
4.4643,False,1930.0,False,38.6,True
5.2131,False,2124.0,False,34.11,False
2.5625,True,1114.0,False,37.73,False
1.9688,False,1095.0,False,34.04,False
3.4777,False,2344.0,False,34.18,True
5.2396,False,4211.0,False,37.52,False
3.9044,False,2745.0,False,34.1,False
6.7769,False,1840.0,False,33.04,False
3.2589,False,725.0,False,33.88,False
6.912,False,4148.0,True,37.49,False
1.1875,False,346.0,False,35.38,True
2.2961,False,453.0,False,34.06,False
5.8704,True,5159.0,False,37.6,False
3.375,False,1248.0,False,37.82,False
4.1806,False,3241.0,True,32.83,False
3.2333,False,1448.0,False,34.11,False
3.5,False,3532.0,False,34.12,True
2.5938,False,3876.0,False,38.34,True
2.3333,False,949.0,False,37.42,True
3.875,False,1287.0,False,34.0,False
6.0,False,2041.0,False,34.15,True
3.8307,False,3122.0,False,35.38,True
4.15,False,822.0,False,38.51,True
2.2244,False,1307.0,False,38.43,True
2.1042,False,343.0,False,33.82,True
2.0804,False,1060.0,False,33.91,False
2.7639,False,254.0,False,39.04,True
4.5066,False,1971.0,False,34.06,True
2.095,False,470.0,False,34.06,False
1.8229,True,1319.0,False,37.99,False
3.6023,False,2054.0,True,34.69,False
0.4999,False,15.0,False,33.9,False
7.4201,False,3012.0,False,36.83,True
3.4286,False,1307.0,False,32.84,False
1.0714,False,1711.0,True,33.77,False
1.8801,False,1702.0,False,35.37,True
5.759,False,2512.0,False,34.38,False
2.1516,True,1254.0,False,37.78,False
5.4925,False,2345.0,False,33.82,False
1.7875,False,1676.0,False,39.76,True
1.8432,False,1080.0,True,34.44,False
2.2717,False,3406.0,False,39.83,True
3.9187,False,5775.0,False,37.31,False
5.6631,False,16450.0,True,32.65,False
4.4122,False,1973.0,False,34.16,False
2.1136,False,666.0,False,32.8,True
3.821,False,5066.0,False,33.55,False
3.7,False,1912.0,False,40.19,True
2.6987,False,1899.0,False,40.58,False
3.102,False,1229.0,False,33.69,False
1.8438,False,1691.0,False,34.14,True
4.1528,False,1474.0,False,35.34,True
2.4083,True,773.0,False,37.81,False
2.3105,False,5062.0,False,34.07,False
2.1736,False,1707.0,False,34.05,False
3.3466,False,1829.0,False,37.96,True
1.8512,False,2809.0,False,38.57,True
6.1805,False,1829.0,False,38.04,True
5.6958,False,4713.0,False,37.23,False
6.0901,True,3866.0,False,37.95,False
5.4217,False,1747.0,False,33.88,False
2.6823,False,1759.0,False,36.7,True
6.3132,False,2876.0,False,37.69,False
4.4135,True,1967.0,False,37.98,False
4.2596,False,961.0,False,33.91,False
6.6049,False,2169.0,False,37.93,True
3.462,False,9374.0,False,37.7,True
3.0992,False,3648.0,True,32.56,False
2.02,False,1703.0,False,34.05,False
3.8897,False,2634.0,False,38.36,True
1.4577,False,1481.0,False,36.71,True
2.6136,False,1111.0,False,34.09,False
2.8274,False,2224.0,False,33.99,False
0.78,False,1051.0,False,36.33,True
2.4286,False,993.0,False,37.34,True
2.3571,False,2864.0,False,37.99,True
4.5045,False,1807.0,False,37.31,False
1.7708,False,527.0,False,34.28,False
2.8835,False,6352.0,False,33.78,False
4.2083,False,4175.0,False,34.18,False
6.9405,False,2236.0,False,36.88,True
4.7308,False,1207.0,False,33.83,False
3.675,True,157.0,False,37.76,False
4.4306,False,2203.0,False,34.09,False
4.9844,False,2671.0,False,34.11,True
3.9699,False,5114.0,True,37.54,False
7.4947,False,37937.0,False,33.89,False
5.3972,False,2695.0,True,36.97,False
2.25,False,790.0,True,34.28,False
4.4519,False,1814.0,False,38.61,True
3.4643,True,1472.0,False,37.69,False
5.3107,False,2132.0,False,34.28,False
2.2161,False,3674.0,False,33.74,True
4.2051,False,1328.0,False,33.94,False
3.0903,False,3054.0,False,38.72,True
4.3269,False,3852.0,False,36.59,False
4.7566,False,2741.0,False,37.99,True
1.7348,True,1007.0,False,37.82,False
1.3021,False,954.0,False,34.06,True
3.0253,False,7744.0,False,39.75,True
2.1111,False,1897.0,False,39.16,True
2.6719,False,842.0,False,33.88,False
4.875,False,1520.0,False,33.78,False
1.7596,False,592.0,False,36.32,True
4.1731,False,1340.0,False,34.05,False
2.0,False,2403.0,False,34.13,True
1.9946,True,1267.0,False,38.32,False
1.6036,False,751.0,False,34.01,False
2.4567,False,2413.0,False,32.71,False
3.4213,False,6102.0,False,36.78,True
5.1242,False,1532.0,False,34.17,False
4.0931,False,5211.0,False,32.85,False
2.5234,False,861.0,False,34.13,True
3.267,False,2066.0,False,38.48,False
8.7015,False,3414.0,False,33.78,False
3.3292,False,2210.0,False,33.94,False
3.0704,False,6235.0,True,33.19,False
3.8214,False,2282.0,False,37.69,True
3.5,False,2049.0,False,38.16,True
4.4615,False,1972.0,False,32.92,False
4.6875,False,2291.0,True,32.82,False
3.7361,False,2181.0,True,37.75,False
2.9615,False,2949.0,False,35.12,False
3.1812,False,765.0,False,37.38,False
2.2262,False,1649.0,False,33.65,False
2.4167,True,2246.0,False,37.85,False
2.9469,True,2549.0,False,38.1,False
3.1597,False,3144.0,False,33.87,False
2.4167,False,355.0,False,36.71,True
2.5898,True,2432.0,False,37.83,False
5.2803,True,2445.0,False,37.42,False
6.148,False,1903.0,False,33.97,False
5.4122,False,2036.0,False,34.11,False
3.1757,False,1710.0,True,34.28,False
4.5281,True,2361.0,False,37.61,False
3.95,True,1394.0,False,37.74,False
1.8112,False,4174.0,True,32.69,False
3.8125,False,3167.0,False,38.65,True
1.4668,False,1398.0,True,40.79,False
3.3393,False,1888.0,False,33.85,False
5.2362,False,4094.0,False,38.55,True
1.2292,False,344.0,True,32.72,False
3.6343,False,2319.0,False,36.22,True
4.3571,False,1049.0,True,36.63,False
1.2575,False,2177.0,False,38.52,True
1.4952,False,1518.0,True,39.88,False
4.0156,False,2668.0,False,38.04,True
2.6864,False,6346.0,True,35.44,False
2.2222,False,1900.0,False,37.35,True
1.0951,False,2198.0,False,34.12,True
6.6959,False,3559.0,True,37.52,False
2.8833,True,1226.0,False,37.94,False
1.5,False,3375.0,True,32.71,False
1.6901,False,2016.0,False,33.99,False
2.3929,False,2855.0,False,37.28,True
5.0359,False,4280.0,False,38.55,True
4.2344,False,2918.0,False,34.1,False
3.9833,False,3675.0,True,37.55,False
2.7917,False,995.0,False,34.04,False
3.25,False,380.0,False,39.13,True
2.0625,False,3355.0,False,38.12,True
6.8742,True,4921.0,False,37.88,False
2.0625,False,1112.0,True,34.4,False
2.9507,True,2341.0,False,37.69,False
3.3125,False,1028.0,False,33.94,False
2.1781,False,2286.0,False,34.06,False
4.0714,False,2967.0,False,39.01,True
3.6815,False,2178.0,False,33.82,False
3.2891,False,2574.0,True,37.57,False
2.3125,False,2862.0,False,35.79,True
5.4886,False,6719.0,False,38.54,False
6.2152,False,843.0,False,32.79,False
3.0403,False,3501.0,False,34.03,True
2.3917,False,1008.0,False,38.13,True
1.5972,False,1625.0,False,40.58,True
1.56,False,3185.0,False,38.63,True
4.1842,False,1706.0,True,34.36,False
2.1413,False,248.0,False,34.62,True
3.0491,False,2000.0,False,34.19,False
2.6598,False,2666.0,False,36.85,True
2.7381,False,2874.0,False,37.48,True
4.0208,False,40.0,True,34.22,False
3.9864,False,5608.0,False,37.71,True
4.5493,False,1769.0,True,37.66,False
3.2386,True,1295.0,False,37.6,False
5.997,False,9259.0,False,34.22,False
1.3672,False,957.0,False,39.73,True
3.6597,False,3457.0,True,36.95,False
1.6318,False,928.0,True,33.2,False
2.4583,False,404.0,False,37.77,True
6.7196,False,2491.0,False,32.79,False
2.4283,False,3739.0,False,39.26,True
4.325,False,1867.0,False,37.3,False
2.1111,True,548.0,False,37.73,False
6.3489,False,1814.0,False,33.9,False
2.9,False,2325.0,False,38.75,True
1.2786,False,993.0,False,34.05,False
5.5882,False,9911.0,False,32.97,False
3.4107,False,630.0,False,34.13,True
7.8588,False,4062.0,False,34.17,True
2.2604,False,2226.0,True,32.76,False
5.1929,False,1786.0,False,33.87,True
0.9948,False,968.0,False,38.55,True
3.52,False,3425.0,False,34.14,True
4.8017,False,2302.0,False,34.1,True
2.1139,False,2936.0,False,34.07,True
6.0577,False,5404.0,False,37.34,False
6.0936,False,2418.0,False,37.28,False
4.6731,False,1664.0,False,34.22,False
2.5509,False,1855.0,False,33.83,False
3.3003,False,3056.0,True,33.78,False
1.9405,False,1256.0,False,36.86,True
3.75,False,2687.0,True,32.56,False
5.3701,False,1257.0,False,33.8,False
1.4786,False,1807.0,False,35.38,True
3.0625,False,1577.0,False,35.41,True
2.1078,False,1724.0,False,33.96,False
3.4,False,777.0,False,34.27,False
5.2987,False,6572.0,False,34.32,False
4.7208,False,2813.0,False,33.78,False
2.7321,False,4032.0,True,40.9,False
2.0437,False,3005.0,False,34.04,False
4.4063,False,3661.0,False,34.27,True
3.6806,False,2110.0,False,34.13,True
1.7567,False,5445.0,False,34.59,True
2.2596,False,1025.0,False,34.07,True
1.9797,False,1826.0,False,38.96,True
7.916,False,3309.0,False,32.8,False
4.0812,False,1306.0,False,33.88,False
1.975,False,2265.0,True,34.65,False
4.962,False,3729.0,False,39.24,True
3.369,False,3421.0,False,32.8,False
3.7933,False,975.0,False,34.07,True
2.1362,False,3817.0,True,32.72,False
3.125,True,2206.0,False,37.94,False
3.2132,False,1258.0,False,34.06,False
2.9554,False,3451.0,False,36.5,True
5.3409,False,1575.0,False,38.48,False
2.9565,False,4177.0,False,36.8,True
5.8127,False,2034.0,False,37.31,False
3.5305,False,2750.0,False,40.2,True
4.4236,False,2301.0,False,34.1,True
2.6321,True,4124.0,False,37.7,False
3.8929,False,1935.0,False,34.1,True
4.2813,False,596.0,False,38.13,True
3.274,False,4426.0,False,33.89,False
3.22,True,2198.0,False,37.78,False
5.4011,False,2569.0,True,33.75,False
2.325,False,1749.0,False,39.22,True
4.3125,False,2845.0,True,37.88,False
3.5094,False,2274.0,False,33.84,False
1.6607,False,217.0,True,32.71,False
3.148,False,2001.0,False,37.64,True
1.7165,False,1408.0,False,36.54,True
3.3542,False,904.0,False,34.03,False
2.95,False,2086.0,False,33.87,False
6.2089,False,6459.0,False,34.12,True
5.0865,False,1692.0,False,34.2,False
1.7596,False,67.0,False,38.68,True
3.1711,False,1735.0,False,38.23,False
4.955,False,9153.0,False,33.0,False
1.4712,False,1124.0,False,38.57,True
4.8966,False,4126.0,True,37.48,False
1.7542,False,2275.0,False,34.08,False
3.5806,False,3136.0,False,34.11,False
3.0257,True,862.0,False,37.78,False
4.9537,True,3688.0,False,37.74,False
3.0714,False,2670.0,False,34.04,False
2.0,False,2839.0,False,33.95,False
5.0393,False,2199.0,False,34.16,True
3.5714,False,1658.0,False,37.98,True
2.4297,False,2279.0,True,32.76,False
3.1599,False,3289.0,False,36.33,True
4.7159,False,1114.0,False,37.68,True
2.3269,False,964.0,False,37.94,True
6.4271,True,1256.0,False,37.98,False
4.0577,False,2401.0,False,36.31,True
4.2375,False,2536.0,False,35.5,True
5.7709,False,2000.0,False,33.65,False
2.7159,False,1549.0,False,36.37,True
4.7685,False,8745.0,False,37.39,False
4.2614,False,2219.0,False,33.87,False
4.9464,False,1259.0,False,32.91,False
4.023,False,5315.0,False,38.42,False
4.5,True,1760.0,False,38.01,False
3.8583,False,1658.0,True,37.71,False
2.2339,False,1489.0,False,33.99,False
2.4632,False,1561.0,False,34.09,False
2.6038,False,1665.0,False,34.15,False
5.5792,False,1898.0,False,34.26,False
5.2868,True,3175.0,False,37.84,False
4.3879,False,6992.0,False,38.46,True
3.6618,False,1265.0,False,33.83,True
3.7778,False,2571.0,True,34.64,False
3.9306,False,686.0,False,38.41,True
3.4426,False,4956.0,False,37.73,True
4.2917,False,1348.0,False,34.04,False
3.2056,False,5954.0,False,34.12,True
2.0405,False,1941.0,False,34.04,False
4.25,False,1840.0,False,34.19,False
4.0313,False,2344.0,False,38.27,False
4.375,False,2396.0,False,37.35,False
3.1397,False,1913.0,False,37.64,True
6.3373,False,5320.0,True,33.09,False
2.1046,False,3189.0,False,34.03,False
4.3548,False,4754.0,False,32.97,False
2.9085,False,3634.0,False,36.6,False
2.7262,False,4929.0,False,38.48,True
2.9469,False,2342.0,True,33.19,False
4.0616,False,3920.0,True,32.59,False
3.5417,False,1775.0,False,34.16,False
2.5893,False,1116.0,False,39.75,True
5.75,False,2239.0,False,37.72,True
2.0417,False,2010.0,False,38.64,True
2.2621,False,2976.0,False,39.74,True
3.3824,False,1825.0,False,34.05,False
3.5,False,2979.0,False,34.2,False
3.6094,False,1717.0,False,34.19,False
4.2411,False,1164.0,False,34.03,False
3.0739,False,1751.0,False,33.88,False
2.5544,False,992.0,True,33.78,False
1.1912,False,1856.0,False,38.97,True
2.2462,False,4019.0,False,41.32,True
2.1875,False,3240.0,False,40.42,True
2.7857,False,3146.0,False,36.35,True
3.4605,False,1533.0,False,33.84,False
3.1912,False,3182.0,False,33.73,False
4.2099,False,6513.0,False,33.96,False
1.6045,False,2332.0,False,35.76,True
5.125,False,1382.0,False,33.9,False
3.2705,True,3503.0,False,37.85,False
4.1518,False,1786.0,False,34.2,True
8.3188,False,6488.0,False,37.81,False
3.6111,False,540.0,False,38.94,True
7.3023,True,3584.0,False,37.43,False
4.3429,False,3581.0,True,37.07,False
2.4135,False,515.0,False,34.02,False
3.5192,False,2748.0,False,38.57,True
3.9519,False,4331.0,True,32.64,False
3.1592,False,5050.0,False,35.15,True
3.5664,False,1469.0,True,32.68,False
3.2338,False,2770.0,False,38.14,True
2.2794,False,2363.0,False,36.99,True
6.7371,False,6290.0,False,37.95,True
5.7376,False,3051.0,False,34.28,False
4.9083,True,2261.0,False,37.9,False
4.7361,False,5533.0,False,37.7,True
3.7663,False,1512.0,False,34.22,False
4.7778,True,1565.0,False,37.77,False
2.7857,False,1527.0,True,32.78,False
3.5912,True,2515.0,False,37.75,False
3.8365,False,2240.0,False,34.14,False
1.9875,True,531.0,False,38.29,False
1.8523,True,2123.0,False,38.01,False
2.2368,False,1400.0,False,34.03,False
5.9245,False,2134.0,True,37.73,False
3.3625,False,4545.0,False,37.99,True
4.1444,False,6160.0,False,37.29,False
4.6923,False,2395.0,False,33.96,False
7.6473,False,3354.0,False,37.8,False
4.875,False,334.0,True,33.45,False
3.4205,True,1985.0,False,37.78,False
6.0902,True,7174.0,False,38.03,False
3.654,False,5430.0,True,32.75,False
5.9378,False,1613.0,False,37.35,True
4.6923,False,1165.0,False,33.95,False
2.9231,False,1342.0,False,33.8,False
2.9647,False,3349.0,False,39.16,True
2.7986,False,3313.0,False,33.34,False
1.9107,False,26.0,True,32.68,False
5.2206,False,6106.0,False,34.28,False
2.7907,False,5765.0,False,38.02,True
3.668,False,2595.0,False,33.47,False
4.7973,False,3519.0,False,32.75,False
4.0114,False,2167.0,False,34.1,True
3.6645,False,2574.0,False,38.47,True
3.1042,False,2644.0,False,37.28,False
6.0809,False,5639.0,True,37.08,False
6.9135,False,2010.0,False,34.17,False
4.1518,False,1276.0,False,34.16,False
3.48,False,3170.0,False,37.31,True
3.8819,False,1489.0,False,34.44,False
5.2446,False,3913.0,False,34.04,False
3.175,False,768.0,False,33.83,False
4.625,False,1737.0,False,33.89,False
3.0221,False,596.0,False,33.18,False
4.1477,False,2381.0,False,33.79,False
2.1964,False,2369.0,False,33.98,False
1.4007,False,2033.0,False,38.5,True
4.45,True,7803.0,False,37.93,False
4.9821,False,4151.0,False,33.87,False
6.7977,False,5252.0,False,34.18,False
4.9643,False,1089.0,False,34.25,True
2.0187,False,1141.0,False,33.94,False
3.9718,False,6103.0,True,34.18,False
4.2414,False,2071.0,False,37.3,False
3.7813,False,3376.0,False,34.12,False
4.275,False,1852.0,False,34.08,True
3.5114,True,1382.0,False,37.68,False
3.7036,True,2342.0,False,37.77,False
3.1635,False,2075.0,False,34.02,False
2.25,False,1955.0,False,36.2,True
5.0479,False,6728.0,True,37.63,False
3.6201,False,3481.0,False,34.11,True
5.5106,False,3587.0,True,33.82,False
4.359,True,2940.0,False,37.4,False
6.9418,False,1692.0,False,34.14,True
3.8214,False,1380.0,False,33.83,False
3.4861,False,1973.0,False,34.01,False
2.7019,False,3004.0,False,33.19,False
4.7,False,1866.0,True,37.61,False
5.7059,False,1582.0,False,37.36,False
3.5625,False,774.0,False,38.62,True
4.6293,False,1649.0,True,32.78,False
4.0735,False,1068.0,False,33.82,False
2.0174,False,3815.0,False,35.26,True
5.3733,False,3567.0,False,34.5,True
6.2296,False,1299.0,False,37.94,True
3.9356,False,4308.0,True,32.86,False
3.1111,False,2543.0,True,37.57,False
2.0139,False,1559.0,True,32.76,False
2.6399,True,2669.0,False,37.91,False
3.4071,False,2155.0,False,33.99,False
2.5158,True,5861.0,False,37.64,False
1.9605,False,2119.0,False,33.9,False
1.9234,False,1697.0,False,34.08,True
1.972,False,1974.0,False,33.71,True
4.1289,True,4284.0,False,38.03,False
2.6619,False,4579.0,False,37.6,True
4.0855,False,2399.0,True,37.72,False
3.0179,False,192.0,False,34.18,False
0.9288,False,875.0,False,35.32,True
3.6094,False,1784.0,False,34.17,False
2.4306,False,730.0,False,34.0,True
4.2716,False,3659.0,False,38.53,False
4.7176,False,2621.0,False,34.08,True
6.0666,True,15259.0,False,37.97,False
3.6031,True,2714.0,False,37.77,False
4.2685,False,2264.0,False,34.26,False
4.375,False,1046.0,False,37.99,True
3.2516,False,2502.0,False,32.86,False
5.9546,False,788.0,False,34.13,True
2.7303,True,2665.0,False,37.83,False
4.933,False,3002.0,False,33.84,False
1.9926,False,953.0,False,34.08,True
4.4118,False,3395.0,False,33.93,False
3.942,True,2313.0,False,37.94,False
3.5,False,1521.0,False,38.47,True
2.4375,False,1005.0,False,33.99,True
4.9844,False,109.0,False,34.08,False
3.205,False,4998.0,False,34.48,True
3.7045,True,2463.0,False,38.32,False
4.0125,True,1383.0,False,37.61,False
3.2031,False,1523.0,False,34.08,False
3.9261,False,3220.0,False,38.46,False
2.8438,False,2028.0,False,34.05,False
3.4015,False,1739.0,False,35.05,True
1.8798,False,935.0,False,33.95,False
1.6009,False,2228.0,False,35.39,True
2.3814,False,2758.0,True,32.67,False
4.5882,False,1872.0,False,39.35,True
4.4653,False,3512.0,False,34.02,False
2.5045,False,1461.0,False,36.74,True
3.0042,False,5009.0,False,34.06,True
4.5,False,3448.0,True,33.77,False
7.6775,False,7436.0,False,34.24,False
4.0781,False,1491.0,False,33.85,False
3.2135,False,1341.0,False,38.31,True
4.5398,False,2655.0,False,36.85,True
5.8186,False,2125.0,False,37.31,False
3.1439,False,1297.0,False,37.4,False
5.3559,False,2532.0,False,33.74,False
4.2829,False,1143.0,False,33.89,False
3.4006,False,2362.0,True,34.28,False
1.5464,False,2079.0,False,36.31,True
2.9213,False,1700.0,False,34.01,False
6.1949,False,3135.0,False,34.19,False
3.6667,False,9613.0,False,35.52,False
4.1944,False,32.0,False,33.63,False
6.6238,False,992.0,False,38.61,True
1.4524,False,3095.0,False,36.33,True
1.528,False,2149.0,False,33.96,False
2.7639,False,1661.0,True,40.93,False
3.1042,False,1886.0,True,33.8,False
2.1397,False,2020.0,True,33.79,False
3.4784,False,3640.0,False,34.08,True
2.9792,False,1548.0,False,38.73,False
4.2381,False,1086.0,False,37.35,False
2.4122,False,2453.0,False,33.12,False
3.4073,True,2524.0,False,37.75,False
3.0938,False,4656.0,False,35.41,True
1.6896,False,2127.0,True,32.75,False
3.7566,False,2574.0,False,34.28,False
1.7137,False,2595.0,False,32.74,True
4.6914,False,3200.0,False,34.51,True
4.1518,False,2566.0,False,35.73,True
3.1403,False,1654.0,False,33.74,False
4.1792,False,1505.0,True,37.93,False
2.1597,False,2681.0,True,32.76,False
1.1667,True,210.0,False,37.81,False
2.87,False,2074.0,False,33.94,True
3.725,False,1872.0,False,39.16,True
4.9125,False,2331.0,True,32.76,False
3.1726,False,3692.0,False,33.79,False
5.208,False,1993.0,True,37.11,False
2.7734,False,710.0,False,33.94,False
5.611,False,2526.0,False,33.98,False
2.0347,False,1660.0,False,33.49,True
4.7857,False,1463.0,False,34.02,True
2.5795,True,2155.0,False,37.81,False
3.5655,True,3771.0,False,37.76,False
4.4085,True,5604.0,False,37.77,False
5.4449,False,1535.0,False,35.34,True
4.8594,False,1588.0,False,33.84,False
4.8438,False,7368.0,False,33.83,False
3.2222,False,1101.0,False,34.03,False
2.2222,False,1328.0,False,33.65,False
2.8529,False,2141.0,True,40.77,False
4.0585,False,3559.0,True,33.16,False
2.6713,False,4376.0,False,34.08,False
6.9833,False,11659.0,False,33.69,True
2.0658,False,1584.0,False,36.72,True
3.6618,False,2305.0,False,33.72,False
3.6995,False,2438.0,False,34.1,False
3.6373,False,2545.0,False,34.04,False
5.5524,False,3891.0,False,38.11,False
5.01,False,2602.0,False,33.69,False
3.8125,False,3298.0,True,34.27,False
4.3068,False,1991.0,False,33.24,False
6.9257,False,2250.0,False,33.54,False
2.2368,False,2221.0,False,33.37,False
4.1484,False,829.0,False,35.3,True
1.6232,False,4584.0,False,34.49,True
3.6516,False,1992.0,False,38.67,True
2.5784,False,4001.0,False,34.09,False
4.8092,False,1829.0,False,37.32,False
1.975,False,1617.0,False,32.97,True
5.4024,False,1315.0,False,34.25,False
2.8929,False,975.0,False,34.05,True
2.8347,False,1914.0,False,34.04,True
2.2981,False,2141.0,False,33.76,False
5.5469,False,1746.0,False,36.54,False
3.1517,False,4247.0,False,34.09,False
2.3798,False,2837.0,False,33.96,True
5.7115,False,1532.0,False,33.69,False
3.9632,False,1938.0,False,34.18,False
2.0625,False,2551.0,False,39.52,True
4.4347,False,3064.0,False,32.86,False
3.875,False,1881.0,False,37.12,True
1.4792,False,1905.0,False,34.0,False
3.3558,False,3861.0,False,37.99,True
10.1714,False,9792.0,False,33.78,False
5.3602,True,768.0,False,37.75,False
3.2857,False,2695.0,False,33.79,False
4.2026,False,1601.0,True,34.59,False
4.4766,False,4155.0,True,35.33,False
2.0057,False,3214.0,False,33.97,False
2.25,False,2049.0,False,35.99,True
4.475,False,1385.0,True,37.66,False
5.8324,False,3610.0,False,36.9,True
2.006,False,1470.0,False,34.04,False
2.6719,False,3359.0,False,36.85,True
6.2182,False,3033.0,False,37.32,False
3.8177,False,2164.0,False,32.96,True
1.4141,False,2304.0,False,35.62,True
3.0147,False,1842.0,False,33.91,False
4.7813,False,1664.0,True,37.67,False
2.2278,False,3963.0,False,36.69,True
1.8125,False,2045.0,True,32.7,False
1.7411,False,1149.0,False,33.93,False
4.8185,False,2384.0,False,34.85,False
4.1544,False,3222.0,False,36.95,True
1.55,False,1812.0,False,37.56,True
3.0329,False,2756.0,False,33.89,False
4.8523,False,1287.0,False,33.93,False
4.069,False,1485.0,True,32.69,False
2.2765,False,2471.0,False,34.16,False
7.9013,False,6123.0,False,34.3,False
3.125,False,366.0,False,34.33,False
3.6343,False,1777.0,False,34.96,True
4.1379,False,1892.0,False,33.8,False
3.4605,True,2632.0,False,37.78,False
4.9615,False,1536.0,False,33.93,False
2.2907,False,986.0,False,34.08,False
2.625,False,1250.0,False,38.56,True
5.7382,False,1785.0,False,33.04,False
4.6937,False,3773.0,False,34.13,True
2.4917,False,1320.0,False,39.47,True
3.375,False,2405.0,False,34.05,False
2.7443,False,1565.0,False,33.89,False
2.2417,False,1715.0,False,32.77,True
3.0526,False,1664.0,False,33.9,False
2.6862,False,1793.0,False,33.93,False
4.282,False,2711.0,False,34.18,False
5.5111,False,8295.0,False,34.25,False
3.6726,False,1237.0,False,34.29,False
1.9107,False,1184.0,False,35.0,True
4.5938,False,3523.0,True,37.64,False
5.8322,True,16199.0,False,37.57,False
3.4013,False,1225.0,False,34.23,False
3.5313,False,4273.0,False,33.78,False
2.7958,False,2081.0,False,37.95,True
4.3513,False,9302.0,False,33.07,False
3.2115,False,961.0,True,34.44,False
4.765,False,2089.0,False,33.85,False
6.4214,False,679.0,False,37.05,False
2.7578,False,1974.0,False,33.98,False
6.3021,False,3124.0,False,33.86,False
2.5488,False,1619.0,False,37.96,True
1.3594,False,125.0,False,34.24,False
5.0,True,2024.0,False,37.73,False
3.4732,True,2248.0,False,37.89,False
4.2188,False,2434.0,False,33.91,False
6.6772,False,5341.0,False,34.68,True
4.0057,False,1279.0,False,34.24,False
3.1359,False,3195.0,True,37.73,False
4.5687,True,1325.0,False,37.55,False
3.0893,False,4855.0,False,34.2,False
2.6149,False,3404.0,False,40.2,True
6.323,False,2930.0,False,33.51,False
2.4421,False,4877.0,False,34.14,False
3.0465,False,1569.0,False,33.87,False
5.6402,False,2784.0,False,38.55,True
6.7813,False,4082.0,False,34.15,True
3.5195,False,3350.0,False,33.77,False
3.5536,False,4462.0,False,40.36,True
6.1008,False,4137.0,False,37.39,False
5.1677,False,5152.0,False,33.86,False
4.3,False,1016.0,False,33.92,False
2.5575,False,2721.0,False,35.32,True
3.2188,False,47.0,False,33.99,False
2.8967,True,1275.0,False,37.94,False
2.8608,False,3259.0,False,33.91,False
6.8007,False,3856.0,False,33.55,False
1.9944,True,1427.0,False,37.76,False
5.5395,False,1902.0,False,33.46,False
7.5582,False,1107.0,False,34.23,False
1.5729,False,633.0,True,32.7,False
5.4829,False,8244.0,False,34.43,False
5.0044,False,3832.0,False,33.48,False
3.0651,False,6573.0,False,34.07,True
2.8824,False,1656.0,False,35.12,False
2.8182,False,2497.0,True,40.92,False
2.9054,True,3030.0,False,38.31,False
2.1071,False,1439.0,False,34.12,True
3.2386,False,1857.0,False,33.7,False
3.5694,False,1115.0,False,33.73,False
3.6615,False,3572.0,False,34.39,True
3.4808,False,944.0,True,33.81,False
4.0833,False,2462.0,False,34.11,False
4.4881,False,2062.0,False,33.92,False
3.7102,False,2044.0,False,37.31,False
2.4917,False,1709.0,False,38.94,True
6.0494,False,2826.0,False,33.72,False
3.8125,False,682.0,False,34.05,False
4.1949,False,4188.0,True,34.22,False
3.3816,True,3595.0,False,37.68,False
2.0938,False,1534.0,False,34.0,False
4.3583,False,2360.0,False,33.82,False
2.6709,False,3487.0,False,34.19,False
4.95,False,1948.0,False,38.24,False
5.785,False,5622.0,False,33.85,False
2.3792,False,2988.0,False,36.1,True
5.5136,False,2526.0,False,34.18,True
7.3409,False,4862.0,False,34.2,False
3.7813,False,1425.0,False,36.58,True
4.125,False,202.0,False,33.82,True
1.9412,False,2217.0,False,38.63,True
5.2661,False,1776.0,False,34.26,False
4.625,False,3030.0,False,33.83,False
3.6389,False,2101.0,False,37.34,False
3.2604,False,3603.0,False,34.06,True
3.3021,False,561.0,False,39.06,True
3.6719,False,1596.0,False,34.16,False
2.3526,False,1184.0,False,34.04,False
4.517,False,2064.0,False,38.03,True
3.9032,False,10425.0,False,36.85,True
1.8929,False,1727.0,False,37.59,True
1.6607,False,975.0,False,38.99,True
1.7179,False,2878.0,True,32.74,False
6.5513,False,2676.0,False,33.86,False
1.55,False,1521.0,False,33.97,False
3.125,False,2966.0,False,38.53,True
3.1053,False,1096.0,False,37.92,True
1.1742,False,1322.0,True,40.86,False
3.6442,False,2439.0,False,33.8,False
1.8447,True,2307.0,False,37.86,False
3.2727,False,3308.0,False,38.32,False
3.7083,False,2813.0,True,36.98,False
3.6979,False,1565.0,False,33.95,True
5.8325,False,1910.0,False,37.54,False
3.8936,False,1676.0,False,37.26,False
2.1964,False,304.0,False,38.9,True
5.7128,False,4373.0,False,33.85,False
4.625,False,3558.0,False,33.01,False
4.1094,False,1930.0,False,38.0,True
6.5958,False,1781.0,False,34.02,True
5.6235,False,3449.0,False,35.41,True
4.58,False,3047.0,False,34.27,False
4.1449,False,1950.0,False,33.93,False
3.9766,False,3484.0,False,34.53,True
4.7917,False,2362.0,True,37.58,False
1.3646,False,543.0,False,38.53,True
4.3603,False,2223.0,False,33.49,False
1.25,False,896.0,False,35.36,True
4.2324,False,4999.0,False,38.34,True
4.7639,False,2413.0,False,33.73,False
3.6083,False,3295.0,False,38.04,True
1.625,False,567.0,False,38.57,True
3.3565,True,3708.0,False,37.76,False
1.6047,False,2964.0,False,34.58,True
2.7305,False,1579.0,False,34.9,True
6.3721,False,5949.0,False,32.96,False
3.0,False,1091.0,False,34.31,False
3.1167,False,3495.0,True,36.96,False
1.9427,True,1241.0,False,37.78,False
3.6176,False,745.0,False,38.35,True
3.4237,False,9911.0,False,33.81,True
4.6146,False,4342.0,False,37.57,False
2.8167,False,1679.0,False,33.95,False
3.0625,False,4602.0,False,38.48,True
4.9702,False,5231.0,False,36.98,True
4.7022,False,7000.0,False,33.13,False
3.8875,False,1300.0,False,34.26,False
4.2308,True,2715.0,False,38.12,False
6.4994,False,7397.0,False,37.66,True
7.8774,False,1969.0,False,37.21,False
3.4542,False,5377.0,False,36.82,True
3.1429,True,1279.0,False,37.83,False
2.0714,False,2238.0,False,33.75,True
5.3994,False,1310.0,False,37.44,False
2.9545,False,2236.0,False,36.75,True
2.4516,False,1273.0,False,33.99,False
2.5275,False,2221.0,False,34.14,True
2.6354,False,1531.0,False,33.91,False
5.0462,False,1943.0,False,34.21,False
5.956,True,2576.0,False,37.83,False
4.4934,False,2892.0,False,36.81,True
3.4583,False,2189.0,True,37.74,False
6.3568,False,4173.0,False,33.49,False
3.7933,False,2431.0,False,33.93,False
2.5363,False,1721.0,False,37.62,True
8.3818,False,3759.0,False,33.83,False
3.9613,False,2002.0,False,33.77,False
2.4741,False,1717.0,False,38.53,True
4.0208,False,1488.0,False,34.24,False
3.0972,False,1439.0,False,36.31,True
2.2813,False,1419.0,False,34.0,False
2.4097,False,2109.0,False,37.92,True
2.4701,False,1985.0,True,34.44,False
4.7019,False,2267.0,False,38.98,True
3.4167,False,1138.0,False,33.86,False
4.7946,False,1868.0,True,34.69,False
6.5669,False,1006.0,False,34.03,False
6.8154,False,1956.0,False,33.6,False
3.0321,False,4064.0,False,38.92,True
4.1375,False,1447.0,False,34.03,False
6.0,False,2509.0,False,38.85,True
7.5196,False,3016.0,False,33.58,False
3.7538,False,4952.0,False,33.54,False
2.3864,False,1288.0,False,37.51,True
3.4211,False,2506.0,True,33.8,False
5.2051,False,4256.0,False,38.68,True
2.0043,False,1541.0,False,36.71,True
2.5156,False,6260.0,False,34.07,True
1.7898,False,1511.0,False,37.96,True
3.1395,False,1444.0,True,33.42,False
4.1406,False,2026.0,False,37.29,False
5.5342,False,2499.0,False,33.64,False
4.8214,False,3676.0,False,38.97,True
7.2118,False,2636.0,False,33.68,False
3.2447,False,9148.0,False,37.7,True
4.35,False,202.0,False,39.17,True
3.293,True,3807.0,False,37.98,False
3.1842,False,1159.0,True,37.54,False
3.1786,False,344.0,False,34.06,True
4.2386,False,3903.0,False,34.28,True
4.59,True,1755.0,False,37.99,False
3.4208,False,2050.0,False,34.16,False
5.6277,True,14917.0,False,37.58,False
4.4567,False,1862.0,True,36.95,False
2.8194,False,5927.0,False,38.89,True
4.6406,False,1069.0,False,33.87,False
4.9676,False,3275.0,False,34.23,False
2.65,False,1130.0,True,32.77,False
1.6635,False,1687.0,False,32.79,True
4.9917,False,4186.0,False,33.81,False
4.7356,True,1479.0,False,38.31,False
3.929,False,2021.0,True,37.47,False
3.8194,False,3772.0,False,34.54,True
3.6,False,2854.0,False,33.97,False
2.71,False,2280.0,False,40.54,True
1.7462,False,1938.0,False,36.2,True
6.1089,True,1938.0,False,38.31,False
2.3182,False,1125.0,False,32.98,False
1.9208,False,981.0,True,33.79,False
2.5686,False,2945.0,False,33.97,False
3.101,False,3376.0,True,32.8,False
4.0648,False,3448.0,False,34.17,False
6.9501,False,4246.0,False,33.66,False
3.816,False,9003.0,False,38.8,True
5.826,False,5232.0,False,33.61,False
3.6492,False,3694.0,True,32.76,False
4.7926,False,4580.0,False,34.23,False
3.5521,False,1356.0,False,38.44,False
3.5556,False,2263.0,False,33.93,False
4.5833,False,665.0,False,33.66,False
4.1719,False,6007.0,False,34.71,True
5.6513,False,2712.0,False,34.0,False
3.8171,True,9963.0,False,37.63,False
2.3171,False,10665.0,False,33.14,False
2.7125,False,1695.0,False,34.03,False
4.1786,False,2006.0,True,37.74,False
1.6887,False,2410.0,False,34.16,False
2.8728,False,3405.0,False,32.91,False
5.0869,False,3351.0,False,34.02,False
2.8285,False,4422.0,False,35.49,False
3.3478,True,1414.0,False,37.69,False
3.9443,False,20391.0,False,33.57,False
4.1492,False,1732.0,False,34.25,False
3.8719,False,2863.0,True,32.8,False
2.5119,False,1701.0,False,33.2,False
6.1287,False,22128.0,False,34.01,False
2.7316,False,2216.0,False,37.25,True
1.6429,False,2248.0,False,40.63,True
4.6625,False,7849.0,False,34.25,False
6.2028,False,2790.0,True,33.72,False
2.3099,False,2109.0,False,37.32,True
4.5179,False,2803.0,False,36.83,True
3.9333,False,1499.0,False,33.91,False
5.2299,False,2219.0,False,33.82,False
6.6689,False,1646.0,False,34.18,False
2.8636,False,968.0,False,37.25,False
3.5551,False,1739.0,False,33.71,False
2.3355,False,4775.0,False,33.97,True
2.087,False,1641.0,False,34.02,False
2.5592,False,2777.0,False,40.57,True
2.1889,False,2197.0,False,38.63,True
3.75,False,4415.0,False,33.93,False
3.7303,False,2296.0,False,33.78,False
2.625,False,32.0,True,37.0,False
3.2386,False,1006.0,False,36.33,True
3.0252,False,3540.0,False,33.86,False
2.5913,False,1977.0,False,33.96,False
3.8904,False,3049.0,True,32.71,False
3.4679,False,3833.0,False,33.73,False
3.625,False,1193.0,False,34.03,False
1.0667,False,602.0,False,41.5,True
4.5278,False,3192.0,False,38.65,True
4.0068,False,3015.0,False,37.39,False
2.785,False,701.0,False,38.41,False
4.2857,False,3380.0,True,34.15,False
1.9832,False,2469.0,False,34.16,True
1.2171,True,1387.0,False,37.82,False
2.6696,False,2890.0,False,34.19,False
4.0167,False,1131.0,False,35.65,True
2.2208,True,3123.0,False,37.87,False
2.2169,False,2004.0,False,36.11,True
3.055,False,1512.0,False,33.96,False
3.6619,False,3209.0,True,36.96,False
3.1964,False,2019.0,True,32.79,False
4.3833,False,2774.0,False,39.15,True
3.9408,False,1409.0,False,33.97,False
2.5685,False,4867.0,False,38.41,True
2.9943,False,2125.0,True,33.8,False
6.4321,False,2276.0,False,32.98,False
2.5474,False,1745.0,False,34.09,False
1.2904,False,1026.0,False,37.95,True
5.9339,False,1743.0,False,33.51,False
4.1855,False,5501.0,False,37.76,True
4.6458,False,1388.0,True,33.81,False
5.5849,False,3243.0,False,37.26,False
4.7695,True,5679.0,False,37.77,False
6.314,False,13255.0,False,38.7,True
2.3942,False,814.0,False,34.01,False
5.9158,False,1716.0,False,37.34,False
1.2286,False,1220.0,True,32.75,False
3.1551,False,1353.0,False,34.17,False
1.9956,False,2409.0,False,39.52,True
1.9208,False,2024.0,False,39.44,False
2.0417,False,2692.0,False,37.33,True
4.5938,False,2603.0,False,36.33,True
2.1406,False,679.0,False,33.95,False
3.5744,True,5283.0,False,37.76,False
3.4839,True,2179.0,False,37.68,False
6.6227,False,5032.0,False,37.42,False
5.2312,True,1487.0,False,37.64,False
6.1324,False,707.0,False,37.54,True
1.7245,False,2046.0,False,38.95,True
2.9013,False,2546.0,False,36.65,True
5.2849,False,2103.0,False,34.02,True
2.0493,False,1549.0,False,37.58,True
6.2187,False,1694.0,False,33.81,False
3.1062,False,1210.0,False,36.92,False
3.8633,False,2326.0,False,33.84,False
2.5139,False,2491.0,False,34.43,False
6.3093,False,8120.0,False,33.85,False
3.6719,False,2752.0,False,33.86,False
2.1542,False,1782.0,True,32.66,False
3.0324,False,1606.0,False,36.22,True
3.6006,False,2138.0,False,33.86,False
6.7501,False,1723.0,False,33.95,False
1.4267,False,1000.0,False,36.96,True
3.75,False,2471.0,False,33.73,False
7.3518,False,2207.0,False,33.71,False
1.9073,False,1995.0,False,37.12,True
1.9028,False,1542.0,False,33.96,False
3.4943,False,1076.0,False,36.63,False
5.0195,False,3337.0,False,33.18,False
3.2177,True,5806.0,False,37.81,False
1.8472,False,2044.0,False,35.42,True
6.7919,False,4021.0,False,33.73,False
3.0,False,1419.0,False,39.14,False
4.2036,False,2141.0,False,33.65,False
2.0,False,980.0,True,34.65,False
1.5407,False,1972.0,False,36.21,True
4.7402,False,3450.0,False,37.32,False
1.6903,False,4984.0,False,34.1,False
4.1719,False,2229.0,False,38.02,True
2.9915,True,3968.0,False,37.97,False
3.6042,False,1642.0,False,33.66,False
1.4729,False,1893.0,False,36.34,True
3.2222,False,1681.0,False,34.14,False
4.5625,False,1209.0,True,37.5,False
4.0524,False,6035.0,False,37.31,False
5.1545,False,1462.0,False,34.43,False
2.2222,False,1807.0,False,34.08,False
2.551,False,2488.0,False,37.93,True
6.435,False,1679.0,False,33.87,False
4.0556,False,106.0,False,34.01,True
3.9054,False,8596.0,False,35.3,True
4.8646,False,1493.0,False,34.22,False
3.0114,False,2180.0,False,33.88,False
1.625,False,385.0,False,34.04,False
6.7247,False,3592.0,True,34.45,False
2.6902,False,2135.0,True,32.79,False
3.1071,False,1644.0,True,33.71,False
4.0,False,2156.0,False,34.19,False
3.1591,False,6807.0,False,33.71,True
4.023,False,2228.0,False,33.91,False
5.8972,False,1818.0,False,33.83,False
6.2464,False,3134.0,False,33.65,False
5.6856,False,2254.0,False,39.36,True
3.9479,False,3148.0,False,33.78,False
5.6447,False,1976.0,False,37.39,False
3.7895,False,1746.0,False,34.11,False
5.7393,False,1199.0,False,34.03,True
2.6397,False,1338.0,False,36.34,True
4.6484,False,5042.0,False,37.59,True
1.7292,False,1277.0,False,41.46,True
2.8462,False,1451.0,False,33.94,False
2.3816,False,4221.0,False,38.15,True
4.075,False,5151.0,False,37.79,True
2.9653,False,1678.0,False,33.6,True
6.6361,False,3348.0,False,32.82,False
2.8705,False,2232.0,False,37.94,True
4.2852,True,4865.0,False,37.99,False
3.6597,False,1088.0,False,32.81,True
4.7609,False,2074.0,False,37.36,False
3.2935,False,1304.0,False,38.44,False
2.4375,False,3831.0,False,34.2,False
2.0542,False,2198.0,False,33.99,False
2.6,False,1018.0,False,34.12,True
3.025,False,1560.0,False,34.22,False
2.1411,False,6960.0,False,33.79,True
6.6246,False,10618.0,False,34.23,False
4.9984,False,9016.0,False,33.95,True
4.337,False,2316.0,False,33.97,True
3.2639,False,2522.0,False,36.13,True
2.0657,False,2987.0,True,40.88,False
3.8029,False,1505.0,False,33.7,False
3.0625,False,790.0,False,33.75,False
3.765,False,2747.0,True,32.77,False
1.2625,True,1528.0,False,37.73,False
3.9261,False,2014.0,False,35.63,True
1.7844,False,12557.0,False,33.88,True
2.7083,False,1996.0,False,33.74,True
3.6607,False,504.0,False,33.83,False
2.1518,False,568.0,False,37.67,True
2.288,False,2331.0,False,34.0,False
3.9583,False,1667.0,True,37.74,False
3.2891,False,1637.0,False,40.77,True
5.4688,False,645.0,True,37.47,False
1.5781,False,1933.0,False,34.02,False
4.875,False,1613.0,False,32.91,False
12.5381,False,124.0,False,33.96,True
4.5268,True,1342.0,False,37.89,False
3.2417,True,2932.0,False,37.67,False
4.1635,False,1830.0,False,33.97,False
5.0824,False,4925.0,False,37.52,False
2.52,False,4232.0,False,33.88,False
5.6629,False,6090.0,True,37.46,False
11.0138,False,2404.0,False,33.64,False
3.4896,False,2200.0,False,38.68,True
3.2396,False,1194.0,False,38.92,True
2.1827,False,633.0,False,40.05,True
4.6447,False,1954.0,True,37.69,False
3.5833,False,2017.0,True,40.79,False
2.7768,False,6275.0,False,37.3,False
4.1724,False,6235.0,False,34.32,False
2.0549,False,7804.0,False,33.93,True
3.7337,False,1972.0,True,34.27,False
2.81,False,1004.0,True,32.66,False
1.6953,False,1366.0,False,34.06,False
5.0155,False,946.0,False,38.68,True
2.9886,False,1519.0,False,32.75,False
1.8036,False,1021.0,True,33.78,False
6.8419,False,8726.0,False,34.39,False
4.4167,False,1880.0,False,33.9,False
3.4306,False,1326.0,False,33.99,False
2.6964,False,1402.0,False,33.99,False
3.4514,False,640.0,False,38.89,False
2.1187,False,1565.0,False,37.66,True
3.9,False,1737.0,False,39.74,True
2.4931,False,2136.0,False,33.78,False
3.5972,False,2281.0,False,36.78,True
5.5464,False,3636.0,False,33.7,False
3.0875,False,3062.0,True,32.77,False
2.0292,False,2241.0,False,35.11,False
5.5048,False,4260.0,True,34.28,False
4.7952,False,5201.0,True,32.73,False
4.0982,False,3196.0,False,33.8,True
2.5806,False,3458.0,False,35.44,True
4.8693,False,1808.0,True,33.83,False
6.2787,False,10968.0,False,32.81,False
3.0927,False,5759.0,False,32.79,False
2.1458,False,579.0,False,36.18,True
5.5524,False,3800.0,False,34.14,False
2.1287,False,1475.0,False,38.95,True
1.625,False,1988.0,False,33.6,True
6.5217,True,1971.0,False,37.81,False
5.2319,False,5135.0,False,37.37,False
1.6823,False,1432.0,False,39.13,True
4.2115,False,1084.0,False,38.35,True
3.6908,False,1335.0,False,33.92,False
2.9926,True,1895.0,False,37.88,False
2.6384,False,1147.0,False,33.97,False
4.6336,False,2530.0,False,33.58,False
3.1324,False,5411.0,False,34.24,True
3.0357,False,790.0,False,34.09,False
3.653,False,7689.0,False,38.98,True
2.3043,False,1028.0,False,37.47,True
2.4038,False,2341.0,False,34.07,False
2.1875,False,958.0,False,37.6,True
1.4556,False,3141.0,False,33.93,True
5.3755,False,1589.0,False,38.13,False
1.7276,True,1776.0,False,37.78,False
2.3375,False,2107.0,False,34.07,False
2.2262,False,1427.0,False,36.2,True
2.2121,False,1027.0,False,33.88,False
3.4444,False,1124.0,False,33.98,False
2.7173,True,1974.0,False,37.75,False
4.3125,True,1540.0,False,37.74,False
5.2203,False,1575.0,False,36.81,False
5.0543,False,2630.0,False,37.31,False
3.3699,False,8259.0,False,39.2,True
2.8167,False,1841.0,False,38.0,True
2.1509,False,2098.0,False,34.93,False
3.5488,False,1162.0,False,33.79,False
1.8696,False,1091.0,False,40.54,True
3.0125,False,4138.0,False,34.2,False
2.9025,False,3939.0,False,34.2,False
8.2335,False,2330.0,False,34.11,False
2.6165,False,1479.0,False,33.89,False
2.9812,False,1547.0,False,34.09,True
2.7845,False,1793.0,False,35.3,True
3.2645,False,2877.0,False,34.08,False
6.0398,False,1285.0,False,34.44,False
2.1354,False,2864.0,False,40.57,False
3.2981,True,1862.0,False,37.77,False
3.1823,False,3188.0,False,34.17,False
2.7827,False,4288.0,False,34.1,True
2.8,False,1536.0,False,37.35,False
2.0192,False,2516.0,False,34.18,False
7.9885,False,846.0,False,33.74,True
2.0938,False,1273.0,True,32.72,False
1.2887,False,1547.0,False,37.34,False
3.1458,False,726.0,False,37.32,False
0.7714,False,761.0,False,37.95,True
3.1964,False,5684.0,False,37.3,False
4.106,False,6227.0,False,38.55,True
4.226,False,1283.0,False,37.33,False
2.4925,False,3069.0,False,33.92,False
2.851,False,1179.0,False,34.09,False
3.86,False,1493.0,False,34.58,True
2.9074,False,6647.0,False,37.55,False
5.8964,False,1406.0,True,37.51,False
0.8639,False,1171.0,False,35.38,True
2.1151,False,2862.0,False,33.98,True
3.1875,False,3251.0,False,38.67,True
2.0547,False,1217.0,True,36.95,False
4.1514,False,5777.0,False,34.32,False
2.5739,False,3380.0,False,34.19,False
5.5184,False,2786.0,True,34.44,False
5.0483,False,1770.0,False,34.2,False
2.25,False,1383.0,True,34.38,False
4.4167,False,1558.0,False,37.37,False
6.7559,False,5644.0,False,34.22,False
4.875,False,1907.0,False,34.1,False
2.862,True,3904.0,False,37.87,False
3.6833,True,1550.0,False,37.91,False
6.3702,False,6846.0,False,37.31,False
4.8194,False,972.0,False,34.21,False
1.7572,False,1855.0,False,35.89,True
3.1462,True,4065.0,False,37.78,False
2.4922,False,2787.0,False,37.95,True
0.9142,False,788.0,True,32.72,False
5.0434,False,3119.0,True,34.43,False
3.775,False,1551.0,False,38.1,True
6.6137,False,2146.0,False,33.78,False
2.7813,False,2637.0,False,39.23,True
4.25,False,6242.0,False,33.0,False
3.5909,False,2447.0,False,34.02,False
3.8333,False,3042.0,False,38.89,True
0.9797,True,1298.0,False,37.95,False
8.1872,True,3051.0,False,37.82,False
3.8929,True,1298.0,False,37.62,False
2.6214,False,2773.0,False,37.4,True
4.4904,False,11544.0,False,32.87,False
2.7875,False,2843.0,False,34.1,False
2.8864,False,1878.0,False,39.09,True
8.7591,False,7474.0,False,33.5,False
4.4318,False,1579.0,False,33.95,False
4.2216,False,8482.0,False,38.51,True
3.8651,False,4486.0,False,38.35,True
7.736,False,2387.0,False,37.11,False
5.6817,False,2473.0,False,37.32,False
4.0,False,1399.0,False,34.1,True
3.9318,False,4842.0,False,38.71,True
3.6,False,3494.0,True,36.55,False
4.7443,False,3797.0,True,34.19,False
3.0694,False,1236.0,False,34.03,False
1.4889,False,3374.0,False,38.55,True
4.7772,False,1416.0,False,33.81,False
4.1859,False,1488.0,False,37.52,True
5.1718,False,3105.0,False,34.16,False
5.0719,False,2706.0,False,33.84,False
3.0347,False,2294.0,False,36.77,False
1.2902,False,311.0,False,37.64,True
3.0179,False,1519.0,False,34.19,False
1.8438,True,1257.0,False,37.78,False
5.3836,False,1582.0,False,33.88,False
4.3864,False,3062.0,False,37.67,True
2.1806,True,1688.0,False,37.84,False
2.6397,False,1414.0,True,34.39,False
3.8917,False,4031.0,False,34.99,True
3.7644,False,3103.0,False,33.26,False
4.125,False,1562.0,False,34.09,False
3.2933,False,1139.0,False,33.83,False
3.3617,True,3052.0,False,37.58,False
3.1773,False,4620.0,False,33.74,False
4.3889,False,2677.0,True,33.76,False
1.4196,False,755.0,False,34.58,True
1.0398,False,1678.0,False,38.64,True
2.1743,False,2419.0,False,33.97,False
3.1551,False,3760.0,False,34.18,False
2.5562,False,4173.0,False,38.04,True
2.0388,False,2972.0,False,34.11,True
4.6838,False,1801.0,False,34.08,False
1.449,False,1764.0,False,33.94,False
7.2315,True,3701.0,False,37.88,False
5.1721,False,3353.0,False,38.74,True
2.7356,False,2938.0,False,38.61,True
3.7132,False,3265.0,False,38.43,False
3.9219,False,1799.0,False,33.77,False
2.0852,False,2188.0,True,32.76,False
2.8247,False,13814.0,False,33.15,False
2.6439,False,2083.0,False,37.41,True
6.9414,True,2041.0,False,37.9,False
3.2768,False,2728.0,False,38.36,True
3.6974,False,3331.0,True,32.73,False
0.8056,True,1455.0,False,37.81,False
1.8238,False,5677.0,False,34.07,False
4.0341,False,5761.0,False,33.66,False
3.8036,False,617.0,True,32.75,False
3.3295,False,1106.0,False,38.92,True
1.6675,False,2155.0,False,34.05,True
4.8894,False,3499.0,False,34.11,True
2.3859,False,1453.0,False,34.07,False
4.3056,False,1785.0,False,33.82,False
2.1094,False,173.0,False,36.74,True
3.4219,False,2426.0,True,40.78,False
5.8904,False,4337.0,False,37.23,False
6.1805,False,4231.0,True,32.86,False
4.3839,False,1453.0,False,34.25,False
3.4792,False,3435.0,True,32.58,False
1.9955,False,1515.0,False,36.75,True
4.1488,False,1994.0,False,38.61,True
0.7403,True,1572.0,False,37.96,False
4.35,False,60.0,False,36.72,True
3.6042,False,1847.0,False,37.64,True
2.5795,True,118.0,False,38.03,False
6.4823,False,5094.0,False,34.23,False
4.821,False,2617.0,False,33.72,False
4.7105,True,3464.0,False,37.78,False
4.4211,False,2133.0,False,33.65,False
1.575,False,1240.0,False,33.98,False
5.041,False,3581.0,True,33.67,False
3.3516,False,2366.0,False,33.86,False
2.0571,False,4369.0,True,32.61,False
3.7738,False,1274.0,False,37.32,False
5.0346,False,4953.0,False,38.36,True
1.7574,False,1804.0,False,39.42,False
6.5891,True,1625.0,False,38.29,False
5.1909,False,2175.0,False,32.99,False
3.5652,False,2421.0,False,39.32,True
2.697,False,3133.0,False,34.01,False
2.8892,False,1779.0,False,33.95,False
4.7,False,1781.0,False,34.44,False
5.8415,False,1604.0,False,37.3,False
2.4,False,581.0,True,32.76,False
4.0972,False,1000.0,False,38.01,True
2.5104,False,2005.0,False,38.73,True
1.3657,False,475.0,True,32.7,False
3.125,False,5904.0,False,34.54,True
4.8051,False,4059.0,False,39.0,True
1.8242,False,1867.0,False,41.95,True
6.6312,False,4231.0,False,33.79,False
3.0542,False,5665.0,False,36.61,False
5.6139,False,1852.0,False,37.27,False
1.7995,False,1346.0,False,34.03,False
10.2264,True,126.0,False,37.74,False
3.6458,True,1793.0,False,37.63,False
5.1806,False,3564.0,True,33.8,False
2.473,False,1934.0,False,34.17,False
5.76,True,3424.0,False,38.0,False
4.4423,False,2143.0,False,33.84,False
1.976,False,3291.0,False,36.76,True
2.212,False,2281.0,False,40.67,True
2.375,True,162.0,False,37.65,False
2.2115,False,2680.0,False,40.88,True
1.8333,False,1001.0,False,38.54,True
3.4151,False,3976.0,True,32.73,False
4.1375,False,2657.0,False,33.99,False
3.2228,False,1722.0,False,34.03,False
3.9167,False,1077.0,False,34.26,False
8.3841,False,1471.0,False,34.23,False
4.76,False,3658.0,False,36.83,True
1.7452,False,1629.0,True,32.76,False
2.8889,False,1281.0,False,34.12,False
5.3664,False,2956.0,False,34.06,False
1.7402,False,2028.0,True,32.7,False
3.75,True,1183.0,False,37.86,False
3.9607,False,1534.0,False,38.12,True
4.0197,False,6305.0,False,38.71,True
2.683,False,1713.0,False,37.86,True
1.6921,False,1925.0,False,34.16,False
1.2276,False,2442.0,True,33.75,False
2.675,True,296.0,False,37.93,False
2.3036,True,1802.0,False,37.79,False
5.6407,True,1295.0,False,37.47,False
4.0862,False,3568.0,False,38.85,True
1.7546,False,395.0,False,34.03,False
0.4999,False,102.0,False,38.07,True
7.1262,False,7714.0,False,34.22,False
3.7174,False,2337.0,False,33.69,False
2.35,False,1250.0,False,38.51,True
1.9766,False,1032.0,False,36.69,True
4.4485,False,2091.0,False,34.25,False
5.6758,True,8112.0,False,37.58,False
2.2562,True,2689.0,False,37.77,False
3.1546,False,3745.0,True,36.98,False
3.9615,False,4487.0,False,37.99,True
3.8565,False,4402.0,True,37.65,False
3.8487,True,2041.0,False,37.8,False
5.0686,False,2957.0,False,33.62,False
4.8375,False,1098.0,False,38.64,True
2.8631,False,2183.0,True,32.79,False
1.2446,False,2190.0,False,34.02,False
8.9257,False,3154.0,False,33.81,False
3.8125,False,1806.0,False,33.61,False
2.4519,False,1322.0,True,40.6,False
2.2391,False,1683.0,False,33.95,False
4.8173,False,1910.0,False,38.15,True
4.5278,False,1080.0,False,38.01,True
5.0423,False,5405.0,False,37.53,False
3.025,False,1808.0,False,33.88,False
4.7007,False,2988.0,False,34.42,False
4.4545,False,3736.0,False,34.02,True
3.1131,False,1321.0,False,33.6,False
3.125,False,1053.0,False,34.08,False
4.6628,False,2604.0,False,38.01,True
3.7303,False,3301.0,False,33.84,False
1.8897,False,825.0,False,33.97,False
3.1002,True,4985.0,False,37.89,False
1.3221,False,2288.0,False,36.81,True
3.3389,False,1782.0,False,34.03,False
3.5114,False,1778.0,False,33.97,False
1.375,False,2322.0,False,32.67,True
5.47,False,1605.0,False,38.66,True
2.5012,False,4577.0,True,33.8,False
2.0272,False,5129.0,False,37.68,True
3.6641,False,976.0,False,40.85,True
4.0,False,1153.0,False,33.94,False
5.883,False,4770.0,True,33.7,False
3.5322,False,4459.0,True,37.48,False
3.5335,False,5041.0,False,34.04,False
1.4397,False,1246.0,False,38.63,True
2.4297,False,1005.0,False,34.05,False
5.4091,False,4337.0,False,34.26,False
3.1884,False,4016.0,False,33.84,False
2.2844,False,5693.0,False,38.62,True
3.6875,True,1236.0,False,37.39,False
4.4,False,822.0,False,33.88,False
5.5061,False,10267.0,False,34.46,False
2.4219,False,1705.0,False,33.99,False
5.0049,True,1637.0,False,37.79,False
3.1442,False,2370.0,False,36.7,True
3.3393,False,1743.0,False,38.49,True
4.556,False,4550.0,False,34.27,False
4.0625,False,678.0,False,34.11,False
4.9306,False,1131.0,False,33.85,False
1.9,False,2801.0,False,40.56,True
3.475,False,4411.0,False,38.16,True
4.3438,False,2996.0,False,37.27,False
2.75,True,1394.0,False,37.8,False
3.2049,False,2845.0,False,33.88,False
1.9152,False,2160.0,True,32.76,False
2.9187,False,2214.0,False,33.67,True
2.6998,True,5869.0,False,37.9,False
6.6766,False,1391.0,False,37.31,False
4.2109,False,1946.0,False,32.93,False
4.4567,False,2183.0,True,34.17,False
4.775,False,2388.0,False,38.59,True
1.2962,False,1610.0,False,37.97,True
5.5179,False,36.0,False,40.41,True
2.9542,False,3991.0,False,33.85,True
4.1023,False,3907.0,False,34.23,False
4.0,False,2628.0,True,33.08,False
3.3187,False,9738.0,False,33.9,True
3.9375,False,1226.0,False,34.08,False
5.1118,False,1013.0,False,37.98,True
1.4514,False,1156.0,False,33.97,True
2.567,False,3157.0,False,37.38,True
4.2262,False,6155.0,False,38.67,True
2.7411,False,1034.0,False,37.35,False
4.6875,False,619.0,False,33.74,False
4.5486,False,2288.0,False,34.22,False
6.0634,False,1834.0,False,33.68,False
3.375,False,13288.0,False,33.67,False
3.1023,False,1951.0,False,32.84,False
3.2105,False,2243.0,False,34.08,True
3.0658,False,613.0,False,36.16,True
2.2452,False,1166.0,False,38.6,True
3.2368,False,1153.0,True,36.98,False
3.7933,False,2329.0,False,33.25,False
3.525,False,6758.0,False,36.7,False
2.1991,False,886.0,False,37.97,True
2.3571,False,4017.0,False,41.7,True
2.4141,False,3042.0,False,32.8,False
2.5489,False,2547.0,False,33.78,True
1.128,False,2646.0,False,38.56,True
2.6786,False,2424.0,False,34.31,False
3.75,True,18.0,False,37.39,False
5.1046,True,2133.0,False,37.98,False
4.5913,False,1690.0,True,37.72,False
2.895,False,857.0,False,33.99,False
2.6719,True,2050.0,False,37.78,False
2.1182,False,1830.0,False,37.34,True
4.625,False,882.0,False,33.88,False
4.3409,False,1726.0,False,34.09,False
1.4327,False,921.0,False,34.01,False
3.6528,False,651.0,False,38.25,True
5.6409,False,1919.0,False,33.87,False
3.0592,False,2103.0,False,38.07,True
6.065,False,2262.0,False,33.55,False
3.5848,False,2024.0,False,33.68,False
8.4839,False,3877.0,False,34.14,True
6.1509,False,2110.0,True,33.06,False
2.913,False,1495.0,False,34.05,False
0.9914,False,913.0,False,36.68,False
3.6058,False,2387.0,False,34.14,False
3.0,False,3758.0,False,38.09,True
1.8047,False,656.0,False,33.99,False
2.4167,False,736.0,False,35.85,True
3.5729,False,2737.0,True,33.4,False
7.3521,True,2236.0,False,37.99,False
3.1382,False,3455.0,False,38.67,True
2.5417,False,2162.0,True,36.97,False
3.0405,False,1633.0,False,33.87,False
7.2554,False,3781.0,False,33.85,False
3.8864,True,1674.0,False,37.74,False
6.9308,False,2112.0,False,33.88,False
3.017,False,2429.0,False,38.86,True
4.4946,True,2464.0,False,37.76,False
4.6167,False,1323.0,False,33.75,False
2.8355,True,3758.0,False,37.73,False
3.864,False,4481.0,False,33.96,True
4.6827,False,1379.0,False,34.24,False
5.4248,False,1392.0,False,33.7,False
4.7679,False,808.0,False,33.74,False
3.0,False,2403.0,False,37.64,True
3.3555,True,2163.0,False,37.75,False
3.9167,False,5298.0,False,38.58,True
3.3929,True,1121.0,False,37.83,False
3.1736,False,3106.0,False,34.17,True
3.0139,False,1077.0,False,38.62,True
2.8519,False,2534.0,False,37.43,True
2.2552,False,1924.0,False,34.07,False
2.1472,False,4563.0,False,38.64,True
3.8194,False,1607.0,True,32.58,False
6.0573,False,4841.0,False,37.36,False
3.6417,True,2549.0,False,37.91,False
4.0043,False,1558.0,False,33.95,False
5.128,False,2007.0,False,32.78,True
2.65,False,1783.0,False,38.5,True
1.475,True,453.0,False,37.88,False
3.6761,False,2743.0,False,34.27,False
3.5774,False,2591.0,False,38.16,True
3.9696,True,1990.0,False,37.58,False
3.5172,False,1711.0,False,34.1,False
2.4375,False,282.0,True,34.38,False
1.8636,False,1899.0,False,35.13,True
1.9893,False,4108.0,False,32.79,False
3.6827,False,2921.0,False,34.12,False
2.6531,False,2374.0,False,34.96,False
2.5469,False,2787.0,False,39.12,True
1.85,False,2120.0,False,34.02,False
5.1017,False,2529.0,False,37.35,False
2.9063,True,1931.0,False,37.73,False
3.9792,False,908.0,False,38.0,True
8.5957,False,2756.0,False,33.07,False
3.1078,False,3457.0,False,34.08,False
2.7989,False,3044.0,False,38.52,True
2.4167,False,3750.0,False,34.0,True
5.187,False,1337.0,False,36.79,True
2.2559,False,5684.0,False,34.07,True
4.5313,False,1839.0,False,38.59,True
3.5,False,2081.0,False,34.21,False
1.4773,False,2076.0,True,34.15,False
4.0211,False,23386.0,False,34.68,True
5.4193,False,2281.0,False,37.23,False
3.163,False,2108.0,False,33.98,False
3.8732,False,2667.0,False,37.38,False
3.075,False,1566.0,False,38.35,False
5.3226,True,1726.0,False,37.6,False
3.8355,False,4680.0,False,38.71,True
3.5349,False,2035.0,False,34.13,False
6.3144,False,3952.0,True,35.28,False
4.1167,False,328.0,False,33.73,False
1.9643,False,2764.0,False,37.63,True
5.5773,False,3151.0,False,35.63,True
5.102,False,2750.0,False,38.02,True
3.1607,False,1703.0,False,34.05,True
4.7,False,1909.0,False,34.0,False
3.2596,False,3126.0,True,32.71,False
3.1944,False,2061.0,False,38.53,True
3.6538,False,1089.0,False,33.99,False
1.933,False,1630.0,False,34.0,False
4.0536,True,2085.0,False,37.91,False
6.5706,False,2012.0,False,32.91,False
1.625,False,350.0,False,34.55,True
2.0133,False,1504.0,False,34.07,False
5.1104,False,2483.0,False,33.89,False
5.0186,False,2795.0,False,37.27,False
2.6875,False,1486.0,False,34.43,False
1.4318,False,2828.0,False,34.9,True
2.6818,False,1839.0,False,37.32,False
0.7685,False,311.0,True,32.71,False
3.9063,False,1384.0,False,38.66,False
4.4135,False,2196.0,False,33.65,False
4.875,False,837.0,True,37.69,False
3.5288,False,3119.0,False,34.88,False
2.6654,False,2194.0,False,34.05,False
1.077,True,2728.0,False,37.78,False
2.6786,False,2508.0,True,33.77,False
4.125,False,1788.0,False,34.08,False
3.535,True,1240.0,False,37.54,False
1.7204,False,5480.0,False,33.84,True
1.8382,False,1259.0,False,34.02,False
1.9127,False,1655.0,False,33.88,False
4.5721,False,4011.0,False,37.33,False
3.1682,True,5778.0,False,37.71,False
4.2422,False,1797.0,False,37.37,False
5.7765,False,1083.0,False,33.82,False
6.4114,False,5736.0,False,33.6,False
5.6784,False,1904.0,False,33.83,False
2.785,False,2507.0,False,36.77,True
4.5341,False,2034.0,True,37.7,False
3.8571,False,1514.0,True,32.79,False
5.7628,False,774.0,False,34.22,True
2.7661,False,1901.0,True,32.74,False
2.895,False,1573.0,False,33.91,False
1.6081,False,1989.0,False,34.09,False
6.3814,False,2183.0,False,32.79,True
3.5878,False,1381.0,False,33.91,False
5.0758,False,3189.0,False,34.05,False
6.5483,False,1586.0,False,34.3,False
3.6769,False,3155.0,False,34.03,False
3.1912,False,1337.0,True,34.62,False
1.4103,False,835.0,False,33.95,False
2.0658,False,576.0,False,36.56,True
3.4667,False,2793.0,False,37.69,True
6.8474,False,1143.0,True,34.15,False
4.4491,False,2688.0,False,38.01,True
5.5942,False,3136.0,False,38.13,True
3.2369,False,4814.0,False,32.95,False
6.0235,False,3109.0,False,37.24,False
3.6292,False,5823.0,False,38.45,False
2.6384,False,2653.0,False,38.46,False
2.965,False,2356.0,True,32.76,False
3.0726,False,1052.0,True,32.75,False
5.1765,False,943.0,False,37.29,False
2.5284,False,1574.0,False,34.05,False
5.6015,False,4518.0,False,34.08,False
4.2917,False,1282.0,False,33.93,False
1.8929,False,337.0,False,34.21,False
3.7237,False,1116.0,False,33.95,False
4.3428,False,4835.0,True,33.2,False
4.3958,True,2172.0,False,37.94,False
2.3507,False,1958.0,False,39.82,True
3.6705,False,1729.0,True,32.77,False
5.2642,False,2364.0,False,37.31,False
3.8068,False,2510.0,False,34.22,False
2.4196,True,1167.0,False,37.68,False
5.1121,False,4113.0,True,37.06,False
3.5473,False,2716.0,False,33.83,False
5.3077,False,3597.0,False,37.29,False
2.5556,False,1299.0,False,34.96,False
1.6557,False,1711.0,False,33.64,True
1.76,True,58.0,False,38.31,False
1.6534,False,1288.0,False,36.96,True
5.0997,False,4314.0,False,38.6,True
6.4319,False,2319.0,False,33.95,False
1.9257,False,2215.0,True,34.65,False
4.125,False,1222.0,False,33.9,False
2.6906,False,3965.0,False,36.56,True
3.3156,False,891.0,False,36.59,False
2.9297,True,3144.0,False,37.79,False
4.0614,False,1841.0,False,34.05,True
5.1515,False,9559.0,False,34.02,False
1.5625,False,512.0,False,38.73,True
2.6364,False,2052.0,False,34.18,False
7.9393,False,2865.0,False,37.74,False
4.8494,False,5735.0,False,35.61,True
1.9417,False,1430.0,True,40.28,False
4.0219,False,1131.0,False,33.84,False
0.536,False,18.0,False,34.04,False
5.8752,False,2851.0,False,33.66,False
4.1319,False,2612.0,True,34.41,False
1.1563,False,993.0,True,32.71,False
1.7929,False,1045.0,False,33.98,False
5.6637,False,5476.0,False,33.65,False
5.5289,False,2216.0,True,32.74,False
2.066,False,2879.0,False,34.07,True
2.6875,False,3912.0,False,34.02,True
2.6442,False,1502.0,True,33.21,False
2.6736,True,696.0,False,37.84,False
2.1848,False,8476.0,False,33.71,False
2.6198,False,2375.0,False,37.53,False
6.8787,False,3767.0,True,37.52,False
7.5,False,1302.0,False,38.15,False
1.5817,True,1974.0,False,37.85,False
3.1635,False,4493.0,False,34.52,True
4.7831,False,3421.0,False,34.22,False
3.8828,False,1347.0,False,33.82,False
2.4792,False,1983.0,False,34.18,False
7.7197,False,40.0,False,37.42,False
3.3917,True,830.0,False,37.38,False
3.7768,False,3986.0,False,38.54,False
2.5156,False,696.0,False,37.83,True
4.2109,False,1830.0,True,34.45,False
2.5476,False,1374.0,False,38.45,True
3.4286,False,2861.0,False,35.34,True
3.775,False,407.0,False,33.73,False
4.775,False,3403.0,False,37.29,False
4.7279,False,2327.0,False,37.24,False
6.1142,False,6368.0,False,33.79,False
4.1029,False,393.0,True,32.58,False
6.0661,False,4165.0,True,34.27,False
4.975,False,1940.0,False,34.1,False
5.5636,True,2139.0,False,37.89,False
5.7415,False,2791.0,False,33.87,False
1.9063,True,205.0,False,37.97,False
2.8167,False,3113.0,False,37.19,True
3.1724,False,1377.0,False,34.03,False
3.994,False,2003.0,False,34.08,True
5.2016,False,2772.0,False,34.19,False
6.131,False,2892.0,False,37.25,False
3.8024,False,3038.0,False,32.82,False
2.9452,False,6663.0,False,38.61,True
2.7846,False,2868.0,True,33.22,False
2.125,False,1451.0,False,37.93,True
2.5417,False,2340.0,False,34.13,False
3.2794,False,8414.0,False,34.46,True
2.6528,False,7450.0,False,37.97,True
2.4201,True,4143.0,False,38.1,False
3.5347,False,1111.0,False,34.27,False
5.4741,False,7991.0,False,37.24,False
3.4482,False,2259.0,True,32.83,False
2.0062,False,1808.0,False,38.51,True
5.5956,False,5846.0,True,33.16,False
3.29,False,4089.0,False,34.07,False
2.2254,False,2064.0,False,34.04,False
5.0947,False,1320.0,True,32.68,False
5.0196,True,2229.0,False,37.74,False
2.1212,False,3806.0,False,37.35,True
1.6797,False,1838.0,False,35.36,True
2.4623,False,1619.0,False,39.74,True
4.125,True,44.0,False,38.0,False
1.7878,False,2680.0,False,35.13,False
4.0662,True,1071.0,False,37.74,False
3.4375,False,852.0,False,38.81,True
1.6382,False,1176.0,False,34.0,False
3.0677,False,1638.0,False,33.93,False
3.3878,False,4297.0,False,38.49,True
5.2951,False,4077.0,False,37.14,False
4.5268,False,4397.0,False,34.21,True
3.375,False,831.0,False,37.73,False
4.8889,False,2987.0,False,34.11,True
4.5208,False,735.0,False,37.33,False
1.68,False,2437.0,False,38.51,True
1.9375,False,1902.0,False,33.99,False
5.0907,False,8711.0,False,33.54,False
2.8281,False,1582.0,False,34.03,True
3.46,False,3511.0,False,34.71,True
3.8984,False,4439.0,True,33.77,False
2.4281,False,1435.0,False,36.29,True
5.8783,False,3562.0,True,37.6,False
7.2477,True,2118.0,False,37.54,False
4.9524,False,2885.0,False,33.91,False
3.1534,False,1138.0,False,38.83,True
3.183,False,1665.0,False,38.44,False
1.7083,False,3114.0,False,33.71,True
6.0862,False,1531.0,False,32.97,False
3.6898,False,3153.0,False,32.86,False
2.315,False,950.0,False,33.87,False
4.1926,False,2070.0,False,37.25,False
1.9274,True,1916.0,False,37.84,False
5.5248,False,2346.0,True,32.68,False
4.0875,True,1248.0,False,37.89,False
3.425,False,1346.0,False,33.75,False
4.4688,True,2061.0,False,37.45,False
3.1779,False,2128.0,False,38.04,True
2.4113,True,1817.0,False,37.7,False
2.2583,False,754.0,False,40.89,True
2.6062,False,2820.0,False,41.4,True
5.065,False,5640.0,False,34.04,False
6.0723,False,2863.0,False,33.96,False
2.5333,False,208.0,False,35.23,True
3.625,False,20.0,False,38.51,True
4.4167,False,3274.0,False,34.19,False
1.5553,False,3894.0,False,34.06,False
3.6625,False,1707.0,False,39.75,True
3.4485,False,929.0,False,33.88,False
6.8976,True,5065.0,False,37.83,False
6.0531,False,3022.0,False,33.86,False
1.9309,False,2040.0,False,34.06,False
4.0274,False,2391.0,False,34.06,False
6.8323,True,1334.0,False,37.75,False
1.6333,False,1002.0,False,33.94,False
5.521,False,4883.0,False,34.25,False
1.1479,False,1710.0,True,40.87,False
4.2986,False,1479.0,False,34.08,False
5.3374,False,96.0,False,33.26,True
4.7056,False,8561.0,False,34.03,True
3.8625,True,254.0,False,37.78,False
3.332,False,4199.0,False,37.02,True
3.962,False,1606.0,False,34.0,False
2.8088,False,2481.0,False,34.15,False
2.5737,False,2112.0,False,38.02,True
3.5586,False,2500.0,False,37.39,False
2.212,False,2298.0,False,34.96,False
1.8015,False,2873.0,False,33.75,True
6.0808,False,1446.0,False,34.27,False
0.8075,True,386.0,False,37.81,False
4.3039,False,2487.0,False,33.78,False
1.7303,False,3409.0,False,33.78,True
5.1377,False,417.0,False,34.14,False
2.6528,False,5782.0,False,35.59,False
2.8649,False,1740.0,False,33.89,False
3.5966,False,1345.0,False,37.34,False
4.0208,True,998.0,False,37.71,False
3.4764,False,3958.0,False,33.15,False
2.4022,False,1745.0,False,34.01,False
3.3393,False,1248.0,False,38.5,True
2.3287,False,1141.0,False,40.63,True
1.4301,False,2438.0,False,38.57,True
3.5213,False,2408.0,False,34.43,False
4.4886,False,1748.0,True,32.81,False
2.8192,False,5650.0,False,33.68,False
5.5073,False,2938.0,False,37.41,False
5.3062,False,2918.0,False,32.93,False
6.0115,True,2850.0,False,37.98,False
4.8365,False,1802.0,False,37.33,False
2.6082,False,2376.0,False,33.97,False
4.1368,False,3273.0,True,32.77,False
1.275,False,2577.0,False,33.99,False
2.9844,False,3117.0,False,38.73,True
3.8864,False,2064.0,False,33.85,False
1.91,False,1210.0,False,39.36,True
5.9254,False,6689.0,False,34.06,False
4.945,False,2838.0,False,38.41,True
1.3286,False,2009.0,False,33.9,True
3.2857,False,1683.0,False,38.34,False
3.2434,True,3592.0,False,37.67,False
1.9932,False,1706.0,False,38.47,False
6.195,True,1733.0,False,37.92,False
2.8971,True,1642.0,False,37.61,False
2.2663,False,2262.0,True,32.79,False
3.1373,False,4604.0,False,34.15,False
2.395,False,2011.0,False,36.25,True
3.4917,False,1479.0,False,33.91,False
7.0808,False,6995.0,False,34.29,False
4.7193,False,5592.0,False,34.01,True
4.1321,False,4398.0,False,33.77,False
5.5111,False,2229.0,False,38.77,True
2.25,False,1952.0,False,40.02,True
2.9792,True,2246.0,False,37.78,False
1.625,False,1798.0,False,39.09,True
3.0429,False,2215.0,False,34.04,True
3.3266,False,5109.0,False,34.02,False
3.9036,False,1709.0,False,33.95,False
2.2244,False,2946.0,False,34.13,False
1.9564,False,1306.0,False,33.98,False
8.4693,False,4042.0,True,37.52,False
2.8893,False,1546.0,True,33.18,False
1.8287,True,935.0,False,38.3,False
2.5568,False,697.0,False,39.49,True
3.9727,False,13553.0,False,38.61,True
3.5258,False,6301.0,False,37.02,True
2.75,False,2156.0,False,34.69,True
3.6111,False,890.0,False,34.07,False
4.4489,False,3389.0,False,38.69,True
3.5518,False,3059.0,False,33.83,False
3.5446,False,3273.0,False,37.39,True
4.7143,True,1184.0,False,37.65,False
3.5757,False,2787.0,False,33.99,False
3.7479,False,3386.0,False,33.69,False
1.5662,False,1563.0,False,36.97,True
4.4732,False,1933.0,False,33.96,False
1.4167,False,1582.0,False,34.04,False
4.625,False,1301.0,False,33.96,False
4.4948,False,1967.0,False,33.91,False
4.1083,False,1562.0,False,34.0,False
3.9306,False,1998.0,False,33.64,False
2.1696,False,1155.0,False,34.04,False
3.141,False,3171.0,True,32.76,False
4.4625,False,3058.0,False,33.67,False
3.9926,False,3400.0,False,36.32,True
2.01,False,576.0,False,38.58,True
3.2326,False,2253.0,False,33.82,False
3.2125,False,1632.0,False,33.63,False
4.7917,False,1727.0,True,37.56,False
4.05,False,197.0,False,37.33,False
2.503,False,2816.0,False,40.77,True
3.0132,False,1082.0,False,34.03,False
4.1797,False,10565.0,False,34.12,True
4.1656,False,3441.0,False,34.16,False
3.755,False,1743.0,False,36.81,True
2.5401,False,3366.0,False,38.13,True
6.2233,False,9419.0,False,34.26,True
2.1908,False,378.0,False,34.05,True
1.9206,False,3819.0,False,37.62,True
2.3343,False,5665.0,False,38.47,True
6.0132,False,1260.0,False,36.77,True
6.9931,False,1821.0,False,38.36,True
3.2738,False,3480.0,False,35.32,True
2.3221,False,5236.0,False,32.79,False
7.1882,False,2578.0,False,33.77,False
1.9267,False,2602.0,True,32.6,False
5.6876,False,4393.0,False,37.27,False
6.6478,False,10687.0,False,37.55,False
2.588,False,1304.0,False,34.13,True
2.6369,False,2680.0,False,38.65,True
1.9821,True,1587.0,False,37.75,False
3.069,False,1877.0,False,36.81,True
3.3939,False,3187.0,False,33.78,False
5.1271,False,2552.0,True,34.43,False
5.6396,True,7976.0,False,37.56,False
3.6988,False,4605.0,False,33.87,False
7.2639,False,2130.0,False,37.67,False
4.0398,False,5928.0,False,33.77,False
1.7266,False,1728.0,False,38.76,True
3.6989,False,6850.0,False,38.69,True
2.7379,False,1308.0,False,34.19,False
3.2813,False,1170.0,False,39.16,True
1.3157,False,2732.0,False,34.1,False
4.9219,False,3703.0,True,36.95,False
2.2391,False,1034.0,False,37.85,True
1.8015,False,1388.0,False,33.77,False
4.9615,True,1180.0,False,37.98,False
3.809,False,4480.0,False,39.16,True
4.9,False,3810.0,False,34.66,True
6.4288,False,4422.0,False,33.79,False
4.7941,False,2155.0,False,33.15,False
1.933,False,1718.0,False,37.66,True
1.2841,False,966.0,True,32.71,False
5.0357,False,1807.0,False,34.0,False
2.4896,True,2405.0,False,37.87,False
3.4193,False,2264.0,False,33.73,False
2.6411,True,1153.0,False,37.77,False
2.9438,False,12707.0,False,35.33,True
5.1762,False,4632.0,False,34.01,False
3.1667,False,1380.0,False,33.95,True
2.5819,False,743.0,False,38.34,False
3.233,False,4924.0,False,34.08,True
3.665,False,695.0,False,34.07,False
1.5429,False,1120.0,False,35.33,True
3.1731,False,1217.0,False,33.99,False
1.9946,False,2247.0,False,40.51,True
7.5057,False,3628.0,False,33.85,False
5.4346,False,1822.0,True,34.08,False
5.8596,False,3852.0,False,37.18,False
1.5812,False,1255.0,False,33.96,False
4.4091,False,1831.0,False,33.93,False
5.4188,False,3484.0,False,33.48,False
2.5101,False,1821.0,True,32.75,False
3.1136,False,508.0,False,37.73,True
1.3039,False,3740.0,False,33.75,True
1.65,False,2348.0,False,37.97,True
2.3125,False,1715.0,False,34.06,False
3.311,False,3608.0,False,38.56,True
3.6304,False,2367.0,True,34.42,False
7.2692,False,2822.0,False,34.13,False
1.0585,False,3215.0,False,39.5,True
8.583,False,1680.0,False,33.49,False
1.4497,False,2345.0,False,34.09,False
3.9518,False,8072.0,False,38.33,False
1.7228,False,1052.0,False,37.79,True
2.375,False,2925.0,False,33.86,False
1.6406,False,492.0,False,34.07,False
1.7824,False,2422.0,False,33.91,False
5.3439,False,2377.0,False,33.83,False
1.7019,False,411.0,False,33.75,False
5.6739,False,4872.0,False,36.82,True
1.7841,False,1841.0,False,37.03,True
3.2258,False,4097.0,False,33.6,False
2.7865,False,1600.0,False,33.71,False
3.9375,False,2466.0,False,33.64,False
0.8026,True,1745.0,False,37.81,False
2.5658,False,1578.0,True,32.64,False
2.4,False,3742.0,True,33.79,False
1.9014,False,5783.0,False,33.7,False
1.4891,False,1229.0,False,34.11,True
3.8235,False,3817.0,False,36.32,True
1.9531,False,754.0,False,34.09,True
4.7381,False,1934.0,True,37.61,False
4.6445,False,5036.0,False,34.15,True
3.8681,False,2176.0,False,38.64,False
4.6154,False,1185.0,False,32.78,True
5.5196,False,3087.0,False,33.83,False
5.0877,False,2073.0,False,33.46,False
2.7083,False,1214.0,False,34.09,True
2.6364,True,1489.0,False,37.73,False
2.6226,False,2744.0,False,34.09,False
2.8342,False,3004.0,False,33.75,False
2.875,False,2458.0,False,34.16,True
3.2019,False,2303.0,False,37.02,True
3.35,False,1008.0,False,34.29,False
2.3,False,2598.0,False,34.01,True
3.7891,False,3444.0,True,32.73,False
5.3961,True,2180.0,False,37.74,False
3.9643,False,105.0,False,34.0,False
3.9243,True,3558.0,False,37.42,False
4.5096,False,4682.0,True,37.03,False
4.8237,True,3716.0,False,37.71,False
2.0278,False,2827.0,False,34.06,False
4.87,False,2393.0,False,34.08,False
4.4,False,2188.0,True,37.58,False
5.2139,False,1634.0,False,34.02,True
5.3644,True,1570.0,False,37.63,False
4.2222,False,2112.0,False,36.54,True
1.125,False,322.0,False,33.3,True
2.5787,False,2517.0,False,34.08,False
3.9052,False,4198.0,False,33.82,True
3.3205,False,5492.0,False,34.18,False
4.1482,False,9812.0,False,33.92,True
4.0972,False,3924.0,True,37.43,False
2.5401,True,1867.0,False,37.78,False
5.24,False,2195.0,False,34.07,False
5.9845,False,1983.0,False,34.22,False
2.6953,False,1337.0,False,33.93,False
2.6429,True,3809.0,False,37.82,False
3.5402,False,1766.0,False,38.48,True
3.7312,True,1321.0,False,37.46,False
5.795,False,3577.0,False,38.32,False
3.1028,False,1834.0,False,34.08,True
3.0638,False,2976.0,False,34.07,True
4.6197,False,3639.0,False,34.05,False
2.6823,False,4651.0,False,33.97,False
1.7,False,1729.0,True,32.71,False
4.6379,False,2278.0,False,38.48,True
3.1,False,1042.0,False,32.8,False
4.45,True,2247.0,False,37.99,False
2.5164,True,2191.0,False,37.96,False
3.15,False,821.0,False,40.69,True
2.3571,False,2217.0,True,40.58,False
1.6948,False,1896.0,False,39.83,True
4.6304,False,1164.0,False,37.32,False
2.8235,False,1793.0,False,33.8,False
2.5588,False,59.0,True,33.78,False
3.2061,False,3899.0,False,38.26,True
2.4444,True,95.0,False,37.88,False
4.0727,False,3380.0,False,33.9,False
3.4609,False,2120.0,False,34.1,True
3.1034,False,1986.0,False,34.11,True
10.0088,False,2430.0,False,38.01,True
4.0109,True,1545.0,False,37.69,False
2.9194,False,1908.0,False,34.12,False
2.218,False,4448.0,False,33.94,True
4.0526,True,1769.0,False,37.94,False
4.7639,False,1447.0,True,37.66,False
3.1845,False,1700.0,False,37.96,True
3.4028,False,1378.0,False,33.84,False
0.9227,False,1961.0,False,38.9,True
3.6466,False,3300.0,False,34.09,True
3.3229,False,2340.0,False,36.84,True
2.9937,False,2258.0,False,36.79,True
5.3267,False,7430.0,False,34.68,True
3.4028,False,1321.0,False,35.55,True
2.9861,True,4413.0,False,37.7,False
2.3182,False,3040.0,False,33.98,False
3.526,False,4197.0,True,35.32,False
3.0192,False,3354.0,False,32.79,False
5.2937,False,3208.0,False,37.41,False
3.2171,False,1744.0,False,34.15,False
1.3348,False,1299.0,False,39.12,True
2.535,False,1264.0,False,39.21,True
2.4,False,582.0,False,38.25,True
2.8919,False,4061.0,False,34.1,False
5.1836,False,2572.0,False,33.84,False
1.6,True,461.0,False,37.79,False
2.8922,False,2372.0,False,38.6,True
3.9844,False,1404.0,False,36.6,True
4.4437,False,1762.0,False,38.37,False
4.21,False,2397.0,False,34.12,False
4.2578,False,447.0,False,33.94,True
7.3141,False,2102.0,False,33.71,False
3.7562,False,2761.0,False,38.64,True
4.69,False,3079.0,True,34.39,False
2.8571,False,537.0,True,37.56,False
2.1864,False,2019.0,False,40.05,False
4.7143,False,1710.0,False,38.94,True
4.9219,False,1192.0,False,37.98,True
4.0927,True,1543.0,False,37.95,False
5.237,False,1219.0,False,33.8,False
3.5673,False,1827.0,False,34.65,True
1.3125,False,299.0,False,34.1,False
3.2,True,1504.0,False,37.99,False
3.8056,False,2205.0,False,36.83,True
6.4562,False,633.0,False,38.09,True
3.0,False,1650.0,False,36.78,True
7.5695,False,3421.0,False,37.93,True
2.9112,False,6356.0,False,34.11,True
4.0437,True,2275.0,False,38.0,False
1.625,False,767.0,False,40.77,True
4.5417,False,1353.0,False,34.06,False
3.3162,False,1781.0,False,33.78,True
3.3021,False,2144.0,False,38.92,True
4.15,True,206.0,False,37.42,False
4.2266,False,1733.0,False,34.01,False
5.5106,False,2426.0,True,34.6,False
4.4609,False,4260.0,False,34.12,True
4.0417,False,2598.0,False,33.65,False
2.8561,False,4519.0,True,34.19,False
2.5268,False,1550.0,False,34.03,False
3.2285,False,3384.0,True,37.57,False
3.0877,False,2582.0,False,34.18,False
3.9485,False,4325.0,False,34.1,False
3.3289,False,1594.0,False,33.94,False
3.6719,False,414.0,False,33.92,False
3.4817,False,2966.0,False,38.02,True
2.4412,False,1061.0,False,37.92,True
3.75,False,2267.0,False,34.08,True
3.8372,False,3309.0,False,37.61,True
2.4044,False,1370.0,False,36.54,True
6.1557,False,2556.0,True,33.41,False
5.9714,False,2355.0,False,37.31,False
4.5245,False,4594.0,False,38.71,True
4.5625,False,1756.0,True,32.82,False
4.0679,False,2558.0,False,38.91,True
5.0958,False,2127.0,False,37.22,False
3.5096,False,2061.0,True,32.73,False
2.4667,False,1461.0,False,34.1,True
2.9567,True,3944.0,False,37.77,False
5.3661,True,3008.0,False,38.06,False
3.2589,False,2791.0,False,38.32,True
5.5127,False,2906.0,False,37.25,False
3.5227,False,3593.0,False,38.48,True
1.5433,False,1294.0,False,36.32,True
4.0642,True,2115.0,False,37.73,False
2.976,False,1295.0,False,34.1,False
3.015,False,2028.0,True,34.2,False
3.5491,False,1150.0,False,37.35,False
2.183,False,3730.0,False,33.49,True
1.9038,False,967.0,False,33.91,False
2.6298,False,9425.0,False,33.79,True
5.6177,False,2535.0,True,34.71,False
3.0319,False,1937.0,False,33.87,False
2.6901,False,1513.0,False,34.08,False
2.1458,False,354.0,False,36.72,True
0.716,True,246.0,False,37.96,False
5.6163,False,3017.0,False,34.19,False
1.9444,False,2364.0,True,34.64,False
2.8793,False,1372.0,False,34.05,False
1.5268,False,1041.0,False,33.94,False
4.5484,False,3354.0,False,34.23,False
2.4856,False,739.0,False,34.12,False
2.148,False,1748.0,False,34.0,False
3.9673,False,3832.0,False,34.05,False
1.8661,False,1231.0,False,33.97,False
3.4455,False,3208.0,False,33.14,False
1.6887,False,1103.0,False,33.94,False
6.992,True,9167.0,False,37.55,False
2.2115,False,3649.0,False,33.74,True
5.2308,False,3994.0,False,37.52,False
3.455,True,1797.0,False,38.31,False
2.11,False,2260.0,False,33.93,False
5.6426,False,1248.0,False,33.85,False
1.8818,False,1138.0,False,33.99,False
3.415,False,2411.0,False,33.74,False
3.7066,False,3214.0,False,34.09,False
3.6786,False,2572.0,False,36.09,True
3.395,True,2380.0,False,37.69,False
4.0037,False,7544.0,False,34.0,True
2.9375,False,1315.0,False,35.04,False
4.6042,False,2251.0,True,33.82,False
3.25,False,1471.0,False,39.55,True
3.071,False,3103.0,False,34.53,True
4.6,False,1595.0,False,38.65,True
2.875,False,1649.0,False,36.76,True
1.9032,False,2235.0,False,39.14,False
3.2952,False,2755.0,True,36.61,False
3.8029,False,2454.0,False,34.11,True
2.7411,False,1513.0,False,35.78,True
4.26,False,2223.0,False,34.02,False
2.8818,False,2388.0,False,34.1,True
1.0898,False,782.0,False,34.01,False
3.2875,True,3218.0,False,37.4,False
4.0208,False,277.0,False,34.16,False
3.5845,False,2287.0,False,38.44,False
4.7875,False,3430.0,False,34.76,True
2.0469,False,1187.0,False,40.45,True
4.625,True,1871.0,False,37.73,False
2.4929,False,1898.0,False,33.87,False
5.3015,True,1808.0,False,37.71,False
2.1429,False,941.0,False,37.98,True
6.9544,False,5416.0,False,33.85,False
4.67,False,6146.0,False,37.34,True
5.6754,False,6529.0,False,37.03,False
3.0288,False,1266.0,False,38.13,True
4.6648,False,901.0,True,32.69,False
8.401,True,1589.0,False,37.83,False
1.6452,False,1819.0,False,34.03,False
2.1216,False,1291.0,False,39.78,True
3.7167,False,2423.0,False,38.56,True
2.3507,False,4179.0,False,39.74,True
1.8388,False,2297.0,True,33.77,False
3.87,False,2353.0,True,34.7,False
2.9334,False,6311.0,False,34.07,True
3.7609,False,3157.0,False,33.55,False
2.8812,False,2679.0,False,39.93,True
3.1576,False,2481.0,False,34.94,False
2.2278,False,1549.0,False,39.25,True
1.6833,False,289.0,False,38.99,True
4.3333,False,3100.0,False,34.17,False
0.9218,True,896.0,False,37.82,False
2.1987,False,2979.0,False,39.09,True
2.3882,True,955.0,False,37.77,False
4.0301,False,4151.0,False,34.31,False
2.8426,False,3908.0,False,38.67,True
2.6765,True,745.0,False,37.77,False
3.2131,False,2904.0,False,34.05,True
1.6786,False,1618.0,False,35.77,True
2.9375,True,4459.0,False,38.16,False
2.8372,False,4151.0,True,32.71,False
2.2551,False,1588.0,False,39.11,True
3.0707,False,2053.0,False,34.05,False
0.8252,False,202.0,False,39.48,True
2.4167,False,1000.0,False,34.42,False
2.4722,False,2547.0,False,38.61,True
4.5729,False,2340.0,False,33.92,False
2.7813,False,3405.0,True,33.84,False
3.5486,False,3725.0,False,36.37,True
5.6973,False,2999.0,False,33.89,True
3.1078,False,3404.0,False,34.95,False
2.6094,False,958.0,True,36.25,False
8.4882,False,771.0,False,38.75,True
1.8333,False,142.0,False,34.03,False
2.0674,False,4985.0,False,34.2,True
0.8131,False,3105.0,False,34.05,False
4.2639,False,6434.0,False,34.24,False
3.3859,False,2514.0,False,37.43,False
5.2015,False,1462.0,False,33.95,False
2.5809,False,1401.0,True,34.96,False
4.88,False,3941.0,False,33.83,False
4.8304,False,3465.0,False,34.12,True
4.5352,True,2192.0,False,37.75,False
3.75,False,3467.0,False,38.68,True
2.7644,False,2978.0,False,40.55,False
5.397,True,2581.0,False,37.47,False
2.2625,False,2495.0,False,35.11,False
2.9705,False,2474.0,True,32.75,False
2.2604,False,1462.0,False,34.11,True
2.963,False,1612.0,False,39.77,True
1.7155,False,1492.0,False,38.57,True
3.2917,False,7744.0,False,37.63,True
6.4391,False,495.0,False,33.86,False
1.6073,False,6202.0,False,36.74,True
2.0556,False,2154.0,True,38.46,False
3.5125,True,2263.0,False,37.9,False
4.6324,False,3741.0,False,38.32,False
2.625,True,881.0,False,37.78,False
3.108,False,4073.0,False,34.1,False
2.1477,False,1575.0,False,36.05,True
2.1029,False,4103.0,False,36.12,True
8.798,False,4814.0,False,33.63,False
2.5125,False,1827.0,True,32.76,False
4.5714,False,1192.0,False,32.8,True
3.455,False,2303.0,True,32.63,False
3.7159,True,1555.0,False,37.73,False
4.375,False,1127.0,False,33.85,False
5.1857,False,2541.0,False,38.8,True
4.7946,True,2285.0,False,37.75,False
4.027,False,2128.0,True,33.06,False
3.79,False,1969.0,True,32.74,False
2.6667,False,2807.0,False,34.21,False
1.8056,False,336.0,False,34.09,False
4.002,False,6739.0,False,34.63,True
1.6632,False,1615.0,False,35.35,True
4.4561,False,5589.0,False,35.41,True
3.3516,False,3345.0,False,34.17,False
3.5388,False,3187.0,True,32.71,False
3.1118,False,3051.0,False,34.2,False
2.2544,False,1901.0,True,32.6,False
6.1253,False,3371.0,False,34.27,False
4.9671,False,1709.0,False,37.36,False
2.4886,False,2796.0,False,33.94,False
5.4299,False,2506.0,False,37.53,False
4.225,False,3203.0,False,33.83,False
6.8586,False,1059.0,False,38.4,False
3.7813,True,3170.0,False,37.9,False
4.4375,True,2491.0,False,37.9,False
6.3542,False,3670.0,False,32.95,False
2.9698,False,2864.0,False,36.3,True
5.2336,False,1851.0,False,33.88,False
2.425,False,1896.0,True,33.74,False
2.6777,False,2539.0,True,32.76,False
3.8846,True,2637.0,False,37.74,False
4.1917,False,2636.0,False,35.77,True
4.7941,False,2807.0,False,38.75,True
1.6955,False,3684.0,True,33.78,False
1.3371,False,1202.0,False,34.2,True
4.2917,False,762.0,False,40.2,True
4.4375,False,7737.0,True,37.99,False
4.0256,False,2787.0,False,33.94,True
6.6199,False,4773.0,True,32.96,False
2.7986,False,2509.0,False,33.75,False
2.316,False,1755.0,False,33.88,True
5.1984,False,1660.0,False,33.83,False
6.4678,False,1868.0,True,34.71,False
1.6667,False,1051.0,False,34.05,False
1.2469,False,821.0,False,35.37,True
2.0411,False,2269.0,False,38.0,True
7.618,False,2840.0,False,33.54,False
5.3403,False,1487.0,False,34.01,False
2.5267,False,1878.0,False,34.2,False
4.0602,False,2728.0,False,34.1,False
3.7043,False,3449.0,False,34.49,True
1.7206,False,437.0,False,34.05,True
3.5583,False,1706.0,True,32.63,False
1.8214,False,4104.0,True,33.19,False
4.6071,False,3768.0,True,35.28,False
1.6321,False,1999.0,True,32.64,False
4.2262,False,1252.0,True,37.63,False
2.3974,False,4472.0,False,34.11,False
3.699,False,4620.0,False,37.32,False
3.3445,False,3037.0,False,34.13,True
5.2174,False,8403.0,False,33.95,True
4.3438,False,303.0,False,33.98,False
1.9375,False,5473.0,False,34.07,True
1.5608,False,1533.0,False,36.4,True
5.259,False,2223.0,False,33.86,False
2.2578,False,2383.0,True,32.74,False
3.3056,False,1840.0,False,34.18,False
1.4375,False,561.0,False,34.09,False
4.6649,False,7141.0,False,33.72,False
2.3687,False,1671.0,False,36.7,True
2.8097,False,7353.0,False,34.86,True
4.3409,False,3969.0,True,33.62,False
3.0,False,8581.0,False,36.68,False
4.95,True,1997.0,False,37.75,False
7.3693,False,3823.0,False,37.33,False
4.9236,False,3520.0,True,37.66,False
6.2517,False,2799.0,False,33.99,False
2.1638,True,1469.0,False,37.79,False
6.0574,False,1283.0,False,37.64,False
3.0234,False,2234.0,False,36.09,True
5.1112,False,2372.0,False,34.49,True
1.3712,False,1179.0,True,38.48,False
4.1333,False,5841.0,False,34.53,True
3.274,False,2651.0,True,33.72,False
5.3363,False,1866.0,False,37.32,False
1.6563,False,164.0,True,35.34,False
1.5078,False,1786.0,False,33.95,False
3.65,False,1232.0,False,32.8,False
4.7656,False,2004.0,False,33.68,False
3.5,False,4205.0,True,32.74,False
2.6123,False,2633.0,False,33.93,False
4.2656,False,6408.0,False,39.12,True
2.7798,False,2608.0,False,35.48,False
7.875,False,1631.0,False,33.89,False
4.475,False,805.0,False,32.81,True
8.6088,False,3774.0,False,33.65,False
1.7798,False,1509.0,False,37.94,True
2.6452,False,2968.0,True,32.73,False
4.4081,True,3670.0,False,37.94,False
2.6673,False,2375.0,False,37.99,True
0.9355,True,2037.0,False,37.78,False
5.5357,False,2807.0,False,36.82,True
1.8355,False,1243.0,False,36.68,True
3.0208,True,1077.0,False,37.89,False
2.9388,False,2263.0,False,34.08,True
2.7574,False,1379.0,False,34.06,True
3.0192,False,1943.0,False,36.93,False
4.6587,False,3258.0,False,37.93,True
2.6792,False,5045.0,False,40.59,True
3.8864,False,1787.0,False,37.61,True
3.7143,False,2272.0,False,34.21,False
3.0571,False,1815.0,True,32.74,False
3.0583,False,1297.0,False,34.26,False
8.2653,False,8974.0,False,33.79,False
2.3393,False,1112.0,False,37.96,True
4.5156,False,1858.0,False,37.25,False
8.7974,False,1346.0,False,33.68,False
3.6597,False,2361.0,True,34.17,False
2.0042,False,1648.0,False,34.02,False
4.25,False,1586.0,True,33.21,False
2.4671,False,1917.0,True,32.8,False
5.0623,False,2592.0,False,34.21,False
4.2589,False,2634.0,False,33.98,True
3.1902,False,1312.0,False,33.77,False
5.37,True,3266.0,False,37.76,False
4.793,False,2175.0,False,34.01,False
5.6921,False,2170.0,False,34.13,False
5.2405,False,5992.0,False,34.02,False
2.7212,False,2538.0,False,33.89,False
4.0238,False,1619.0,True,37.62,False
8.8467,False,4542.0,False,34.3,False
3.4559,True,3013.0,False,38.1,False
3.0357,False,3940.0,False,34.54,True
0.9889,False,975.0,False,33.93,False
3.1094,False,810.0,False,39.26,True
2.0644,False,2386.0,False,41.03,False
2.5234,False,535.0,False,37.96,True
2.7396,False,681.0,False,34.59,True
5.0175,False,3428.0,False,34.04,True
2.7679,False,354.0,False,33.93,False
4.3278,False,7520.0,False,38.36,False
3.0234,False,2366.0,False,36.86,True
2.775,False,2924.0,False,34.02,False
1.6089,False,460.0,False,34.04,False
2.4943,False,1687.0,False,39.4,True
1.5872,False,2501.0,False,38.58,True
1.775,False,1045.0,False,36.51,False
4.5769,False,1896.0,False,34.48,True
7.8193,False,1975.0,False,34.28,False
4.375,False,2127.0,False,34.18,False
4.4427,True,1797.0,False,37.65,False
11.6017,True,1617.0,False,37.84,False
5.1061,False,2001.0,False,33.78,False
1.4625,False,1971.0,False,33.99,False
5.6445,False,5780.0,False,36.83,True
4.0795,False,1995.0,True,33.75,False
3.1083,False,1444.0,False,34.04,False
2.7813,False,1891.0,False,33.94,True
1.5625,True,2457.0,False,37.75,False
4.4583,False,2151.0,True,37.55,False
3.0448,False,4367.0,False,34.12,True
2.5455,False,896.0,True,35.28,False
2.9773,False,2127.0,False,33.96,False
2.3173,False,2110.0,False,37.6,True
2.8462,False,1417.0,False,33.79,False
2.5703,False,1477.0,False,33.98,False
4.5726,False,1947.0,False,33.73,False
3.1677,False,2309.0,False,34.07,False
3.2841,False,2584.0,False,34.13,True
2.2888,False,2292.0,False,38.16,True
3.525,False,3158.0,False,34.11,False
3.1042,False,1091.0,False,34.07,False
2.1591,False,802.0,False,34.06,True
1.8477,True,1715.0,False,37.8,False
3.3971,False,1127.0,False,33.9,False
2.462,False,1529.0,False,34.04,False
5.35,False,2830.0,False,34.21,False
1.9805,True,2026.0,False,37.87,False
3.1603,False,3771.0,False,34.0,False
3.631,False,623.0,False,33.68,False
2.8403,False,1665.0,False,38.02,True
0.8941,False,278.0,False,34.06,False
3.0294,False,1986.0,False,36.52,True
4.3088,False,2105.0,False,32.75,False
7.3718,False,395.0,False,37.81,True
5.1185,False,3560.0,False,32.85,False
6.1273,False,2830.0,False,33.92,False
6.487,False,1812.0,True,33.47,False
6.3914,False,3418.0,False,38.78,True
3.9583,False,689.0,False,34.08,False
1.319,False,2088.0,False,40.22,False
2.0917,False,1401.0,False,33.95,False
3.3625,False,1791.0,False,33.28,True
5.1155,False,1598.0,False,33.6,False
3.1065,False,1823.0,False,37.35,False
4.5769,False,1622.0,False,33.93,False
3.7167,False,1475.0,False,32.8,False
5.152,False,1335.0,True,32.6,False
2.2847,False,2739.0,False,33.93,False
5.5921,False,2903.0,False,37.81,False
5.1269,False,6097.0,False,33.76,False
1.9688,False,944.0,False,34.28,False
2.85,False,1481.0,True,32.68,False
9.0243,False,1780.0,False,37.92,True
2.9474,False,2489.0,False,33.85,False
6.6004,False,1528.0,False,38.48,False
3.0645,True,3028.0,False,37.67,False
3.2917,False,581.0,False,33.93,False
2.3611,False,991.0,False,34.05,False
4.2218,False,3714.0,False,33.85,False
7.3731,False,4508.0,False,33.68,False
2.3832,False,8193.0,False,34.59,True
3.3397,False,2510.0,True,33.72,False
1.4419,False,1553.0,False,36.73,True
2.625,False,1698.0,False,33.98,False
1.6389,False,1865.0,False,39.51,True
1.1458,False,1091.0,False,38.55,True
1.6574,False,998.0,False,33.88,False
4.5724,False,8733.0,False,34.83,True
5.6687,False,1531.0,False,34.23,False
2.2813,False,1432.0,False,39.42,True
5.0509,False,1808.0,False,37.26,False
3.2727,False,1455.0,False,37.3,False
1.7464,True,3218.0,False,37.87,False
5.0603,False,788.0,True,32.81,False
2.3098,False,2451.0,False,34.07,False
2.1875,False,699.0,False,34.06,True
4.0238,False,1836.0,False,33.72,False
2.025,False,201.0,False,33.98,True
4.7188,False,991.0,True,36.97,False
3.5078,False,3260.0,True,32.74,False
6.0487,False,4072.0,False,34.26,False
2.9,False,2704.0,False,37.51,True
2.5062,False,880.0,False,38.66,True
2.2,False,2352.0,False,38.62,True
3.5234,False,1158.0,False,33.99,False
2.7619,True,1108.0,False,38.3,False
9.0055,False,2696.0,False,33.88,False
5.7309,True,1116.0,False,37.64,False
0.8185,False,1107.0,False,34.15,False
5.0699,False,2472.0,False,33.73,False
4.4583,False,556.0,False,36.71,True
3.0078,False,1887.0,False,38.33,False
2.0074,False,3810.0,True,41.75,False
3.125,False,1689.0,False,37.01,True
2.6827,False,1978.0,False,40.32,True
1.8299,False,1961.0,False,36.72,True
1.1601,False,633.0,False,33.95,True
2.9624,False,7963.0,False,32.77,False
3.5179,False,4459.0,True,33.04,False
4.2051,False,2697.0,False,38.48,False
3.2292,False,1691.0,False,36.47,False
2.2083,False,1146.0,False,34.06,False
3.6563,False,1696.0,False,34.17,False
2.5833,False,1053.0,False,33.97,False
2.5313,False,2331.0,False,37.62,True
5.0294,False,2674.0,True,34.44,False
6.0743,False,1618.0,False,33.55,False
1.4896,False,1573.0,False,34.11,True
5.1524,True,2607.0,False,37.42,False
3.6106,False,2181.0,False,33.91,False
3.2957,False,4036.0,False,34.1,True
5.0769,False,3443.0,False,34.03,True
4.511,False,2900.0,False,38.4,False
3.663,True,1692.0,False,37.72,False
3.4559,False,1245.0,False,37.34,True
3.0089,False,2277.0,False,37.34,False
2.3545,False,1150.0,True,33.43,False
3.9423,False,2854.0,True,37.15,False
4.0488,False,4084.0,True,32.7,False
5.2149,False,847.0,False,34.2,False
3.45,False,1923.0,False,38.23,False
1.4063,False,264.0,False,37.49,True
3.038,False,1044.0,False,36.6,False
6.9508,False,7245.0,False,37.22,False
3.1384,False,2189.0,False,33.95,True
4.9118,True,3087.0,False,37.55,False
3.2083,False,1727.0,False,36.44,True
3.975,False,1819.0,False,34.03,False
3.1439,False,2878.0,False,36.67,False
2.5,False,412.0,False,37.43,True
2.8942,False,1004.0,False,38.13,True
2.8393,False,2654.0,False,37.31,True
3.3043,False,2259.0,False,34.14,False
1.6118,False,1287.0,False,34.09,False
2.7101,False,3033.0,False,38.5,True
2.3438,False,839.0,False,38.45,True
3.375,False,1555.0,False,34.07,False
3.5375,False,549.0,False,39.68,True
3.5161,False,1767.0,False,34.04,False
4.6019,False,2440.0,False,33.67,False
2.3958,True,848.0,False,37.68,False
2.8941,False,2702.0,True,36.97,False
1.7159,False,1356.0,False,34.02,False
3.6128,False,2606.0,False,34.16,False
2.5473,False,2717.0,False,38.02,True
2.0,False,2108.0,False,33.77,True
3.7344,False,2111.0,False,34.59,True
7.5349,True,2423.0,False,37.89,False
3.5647,True,1486.0,False,38.22,False
2.675,False,2971.0,True,33.21,False
3.0147,True,1326.0,False,37.48,False
3.016,True,3300.0,False,37.65,False
1.4444,False,296.0,True,33.78,False
3.4013,False,3588.0,False,34.17,False
8.4471,False,3388.0,False,33.63,False
1.9818,False,1416.0,False,34.06,False
1.7365,False,4021.0,False,34.07,False
6.7809,True,4382.0,False,37.88,False
2.375,False,513.0,False,39.78,True
2.9167,False,3451.0,False,35.62,False
3.6607,True,2893.0,False,37.72,False
1.0714,False,418.0,False,36.19,True
4.7708,True,977.0,False,37.77,False
1.6378,False,2481.0,False,36.21,True
3.2266,False,2775.0,False,34.1,True
3.5208,False,3814.0,False,37.69,True
3.1607,False,1618.0,False,34.08,False
5.015,False,1389.0,False,34.2,False
1.6815,False,922.0,True,32.78,False
3.0417,True,2153.0,False,37.86,False
2.7434,False,797.0,False,33.89,False
5.9199,False,434.0,False,34.16,False
3.8081,False,4966.0,False,34.17,False
3.5504,False,5873.0,False,34.18,False
2.0156,False,2048.0,True,33.78,False
3.6442,False,1220.0,False,34.22,False
2.4375,False,4784.0,True,33.22,False
1.5931,False,3631.0,False,32.68,True
3.7568,False,14960.0,True,33.22,False
6.6813,False,2978.0,False,37.33,False
4.4583,False,1999.0,False,37.85,True
1.925,False,1292.0,False,34.03,False
3.755,False,2198.0,False,34.01,False
3.9531,True,4363.0,False,37.89,False
2.6652,False,3517.0,False,34.28,False
6.3373,False,7490.0,False,37.68,False
3.1189,False,1810.0,False,33.9,False
1.3729,False,3103.0,False,37.99,True
3.8173,False,1415.0,False,33.91,False
5.0679,False,1937.0,True,34.27,False
3.5893,True,1102.0,False,37.86,False
2.5388,False,1790.0,False,36.98,True
3.625,False,2126.0,True,37.57,False
1.9464,False,1347.0,False,33.97,False
1.9028,True,1279.0,False,37.85,False
1.9405,False,1502.0,False,34.04,False
4.3897,False,231.0,False,38.93,True
1.625,False,36.0,False,34.02,False
4.817,False,1754.0,False,38.67,True
3.7449,False,12197.0,False,38.63,True
3.0833,True,1786.0,False,37.74,False
3.3431,True,2229.0,False,37.72,False
1.9119,False,1735.0,False,33.97,False
5.4359,False,1923.0,False,33.95,False
3.6111,False,2307.0,True,37.5,False
5.5121,False,1482.0,False,37.26,False
4.0686,True,2060.0,False,37.43,False
4.3851,False,2937.0,False,37.29,False
1.1979,False,390.0,False,34.06,False
3.95,False,1727.0,False,34.02,False
1.4464,False,2501.0,False,34.07,True
3.162,False,2339.0,True,37.56,False
3.5156,True,589.0,False,37.87,False
1.875,False,2004.0,False,34.02,False
4.0156,False,3857.0,False,33.84,False
1.7196,False,939.0,False,38.98,True
2.1375,False,1553.0,False,33.76,False
5.6917,False,4626.0,False,33.87,False
2.5238,True,2838.0,False,37.8,False
3.8147,False,2025.0,False,33.14,False
2.1366,False,2901.0,False,38.76,True
2.5008,False,8350.0,False,34.23,False
4.516,False,2909.0,False,34.04,False
5.3366,False,4289.0,False,34.04,True
4.375,False,1124.0,False,33.93,False
2.1304,False,3972.0,False,36.72,True
5.1356,False,3030.0,False,37.26,False
5.9617,False,2714.0,False,37.97,True
4.5694,False,1020.0,False,38.38,True
2.5,False,826.0,False,37.65,True
5.0224,True,866.0,False,37.73,False
3.3173,False,4325.0,False,33.93,False
3.6343,False,2469.0,False,38.49,False
2.3456,False,2053.0,False,33.91,False
3.09,True,2843.0,False,37.66,False
2.3851,False,2295.0,False,34.17,False
3.0833,False,1611.0,False,33.98,False
5.5785,False,1457.0,True,37.15,False
5.0976,False,3145.0,False,33.87,False
6.2427,False,4261.0,False,33.85,False
3.7454,False,2342.0,False,34.05,False
2.8,False,1999.0,False,34.28,False
2.4459,False,2227.0,False,33.94,False
3.0069,False,2142.0,False,34.04,False
3.1944,False,506.0,False,34.07,False
2.8603,False,3263.0,False,36.01,True
7.5177,False,6678.0,False,33.58,False
4.2212,True,2019.0,False,37.74,False
4.3393,True,2515.0,False,37.75,False
8.9088,False,9729.0,False,33.89,False
5.0864,False,952.0,False,32.73,False
3.5345,False,1196.0,False,40.47,False
3.7262,True,1070.0,False,37.78,False
1.9355,False,2040.0,False,34.11,False
2.1009,False,5179.0,False,38.68,True
4.1064,False,3471.0,False,33.86,False
2.1771,False,1128.0,False,36.44,True
3.0,False,868.0,False,39.3,True
4.5317,False,3761.0,False,37.52,False
2.6648,False,1691.0,False,36.34,False
2.1719,False,1017.0,False,38.01,True
7.1053,False,476.0,False,38.36,True
1.4178,False,1384.0,False,34.02,False
3.3281,False,2643.0,False,38.42,True
7.8252,False,9467.0,False,34.16,True
3.2121,False,3112.0,True,32.69,False
5.5423,False,7876.0,False,34.15,True
4.8536,False,3927.0,False,34.37,False
3.9464,False,3676.0,True,33.1,False
2.9514,True,1229.0,False,37.79,False
5.2551,False,2295.0,False,34.04,True
5.8735,False,3795.0,False,34.11,False
5.8133,False,917.0,False,34.28,False
3.1711,False,2388.0,True,33.79,False
4.4125,False,2835.0,False,35.41,True
6.2683,False,1306.0,False,32.99,False
6.2247,False,1784.0,False,33.82,False
3.4561,False,2791.0,False,38.43,False
2.3182,False,1363.0,False,34.21,False
2.1107,False,1720.0,False,36.21,False
2.2482,False,5163.0,False,34.14,True
3.385,False,1633.0,True,33.76,False
5.1952,False,2181.0,False,33.92,False
3.2813,False,1270.0,False,36.8,True
2.7031,False,1564.0,False,37.98,True
4.0781,False,1427.0,True,37.12,False
3.7917,False,1702.0,False,34.01,False
2.9709,False,3646.0,False,34.09,False
2.4028,False,1000.0,False,34.1,True
0.9298,False,2452.0,False,33.93,False
4.4886,False,2974.0,False,37.5,True
2.2336,False,3269.0,False,37.68,True
1.6355,False,1525.0,False,34.05,False
3.1691,False,1444.0,False,33.74,False
6.5304,False,2981.0,False,34.18,False
1.6369,False,1927.0,False,39.13,True
2.0984,False,1856.0,False,34.05,False
3.6583,False,1854.0,False,33.94,False
2.7348,False,2127.0,True,32.99,False
5.7778,False,3729.0,False,34.1,False
2.875,False,1835.0,True,32.76,False
6.5143,False,1223.0,False,33.67,False
4.8,False,1017.0,True,37.62,False
2.1,False,619.0,False,36.4,True
3.1319,False,456.0,False,37.74,True
3.1766,False,3175.0,False,34.07,False
5.5101,False,1934.0,False,34.19,False
2.8698,False,1451.0,False,37.38,True
3.4331,False,3851.0,False,38.68,True
2.4511,False,709.0,False,33.2,True
3.9227,False,6303.0,False,33.84,False
3.2846,False,12467.0,False,33.73,True
2.2122,False,2887.0,False,33.97,False
3.7153,False,1334.0,False,37.39,False
7.898,False,1533.0,False,33.9,False
2.6429,False,827.0,False,34.25,False
3.5129,False,3779.0,False,38.01,True
3.5187,True,3906.0,False,37.7,False
1.2024,False,1489.0,False,38.04,True
3.1146,False,1569.0,True,32.82,False
4.25,False,1973.0,False,36.47,False
5.133,False,3617.0,False,33.51,False
3.6923,False,1693.0,True,33.81,False
1.7467,False,1463.0,False,35.37,True
3.0404,True,1701.0,False,38.29,False
5.9174,False,2912.0,False,38.59,True
5.0255,True,1544.0,False,37.93,False
2.125,False,2502.0,False,40.47,True
1.8625,False,436.0,False,37.77,True
6.177,False,1804.0,False,37.68,False
4.189,False,21060.0,False,33.9,True
2.0074,False,990.0,False,39.15,False
3.9063,True,3337.0,False,37.82,False
2.4359,False,1353.0,False,34.04,False
2.0076,False,2564.0,False,35.64,False
1.625,False,399.0,False,34.1,False
3.2481,False,4345.0,False,33.7,False
6.5755,False,1829.0,False,33.87,False
3.5446,False,2245.0,True,32.77,False
2.551,False,1474.0,False,33.99,False
3.9688,False,3150.0,False,38.41,False
2.1418,False,3641.0,False,37.32,True
3.9063,False,1092.0,True,34.31,False
8.1344,False,1514.0,False,34.5,True
4.0461,False,1147.0,False,33.9,False
2.0357,False,1971.0,False,33.98,False
1.65,False,1510.0,False,33.94,False
7.6281,False,16921.0,False,33.76,True
4.1563,False,1897.0,True,34.66,False
1.7188,False,524.0,False,37.33,True
1.7213,False,2687.0,False,35.37,True
3.9871,False,1699.0,False,34.87,False
3.0603,False,2511.0,False,32.78,True
3.8292,False,2876.0,False,33.1,False
3.3015,False,3108.0,True,37.48,False
3.1944,False,2009.0,False,34.05,False
4.0328,False,2690.0,False,33.2,False
4.0625,False,1378.0,False,38.46,True
2.9063,False,1350.0,False,34.08,True
3.2734,False,2035.0,False,33.92,False
4.8304,False,2099.0,False,34.13,False
2.7634,False,5777.0,False,33.62,False
4.6,False,3823.0,False,34.16,False
3.3452,False,2887.0,True,34.26,False
4.3056,False,1773.0,False,33.81,False
3.9766,False,904.0,False,38.45,False
3.8598,False,5514.0,False,37.69,True
3.0139,False,1237.0,False,36.63,True
2.92,False,1616.0,True,32.81,False
4.3173,False,2345.0,False,34.16,False
1.9528,False,3474.0,False,37.32,True
3.052,False,5282.0,False,34.15,False
3.8667,True,4368.0,False,38.09,False
5.798,False,2144.0,True,33.02,False
3.5,True,1295.0,False,37.6,False
2.8906,False,1032.0,False,34.08,True
2.4042,True,2333.0,False,37.68,False
3.2312,False,2462.0,False,34.08,False
7.4837,False,16759.0,False,34.13,True
2.7361,False,2370.0,False,34.86,True
3.443,False,8076.0,False,33.99,False
2.5,False,2254.0,False,33.74,False
1.7273,False,883.0,False,38.96,True
4.8083,False,3471.0,False,33.52,False
2.2321,False,1091.0,False,41.54,True
3.6437,True,1205.0,False,37.78,False
2.6812,False,1005.0,False,37.98,True
4.66,False,1680.0,False,33.8,False
3.5469,False,1465.0,False,34.01,False
3.1458,False,2152.0,False,34.07,True
5.4165,False,2231.0,False,34.12,False
2.5463,False,1464.0,False,34.21,False
2.3241,True,1743.0,False,38.11,False
4.2471,False,13315.0,False,37.68,True
5.5,False,2247.0,False,32.8,False
3.3542,False,3486.0,False,38.29,True
4.8125,False,2185.0,False,34.19,False
6.6605,False,2465.0,False,38.03,True
6.3822,False,2105.0,False,33.65,False
1.9125,False,120.0,False,35.37,True
3.9722,False,2610.0,True,34.16,False
1.9029,False,2910.0,False,34.05,True
3.3846,False,715.0,False,33.74,False
3.152,False,1795.0,False,33.71,False
4.5655,False,2739.0,False,34.1,False
3.8462,True,1627.0,False,37.85,False
2.0385,False,3214.0,False,37.65,True
3.9514,False,1691.0,False,36.75,True
2.5197,False,1950.0,False,40.14,True
6.0196,False,1855.0,False,37.27,False
6.0804,False,4664.0,False,38.72,True
3.3889,False,1926.0,False,35.12,True
2.6288,False,1516.0,False,34.04,False
4.1181,False,1643.0,False,34.23,False
4.9643,False,2479.0,False,33.63,False
4.1,False,3795.0,False,34.14,True
4.7375,False,2038.0,False,33.94,False
4.7069,False,1683.0,False,38.0,True
2.6316,False,1077.0,False,34.14,True
2.0156,False,771.0,True,32.68,False
4.2917,False,1473.0,False,38.44,True
4.9485,False,1394.0,False,34.26,False
6.7415,False,2309.0,False,34.27,False
3.0,False,2711.0,False,37.32,False
4.8405,False,11999.0,True,37.43,False
3.1071,False,1652.0,False,39.32,False
1.7548,False,1484.0,False,36.21,False
2.1782,False,4789.0,False,33.61,True
1.9167,True,1126.0,False,37.75,False
1.5347,True,1157.0,False,37.96,False
2.0625,False,1138.0,False,33.91,False
4.81,False,3303.0,False,36.82,True
2.4432,False,3067.0,False,34.07,True
3.0432,False,3197.0,False,33.94,True
3.7857,False,1956.0,False,37.68,True
7.7197,False,63.0,False,34.02,True
3.9755,False,2401.0,False,34.09,True
2.0672,False,5305.0,False,34.1,False
7.5443,False,3160.0,False,37.33,False
3.1149,False,2151.0,True,33.77,False
3.0134,False,1938.0,False,36.13,True
5.1645,False,1507.0,False,33.88,False
2.2024,False,1615.0,True,32.72,False
3.4186,False,4598.0,False,38.53,True
5.4592,False,3074.0,False,35.39,True
3.375,False,844.0,True,32.66,False
3.2431,False,5919.0,False,37.64,True
4.0703,False,2271.0,False,36.32,True
2.3309,True,1234.0,False,37.77,False
2.5625,False,1706.0,True,38.93,False
0.7526,False,761.0,False,38.58,True
3.2331,True,952.0,False,37.63,False
2.6288,False,3166.0,False,35.75,True
3.2234,False,2756.0,False,38.28,True
5.5791,True,4138.0,False,37.99,False
6.7123,False,1983.0,False,37.3,False
3.1213,False,2053.0,False,34.1,True
3.9485,False,3669.0,True,32.72,False
4.0385,False,1885.0,False,34.17,True
4.0516,False,10505.0,False,38.46,True
2.7543,False,1707.0,False,33.64,False
2.5903,False,1119.0,False,34.15,False
3.369,False,1572.0,False,33.76,False
3.1979,False,1608.0,False,33.99,False
3.7931,True,2261.0,False,37.61,False
2.6623,False,3658.0,False,38.63,True
1.7564,False,2153.0,False,36.06,True
2.625,False,1722.0,False,37.29,True
3.6471,False,1370.0,False,33.86,False
4.8519,False,2451.0,False,37.32,False
1.3824,True,2150.0,False,37.76,False
3.6475,False,2530.0,False,33.99,False
6.5412,False,2880.0,False,32.81,False
0.4999,True,12.0,False,37.81,False
1.9583,False,508.0,False,34.06,True
6.3277,False,15348.0,False,34.44,True
4.5594,False,3859.0,False,34.14,True
2.6711,False,1039.0,False,36.43,True
1.5827,False,2157.0,False,39.16,True
7.3089,True,2083.0,False,37.91,False
3.4265,False,683.0,False,38.0,True
2.8289,False,5561.0,False,36.68,False
4.6111,False,4159.0,False,33.77,False
3.4087,False,1095.0,False,34.15,True
3.7708,False,2839.0,False,35.39,True
3.5987,False,2642.0,False,34.03,False
3.662,False,1794.0,False,34.48,True
5.3294,False,4096.0,False,37.29,False
3.7708,False,6339.0,False,34.23,True
2.1176,False,6814.0,False,33.81,True
3.7454,False,1220.0,False,36.62,False
2.6184,False,2685.0,False,36.19,True
1.947,False,1335.0,False,36.77,True
3.8273,False,4590.0,False,34.16,False
2.4732,False,2296.0,False,33.86,False
4.6793,False,1710.0,True,32.62,False
4.7216,False,3349.0,False,33.94,False
2.4191,False,1167.0,False,37.99,True
4.5556,False,2283.0,True,37.47,False
5.5181,False,3502.0,False,34.18,False
1.6563,False,2351.0,False,37.96,True
3.3661,False,1871.0,False,33.94,False
3.0613,False,2003.0,True,32.58,False
5.5118,False,1560.0,False,34.17,False
2.0303,False,2827.0,False,37.94,True
2.1971,True,801.0,False,37.75,False
4.4911,True,3426.0,False,37.97,False
4.2468,True,2964.0,False,37.62,False
3.4167,False,324.0,False,33.8,True
5.4949,False,3747.0,False,37.38,False
3.2642,True,2247.0,False,37.46,False
3.0,False,2053.0,False,33.91,False
5.293,False,2324.0,False,33.85,False
2.1974,False,3430.0,False,34.22,False
4.6327,False,1577.0,False,33.93,True
3.3836,False,2021.0,False,33.93,False
5.225,True,1893.0,False,37.58,False
5.347,False,4638.0,False,37.72,False
2.5074,False,2843.0,False,41.35,True
3.7015,False,4713.0,False,34.19,False
6.4664,False,2319.0,False,37.23,False
4.7813,True,1307.0,False,37.63,False
2.25,False,4552.0,False,33.14,False
5.3525,False,3162.0,False,34.12,True
2.7885,False,1485.0,False,38.55,True
7.0598,False,1024.0,False,34.31,False
4.8462,False,2422.0,False,33.82,False
4.9886,False,759.0,False,34.2,False
6.8268,False,3181.0,False,33.9,False
3.0799,False,2822.0,True,34.28,False
3.4769,True,1947.0,False,37.73,False
4.9107,False,916.0,False,33.91,False
2.2843,False,1546.0,False,34.12,False
4.0859,False,1207.0,True,37.72,False
6.1401,False,3588.0,False,33.61,False
5.5922,False,2183.0,False,34.45,False
3.0417,False,1669.0,False,33.92,False
1.7885,False,747.0,False,37.95,True
3.3438,False,3476.0,False,37.7,True
6.6537,False,2621.0,False,34.24,False
4.2723,False,1654.0,False,38.91,True
5.0551,True,2178.0,False,37.89,False
3.7125,False,2900.0,False,34.15,False
2.6768,False,2907.0,False,33.61,True
4.4271,False,1362.0,False,33.88,False
1.1468,False,2078.0,False,33.94,False
5.4721,True,6277.0,False,37.41,False
2.6477,False,1178.0,False,36.32,True
3.3214,True,772.0,False,37.77,False
3.0156,True,2158.0,False,37.93,False
5.1473,False,4478.0,False,37.66,True
2.1719,False,1573.0,True,36.86,False
3.7065,False,1199.0,False,34.89,True
2.2361,False,176.0,False,38.02,True
3.045,False,1200.0,True,32.86,False
3.7857,False,2390.0,False,34.06,False
3.375,False,525.0,False,33.74,False
3.0714,False,1426.0,False,38.47,False
1.6318,False,2739.0,True,32.75,False
4.2656,False,2300.0,False,34.22,False
4.125,False,1397.0,True,37.09,False
1.8972,False,3778.0,False,38.66,True
4.6424,True,3250.0,False,37.88,False
2.569,False,6298.0,True,32.57,False
1.9026,False,2949.0,False,33.92,False
3.3724,False,3077.0,False,35.94,False
4.2955,False,1685.0,True,37.56,False
6.7599,False,2537.0,False,37.54,False
1.9132,False,1186.0,False,33.99,False
5.8491,False,4210.0,False,33.79,False
6.1133,False,2455.0,False,36.83,True
2.5865,False,2925.0,False,38.6,True
2.4219,False,2147.0,False,33.88,False
1.6477,False,1784.0,False,33.98,False
2.125,False,322.0,False,34.13,False
1.4044,False,1859.0,False,36.97,True
5.1145,False,3258.0,False,34.28,False
2.8594,False,1157.0,False,34.07,True
3.3989,False,4625.0,False,34.08,False
4.635,True,3541.0,False,37.71,False
2.2992,False,2081.0,False,40.41,True
2.3886,False,2523.0,True,32.76,False
3.0739,False,1698.0,False,39.04,True
1.9439,False,1748.0,False,36.02,True
4.2679,False,1321.0,False,34.15,False
2.6513,False,2500.0,False,40.55,True
6.0289,True,3455.0,False,37.98,False
1.4946,False,1376.0,False,39.15,True
2.4044,False,3225.0,False,35.77,True
5.4851,True,7001.0,False,37.91,False
3.4234,False,1846.0,False,33.79,False
3.0519,False,2661.0,False,33.95,False
3.7292,False,3173.0,False,32.81,False
5.7843,False,1794.0,False,37.31,False
5.0099,False,2020.0,False,34.89,False
3.7333,True,2476.0,False,38.0,False
3.0,False,1414.0,False,33.92,False
2.8375,False,2215.0,False,34.09,False
3.775,False,3087.0,True,32.68,False
3.5242,False,1999.0,False,37.75,True
6.1007,False,2486.0,False,33.52,False
3.9688,False,1478.0,False,33.98,False
8.1586,True,3359.0,False,37.86,False
4.0458,False,5127.0,False,38.32,True
3.6719,True,1128.0,False,37.95,False
9.8346,False,1822.0,True,33.73,False
3.3287,False,2584.0,False,34.21,False
3.6417,False,3065.0,False,33.88,False
2.3339,False,2178.0,False,38.01,True
3.0114,False,926.0,False,33.68,True
2.825,False,773.0,False,37.74,True
1.0658,False,200.0,True,32.69,False
2.1289,True,1855.0,False,37.75,False
3.3125,False,4286.0,False,34.19,False
7.4734,False,4382.0,True,34.47,False
4.1862,True,4741.0,False,38.33,False
2.25,False,542.0,False,34.04,False
3.7988,False,1413.0,False,33.69,False
4.4821,False,859.0,False,34.15,True
2.1705,True,503.0,False,37.87,False
4.675,False,1484.0,False,37.24,False
1.1707,False,2372.0,False,32.79,True
3.5192,False,2618.0,False,33.01,False
2.5682,False,2448.0,True,32.71,False
2.8906,False,681.0,False,39.1,True
3.9079,True,2110.0,False,37.76,False
4.1141,True,1885.0,False,37.64,False
2.1587,True,1473.0,False,37.73,False
4.0337,False,2424.0,False,34.3,False
2.7125,False,1053.0,True,36.98,False
5.0072,False,2153.0,True,33.79,False
4.088,False,2527.0,False,38.5,True
1.494,False,564.0,False,34.06,False
3.0208,False,1730.0,False,35.34,True
3.25,False,1690.0,False,37.74,True
2.2679,False,509.0,False,37.54,True
2.5141,False,3000.0,False,36.55,True
1.7067,False,1412.0,False,33.98,False
2.9048,False,1650.0,False,38.9,True
1.5,False,1434.0,True,33.77,False
4.8125,False,826.0,False,33.87,True
1.5517,False,1235.0,True,32.76,False
3.1597,False,1568.0,False,32.78,True
2.6042,False,716.0,False,33.43,False
2.2337,False,1922.0,False,40.92,True
8.1926,False,5743.0,False,33.64,False
3.1441,False,3326.0,False,33.9,False
4.1947,False,2605.0,False,38.0,True
5.6818,False,3666.0,False,33.86,False
5.3908,False,831.0,True,32.69,False
1.1386,False,1703.0,True,40.8,False
5.4622,False,2150.0,False,33.6,False
3.1628,False,2084.0,True,37.61,False
6.359,False,2134.0,False,37.3,False
2.1786,False,2054.0,True,35.28,False
5.5496,False,3855.0,False,34.09,False
3.7841,False,2936.0,True,32.83,False
3.7422,False,3157.0,True,37.57,False
2.425,False,2432.0,False,39.22,True
4.2411,False,1535.0,True,33.83,False
4.2434,False,1685.0,False,34.12,False
3.9,False,1131.0,False,39.05,True
2.2125,False,907.0,False,38.56,True
5.738,False,778.0,False,34.14,False
3.201,False,2703.0,False,34.07,False
3.65,False,1329.0,True,34.25,False
3.0972,False,1817.0,False,38.63,True
6.2073,False,2878.0,False,37.58,False
5.966,True,592.0,False,37.69,False
5.2648,False,2165.0,True,32.94,False
0.8738,False,287.0,False,37.96,True
4.0234,True,1508.0,False,37.71,False
4.1827,False,4061.0,False,34.03,False
3.1568,False,3495.0,False,37.66,True
1.4282,True,4037.0,False,37.73,False
3.2632,False,1968.0,False,35.12,True
3.375,False,1425.0,False,33.97,False
5.0917,False,1605.0,False,38.58,True
3.5735,False,1453.0,False,39.79,True
7.4559,False,2218.0,False,37.39,False
2.3173,True,1632.0,False,37.79,False
2.7308,False,1160.0,True,33.8,False
4.5,False,1991.0,False,33.95,False
2.1856,False,1469.0,True,32.76,False
5.9171,False,3490.0,False,34.52,True
3.1618,False,2754.0,False,34.29,False
3.5536,False,1860.0,False,34.08,False
3.7835,True,1931.0,False,37.73,False
4.875,False,138.0,False,33.96,False
4.0,False,1661.0,False,33.92,False
2.6458,True,629.0,False,37.79,False
6.53,False,2577.0,False,33.04,False
3.5962,False,5343.0,False,40.5,True
2.7431,True,1485.0,False,37.78,False
4.2348,True,6508.0,False,37.99,False
2.3778,False,2028.0,False,34.16,True
6.6331,False,1389.0,False,37.29,False
3.2685,True,2156.0,False,37.77,False
2.8466,False,2051.0,False,39.6,True
3.3841,False,3433.0,False,37.69,True
4.0556,False,1649.0,False,34.31,True
4.625,True,2017.0,False,38.21,False
2.1429,True,2364.0,False,37.8,False
1.5561,False,2426.0,False,34.11,True
1.7875,False,1212.0,False,37.96,True
2.25,False,1402.0,False,36.52,True
2.875,False,2465.0,False,39.06,True
3.9519,False,1295.0,False,39.23,True
6.3579,False,3458.0,False,33.48,False
1.4632,False,1445.0,True,32.7,False
4.6406,False,1776.0,False,33.9,False
4.4083,False,1664.0,False,37.51,True
4.875,False,83.0,False,35.08,True
4.1429,False,880.0,False,34.17,False
2.525,False,703.0,False,33.87,False
2.8024,False,2987.0,False,37.33,False
4.8,False,2196.0,False,33.8,False
5.0677,False,775.0,False,37.66,True
3.2202,False,2838.0,False,34.11,False
6.8695,False,2535.0,False,34.28,False
5.1831,False,440.0,True,37.37,False
2.1524,False,3229.0,False,40.29,True
2.767,False,1809.0,False,34.04,False
2.3056,False,1579.0,False,33.95,False
4.0417,True,1534.0,False,37.74,False
1.2,False,1105.0,False,34.05,False
4.0833,False,473.0,False,37.85,True
4.0556,False,1739.0,False,34.31,False
1.432,False,2636.0,False,34.0,False
1.9676,False,1589.0,False,36.6,True
3.1187,False,2120.0,False,33.01,False
1.7969,False,1648.0,False,36.81,True
4.8036,False,2049.0,False,33.95,False
3.7734,True,2555.0,False,37.75,False
4.2297,True,4234.0,False,37.45,False
3.5096,False,4033.0,True,32.61,False
4.2891,False,2220.0,False,38.42,False
3.2115,False,2237.0,False,38.27,True
6.0162,False,2662.0,False,33.82,False
2.225,False,517.0,True,33.77,False
2.7647,False,1911.0,False,33.96,False
2.875,False,1935.0,False,33.92,False
3.25,False,3078.0,False,38.31,False
3.12,True,1025.0,False,37.86,False
1.4589,False,3358.0,False,34.02,False
3.3169,False,3553.0,False,37.78,True
3.2386,False,2152.0,False,34.17,False
2.5445,False,2469.0,False,34.06,False
1.5809,True,606.0,False,37.75,False
2.2333,False,1895.0,False,36.28,True
4.5595,False,1625.0,False,33.99,False
1.7411,True,1560.0,False,38.11,False
4.5461,False,1700.0,False,33.93,False
3.7543,False,498.0,False,34.02,False
4.43,False,2202.0,True,34.15,False
1.5823,False,5584.0,False,34.12,True
6.6704,False,3401.0,False,33.88,False
1.5844,False,1648.0,True,33.78,False
4.125,False,2340.0,False,34.01,True
0.8229,False,749.0,False,36.21,True
1.0,False,204.0,False,39.2,True
2.7969,False,1578.0,True,37.48,False
2.9519,False,729.0,False,34.26,False
2.4919,False,3589.0,False,35.37,True
3.8788,False,4477.0,False,37.13,False
3.2284,False,3447.0,False,34.25,False
3.95,True,2960.0,False,37.75,False
1.6923,False,403.0,True,36.97,False
4.1111,False,2769.0,False,38.03,True
2.625,False,887.0,False,34.02,False
5.2953,False,3932.0,True,34.29,False
4.7609,True,2262.0,False,37.69,False
6.7418,False,4095.0,False,33.73,False
4.45,False,2542.0,False,34.24,False
2.0135,False,2990.0,False,33.79,True
2.6944,False,1216.0,False,40.54,True
5.0385,False,2427.0,False,37.28,False
2.3882,False,2649.0,False,33.98,False
3.5978,False,1804.0,False,40.45,True
6.2715,False,1989.0,False,32.9,False
10.5941,False,4070.0,False,35.34,True
3.1042,False,224.0,False,38.53,True
9.5908,False,74.0,False,37.14,False
5.0731,False,1344.0,False,33.88,False
2.0375,False,178.0,False,41.21,True
1.8857,False,1620.0,False,36.08,True
3.1838,True,3513.0,False,37.95,False
2.0734,False,2350.0,True,32.59,False
6.256,False,2416.0,False,33.82,False
5.2099,False,2478.0,False,33.86,False
4.5625,False,1054.0,False,37.35,False
3.5073,False,3146.0,False,33.85,False
2.5769,True,1612.0,False,37.95,False
6.541,False,2953.0,False,34.16,False
4.4375,False,5106.0,False,34.26,False
3.0735,False,7079.0,False,34.11,True
5.6999,True,1798.0,False,37.38,False
5.5164,False,2053.0,False,32.75,False
4.6719,False,3504.0,True,35.31,False
3.3021,True,2350.0,False,37.69,False
2.7045,False,2009.0,False,33.86,False
4.7083,False,4461.0,False,37.32,False
4.9732,False,1592.0,False,33.91,False
1.6424,True,2082.0,False,37.84,False
1.6352,False,1885.0,False,39.51,True
2.2311,False,786.0,False,34.1,False
2.8371,False,1233.0,False,33.96,False
4.0052,False,2994.0,False,34.1,False
1.9809,False,3320.0,False,33.92,False
1.9718,False,1480.0,False,34.05,True
4.0625,False,2562.0,False,38.7,True
2.125,False,248.0,False,34.02,True
5.2887,False,3223.0,False,34.42,False
3.875,False,20.0,False,33.67,False
1.4844,False,280.0,True,32.67,False
4.1875,False,1914.0,False,33.78,True
6.1244,False,728.0,False,34.42,False
2.6071,True,1088.0,False,37.86,False
3.7292,False,452.0,False,34.13,True
2.9769,False,2084.0,False,38.54,True
2.3043,False,1435.0,False,40.02,True
3.4821,False,1489.0,False,34.29,False
2.6875,False,843.0,False,36.72,True
1.95,False,1284.0,False,33.89,True
3.9091,True,1085.0,False,37.4,False
2.3818,False,2806.0,False,37.72,True
3.1103,False,1171.0,False,33.86,True
3.3967,False,2174.0,True,33.42,False
8.3014,True,7099.0,False,37.86,False
1.7614,False,496.0,False,35.35,True
4.6833,False,2864.0,False,38.26,False
2.1434,False,2918.0,False,41.78,True
4.392,False,2026.0,False,34.12,True
1.7579,False,17286.0,False,33.98,True
4.8906,False,2423.0,False,33.54,False
3.1917,False,1071.0,False,33.89,False
4.0655,False,2015.0,False,37.4,False
2.8007,False,1345.0,False,34.15,True
2.809,False,2457.0,False,34.12,True
3.3854,False,2293.0,True,32.76,False
2.7179,False,3007.0,False,34.08,False
3.3125,False,901.0,False,34.18,False
3.7222,True,3115.0,False,37.69,False
2.1417,False,798.0,True,34.43,False
3.8125,True,2264.0,False,37.73,False
4.3553,False,2051.0,False,38.15,True
2.4053,False,5959.0,False,34.12,True
3.3365,False,3111.0,False,34.02,True
4.2015,True,2094.0,False,37.8,False
3.1977,False,1431.0,True,36.58,False
6.6719,False,2095.0,False,33.84,False
6.4664,False,2093.0,False,37.31,False
4.0714,False,3079.0,False,33.89,False
6.075,False,3995.0,False,34.13,True
2.6548,False,1095.0,False,33.98,False
4.6528,False,1310.0,True,33.74,False
4.3077,True,1755.0,False,37.4,False
2.4554,False,1677.0,False,36.2,True
1.2065,False,4893.0,False,36.74,True
3.3074,False,1086.0,False,38.68,True
3.6629,False,1527.0,False,37.58,True
4.275,False,4931.0,False,33.77,False
4.5491,False,503.0,False,34.36,True
6.2971,False,3600.0,False,34.42,False
1.3029,False,2137.0,False,36.74,True
2.1563,False,2654.0,False,34.12,True
4.9444,False,1140.0,False,34.11,True
3.125,False,1568.0,False,38.42,True
6.1103,False,2306.0,False,32.77,False
3.2705,False,7105.0,False,33.93,True
1.4036,False,2773.0,True,35.28,False
3.4187,True,1474.0,False,37.98,False
2.4444,False,2437.0,False,34.03,False
1.75,False,1667.0,False,37.34,True
3.7198,False,1525.0,False,37.36,False
2.3654,False,1731.0,False,33.89,True
3.8583,False,6550.0,False,38.25,True
5.1805,False,3359.0,False,33.79,False
2.3664,False,2130.0,False,34.07,False
5.5875,False,5756.0,False,34.51,True
3.5714,False,1908.0,False,35.4,True
1.6776,False,879.0,False,33.97,False
7.2929,False,1574.0,True,37.53,False
3.625,False,1784.0,False,36.63,True
2.8701,False,2221.0,False,34.2,False
2.7022,False,2344.0,False,34.02,False
3.0587,False,5749.0,False,34.08,True
1.2532,False,1984.0,False,34.7,True
4.2564,False,5950.0,False,33.79,False
5.5291,False,2298.0,False,34.14,False
4.9355,False,3150.0,False,34.25,False
5.6302,True,2924.0,False,37.91,False
2.8289,False,851.0,False,33.76,False
2.7917,False,2066.0,False,33.97,False
4.0156,False,711.0,False,34.16,True
2.875,True,1026.0,False,37.78,False
4.5,False,1344.0,True,37.69,False
3.8056,False,16010.0,False,33.63,False
4.2031,False,530.0,False,38.55,True
4.8088,False,3243.0,False,38.66,True
2.4497,False,10105.0,False,33.81,True
4.0536,False,1221.0,False,33.88,False
2.6074,False,3759.0,False,34.1,True
5.2608,False,3972.0,False,36.73,True
3.0721,False,1298.0,False,34.13,True
2.2794,False,2670.0,False,38.67,True
3.925,False,1249.0,False,37.35,False
1.899,False,1960.0,False,32.69,True
8.4284,False,3372.0,False,32.99,False
1.5547,False,1855.0,False,36.74,True
3.0536,False,952.0,True,40.62,False
4.1098,False,2198.0,False,38.0,False
2.9643,False,1806.0,False,33.91,False
2.506,False,5980.0,False,34.14,False
4.5461,False,2819.0,False,35.1,False
4.8125,False,2009.0,False,33.99,False
4.2917,False,1114.0,False,34.0,False
1.27,False,1729.0,False,41.41,True
2.3015,False,1074.0,False,34.04,False
5.0828,False,3348.0,False,36.83,True
4.4728,False,1692.0,False,33.73,False
3.9375,False,1941.0,False,34.14,False
5.0574,False,3404.0,False,38.34,False
3.8372,False,2475.0,False,33.91,False
1.1903,False,1657.0,False,35.58,True
3.3571,True,1210.0,False,37.77,False
4.4699,False,2697.0,False,37.36,False
3.7212,False,2647.0,False,37.69,True
5.716,False,1145.0,False,37.4,False
2.6629,False,2740.0,False,36.42,False
2.6781,False,2880.0,False,34.05,False
3.0409,True,2191.0,False,37.77,False
5.0198,False,2404.0,False,34.35,True
4.0904,True,591.0,False,37.77,False
4.8286,False,4713.0,False,32.87,False
3.2042,False,2265.0,False,36.07,True
2.7083,False,3057.0,False,35.33,True
8.163,False,366.0,False,33.49,False
3.0147,False,4323.0,False,38.46,False
3.15,False,1879.0,False,38.54,True
6.5078,False,1883.0,False,34.11,False
3.735,False,3264.0,False,34.13,True
2.8458,True,2250.0,False,37.76,False
3.1667,False,931.0,False,34.05,False
3.1375,False,1701.0,False,38.32,False
3.5076,False,1530.0,False,34.03,False
5.5959,False,2365.0,True,34.41,False
2.9821,False,5497.0,False,38.25,True
4.9286,False,977.0,False,32.74,False
3.3833,False,1649.0,False,37.29,False
3.7904,False,2615.0,False,38.79,True
3.2396,False,4109.0,False,37.48,True
4.0039,False,1549.0,False,33.84,False
2.2589,False,1429.0,False,38.94,True
3.2206,False,1323.0,False,33.94,False
3.3214,False,937.0,False,34.27,False
5.07,False,1816.0,False,38.82,True
2.7399,True,2962.0,False,37.52,False
3.5625,False,1698.0,False,37.8,True
4.6094,True,2567.0,False,37.76,False
3.6875,False,936.0,False,33.98,False
4.4934,False,2403.0,False,33.86,False
2.76,False,3042.0,False,34.01,True
3.3006,False,3506.0,False,33.83,False
4.3317,False,3225.0,True,32.83,False
1.95,False,1166.0,False,33.97,True
7.001,False,1924.0,False,34.2,False
4.2429,False,12870.0,False,34.04,True
2.6637,False,3580.0,False,35.34,True
1.2,False,1300.0,False,33.93,False
2.5417,False,752.0,False,34.01,False
2.8438,False,1067.0,False,33.95,False
6.2742,False,3034.0,False,37.32,False
2.6658,False,2843.0,False,34.58,True
4.4435,False,1517.0,False,34.14,True
2.113,False,2131.0,True,32.75,False
5.417,False,3123.0,True,32.87,False
3.4375,False,1461.0,False,37.34,False
4.4375,False,12045.0,False,33.09,False
4.0036,False,3033.0,False,38.63,True
4.3958,True,144.0,False,37.77,False
5.653,False,3409.0,False,34.27,False
3.9722,False,5277.0,True,37.65,False
2.4583,False,928.0,True,33.19,False
7.1472,False,1142.0,False,33.89,False
4.0882,False,3031.0,False,33.41,False
3.6696,False,1904.0,False,34.1,False
5.4786,False,4393.0,False,33.11,False
1.5954,False,2456.0,False,34.06,False
1.275,False,2570.0,False,32.8,True
1.75,False,215.0,False,37.63,True
1.5615,False,2407.0,False,33.94,False
2.0833,False,651.0,False,37.77,True
3.3804,False,1201.0,False,33.9,False
4.09,False,1312.0,True,34.27,False
2.1818,False,1637.0,False,35.37,True
2.625,False,2886.0,False,34.0,False
2.46,False,1781.0,False,39.56,True
2.3895,False,1583.0,False,39.72,True
1.375,False,1673.0,False,35.38,True
2.1905,False,1274.0,False,34.03,False
4.7396,False,1287.0,False,38.73,True
1.3403,False,1638.0,False,34.0,False
1.9575,False,3505.0,False,36.79,True
2.6518,False,2802.0,False,33.96,False
6.5437,False,6239.0,False,33.9,False
3.2097,False,644.0,False,33.82,True
5.7794,False,2983.0,False,34.13,False
2.9453,False,2273.0,False,38.39,False
3.1591,False,1141.0,False,34.04,False
3.4167,False,1186.0,False,37.49,True
4.065,False,1771.0,False,33.82,True
7.1736,False,2459.0,False,33.55,False
1.7938,False,2114.0,True,33.79,False
2.5172,False,3924.0,True,35.31,False
4.1645,False,4308.0,False,37.28,False
2.3438,False,786.0,False,34.07,False
3.4543,True,4609.0,False,38.32,False
6.1078,False,4678.0,False,33.63,False
3.1389,False,1940.0,False,38.25,True
2.7778,False,3561.0,False,34.48,True
3.2614,False,3518.0,False,33.36,False
4.7773,False,997.0,True,33.74,False
2.5938,False,350.0,False,37.55,True
5.0374,False,1337.0,False,36.74,False
3.83,False,1499.0,False,34.03,False
1.5481,False,502.0,False,39.73,True
3.875,True,1545.0,False,37.78,False
2.4911,False,1681.0,False,34.07,True
3.725,True,1722.0,False,37.39,False
4.0283,False,2458.0,False,34.05,False
4.1146,True,2267.0,False,37.68,False
2.85,False,3061.0,False,34.19,False
4.0144,False,4505.0,False,36.34,True
1.1194,False,1342.0,False,33.98,True
4.6731,False,1360.0,False,33.91,False
1.3042,False,1696.0,False,33.98,False
2.3462,False,1845.0,False,34.01,False
4.5486,False,1840.0,True,34.63,False
3.2865,False,822.0,False,34.28,False
5.0855,False,1703.0,True,32.86,False
2.2042,False,1980.0,True,32.75,False
3.116,False,7297.0,False,34.02,False
8.8636,False,3473.0,False,33.59,False
3.6572,False,6262.0,False,34.14,False
2.2721,False,1185.0,False,36.32,True
3.0859,False,3216.0,False,37.95,True
4.4231,False,744.0,False,37.88,True
4.4561,True,2377.0,False,37.92,False
7.8407,False,4423.0,False,37.23,False
1.2455,False,2057.0,False,33.95,False
2.2102,False,1269.0,True,32.69,False
3.0938,False,2517.0,False,38.58,True
4.25,False,1464.0,True,37.62,False
6.142,False,4420.0,True,37.49,False
2.5446,False,9285.0,False,34.26,True
2.125,False,40.0,False,34.02,False
6.1168,False,1410.0,False,33.84,False
9.5862,True,6039.0,False,37.85,False
2.0313,False,1497.0,False,36.57,True
3.3047,False,1746.0,True,37.18,False
3.6908,False,2059.0,True,35.4,False
2.5488,False,1547.0,False,34.06,False
3.825,False,1274.0,False,36.59,True
3.3409,False,1519.0,False,34.05,False
1.942,False,2712.0,False,33.74,True
3.5385,False,3120.0,False,39.32,True
6.7099,False,2131.0,False,34.11,False
6.6288,False,27700.0,False,34.04,False
6.8197,False,1877.0,False,33.96,False
2.9974,False,2335.0,False,34.21,False
3.225,False,1024.0,False,34.27,False
2.3375,False,1821.0,False,34.07,False
4.6369,False,1911.0,False,33.77,False
5.8948,True,1757.0,False,37.83,False
6.844,False,2499.0,False,38.67,True
4.1442,False,3362.0,True,32.66,False
4.5536,False,4750.0,False,34.24,True
2.53,False,934.0,False,34.06,False
2.0476,False,438.0,False,34.09,False
7.8336,True,2220.0,False,37.9,False
2.4632,False,2024.0,False,38.61,True
8.6675,False,957.0,False,37.44,False
5.2442,False,2738.0,False,37.97,True
3.0219,False,3511.0,False,34.23,False
2.2407,False,1472.0,False,35.35,True
1.8333,False,833.0,True,32.66,False
2.6667,False,1170.0,False,37.34,False
2.8603,True,1070.0,False,37.73,False
2.5038,False,1874.0,False,39.14,True
5.1002,False,2762.0,True,37.24,False
2.8594,False,4413.0,False,33.76,False
4.2292,False,2046.0,False,33.89,False
6.8443,False,1631.0,True,33.0,False
2.0685,False,1867.0,False,32.8,False
1.8971,False,1973.0,False,36.76,True
6.2162,False,3114.0,False,33.71,False
1.7121,False,1295.0,False,33.97,False
5.7358,False,6483.0,True,32.63,False
5.7654,False,1577.0,False,33.84,False
2.8095,False,2636.0,False,33.82,False
3.8214,False,2722.0,False,33.95,False
2.4524,False,684.0,True,32.74,False
6.7962,False,3345.0,False,33.67,False
3.2793,False,1566.0,False,37.35,False
3.4286,False,1824.0,True,32.75,False
3.3713,False,2690.0,False,33.87,False
4.1597,False,1215.0,False,38.47,True
5.5622,True,3700.0,False,37.73,False
2.5677,False,6009.0,False,34.07,True
2.9107,False,2532.0,False,34.06,True
4.263,False,3207.0,False,34.08,True
3.8542,False,2485.0,False,37.66,True
3.4773,True,2289.0,False,37.71,False
2.4583,False,2469.0,False,34.77,False
3.0958,False,1767.0,False,34.1,False
2.0096,False,894.0,False,33.9,False
5.8322,False,8748.0,False,37.39,False
1.8125,False,1759.0,False,39.77,True
8.0082,False,4277.0,False,33.57,False
1.6094,False,1388.0,False,36.66,True
2.625,False,885.0,False,33.65,False
5.357,False,5096.0,False,37.3,False
5.3767,False,1132.0,False,36.35,True
4.3906,False,2169.0,False,33.78,False
2.3071,False,2591.0,False,34.12,False
2.9934,False,499.0,True,37.57,False
2.9107,False,2453.0,False,37.97,True
1.7014,False,1466.0,False,34.04,False
3.2845,False,883.0,False,38.44,False
3.8269,False,1858.0,True,38.07,False
3.6453,False,3885.0,False,34.37,False
3.375,False,2885.0,False,37.31,False
5.543,False,1865.0,False,33.86,False
6.5722,False,2837.0,False,34.11,True
1.7716,False,2888.0,False,35.24,True
4.1429,False,1560.0,False,34.05,False
6.2519,False,4259.0,False,33.82,False
4.6354,False,1589.0,False,33.89,False
2.5517,True,1736.0,False,38.05,False
2.4615,False,324.0,False,37.86,True
4.875,False,6119.0,False,38.63,True
2.2188,False,921.0,True,40.88,False
3.6745,False,2887.0,False,34.18,False
2.1153,False,1524.0,False,36.34,True
0.9463,False,863.0,False,34.0,False
8.3617,False,1368.0,False,34.06,False
4.4444,False,1689.0,False,38.35,False
4.4312,True,3872.0,False,37.92,False
4.9879,False,1812.0,False,37.67,True
8.1489,True,4845.0,False,37.89,False
5.2486,False,2023.0,True,37.05,False
5.7121,False,2097.0,False,33.73,False
3.4659,False,2567.0,False,32.78,False
1.9732,False,2455.0,False,36.99,True
4.1304,False,1757.0,False,33.55,False
4.2917,False,1265.0,False,36.29,True
3.5156,False,360.0,False,38.8,False
6.8729,False,3059.0,False,33.78,True
2.7969,False,1115.0,False,36.42,True
3.215,False,1403.0,False,38.26,True
2.6942,False,4401.0,False,38.23,True
2.4808,True,2784.0,False,37.63,False
2.0074,False,2077.0,False,38.55,True
2.1833,False,5486.0,False,40.35,True
4.3203,False,1987.0,False,33.82,False
0.8702,False,1249.0,False,34.02,False
4.4196,False,1521.0,False,35.38,True
6.2556,False,3578.0,False,33.88,False
5.0641,False,1398.0,False,33.87,False
4.8962,True,4981.0,False,37.56,False
3.1554,False,1887.0,False,33.97,False
3.5541,True,1655.0,False,37.64,False
2.6973,False,3473.0,False,32.74,False
2.1908,False,1604.0,False,36.57,True
2.59,True,1137.0,False,37.77,False
2.9016,False,2787.0,False,38.65,True
1.5988,False,1120.0,False,38.01,True
4.3816,False,2316.0,False,36.32,True
4.6452,False,1722.0,False,33.68,False
4.5294,False,2947.0,False,33.82,False
5.2879,True,5719.0,False,37.57,False
1.9458,False,1168.0,False,38.42,False
3.5625,False,3236.0,False,37.36,False
2.2402,False,3919.0,False,38.7,True
2.875,True,1745.0,False,37.79,False
4.0,True,3114.0,False,37.75,False
4.9375,False,2512.0,False,33.87,False
3.0964,True,5914.0,False,37.69,False
4.4688,False,1488.0,False,34.24,False
4.4375,False,705.0,True,32.69,False
3.0755,False,3888.0,True,32.77,False
4.6667,False,2023.0,False,33.95,False
6.0767,False,808.0,False,38.38,True
2.375,False,3598.0,False,34.09,True
5.0194,False,1383.0,False,33.97,True
7.7932,False,1617.0,True,37.45,False
4.9504,True,7854.0,False,38.13,False
3.1656,False,4445.0,False,33.93,False
1.7719,True,768.0,False,37.81,False
1.5872,False,1314.0,False,33.94,False
3.3897,False,589.0,False,34.19,False
5.5,False,2759.0,False,38.65,True
6.3617,False,922.0,False,37.1,False
2.5795,False,1650.0,True,33.75,False
2.6782,True,2459.0,False,37.79,False
2.5703,False,1628.0,False,35.42,True
4.2667,True,1519.0,False,37.75,False
1.6875,False,1664.0,True,35.27,False
2.9958,True,2141.0,False,37.69,False
4.0,True,3007.0,False,38.11,False
3.225,False,1948.0,False,33.96,False
5.8151,False,4405.0,False,37.58,False
3.7,False,1583.0,False,34.25,False
3.2212,False,2599.0,True,34.19,False
2.5663,False,2742.0,False,34.1,False
3.5684,False,3461.0,False,38.03,True
2.7857,False,2492.0,False,39.47,False
2.5486,False,1373.0,False,37.72,True
5.2949,False,1984.0,False,38.65,True
3.225,False,2429.0,True,32.8,False
1.8958,False,590.0,False,37.92,True
3.0536,False,2799.0,False,35.1,False
2.4735,False,1898.0,False,34.1,True
7.611,True,18634.0,False,37.72,False
2.9213,True,1045.0,False,37.78,False
1.303,False,1768.0,False,34.0,False
2.7157,False,1295.0,False,33.77,False
2.0154,False,2719.0,False,33.75,True
3.0179,False,2909.0,False,40.88,True
1.0469,False,530.0,False,34.06,True
4.4279,False,2065.0,False,33.93,False
2.9784,False,1113.0,False,32.78,False
1.7788,False,2063.0,False,39.76,True
4.6371,False,1503.0,False,37.29,False
1.8289,False,1820.0,False,35.39,True
3.125,True,1350.0,False,38.06,False
3.0,False,1951.0,False,33.98,False
6.3654,False,4424.0,True,34.45,False
3.0882,False,1815.0,True,33.81,False
4.733,False,1928.0,False,34.1,True
2.5495,False,2080.0,False,39.19,True
1.722,False,2324.0,False,38.46,False
4.2011,False,1865.0,True,38.01,False
5.01,False,2474.0,False,37.65,True
3.5795,False,1443.0,False,34.08,False
2.3971,True,2059.0,False,37.88,False
5.444,False,1534.0,False,34.0,False
2.1563,False,1432.0,False,36.69,True
3.9097,True,2684.0,False,37.76,False
2.9315,False,2126.0,False,33.98,False
2.4844,False,1854.0,False,33.85,False
2.3347,False,1422.0,False,33.82,False
1.9013,False,1521.0,False,38.56,True
3.2024,False,2994.0,False,33.15,False
1.9387,False,3107.0,True,33.79,False
1.689,False,1068.0,False,33.97,False
4.2768,False,1351.0,True,32.84,False
3.1415,False,1450.0,False,34.03,False
3.0536,True,898.0,False,37.78,False
2.8622,False,2737.0,False,33.79,False
2.7885,False,3082.0,False,38.26,True
2.3958,False,2176.0,False,38.67,True
4.1458,False,2104.0,False,34.1,True
3.2396,False,1365.0,False,32.85,True
1.721,False,1476.0,False,34.05,False
3.2052,False,4559.0,False,37.32,False
3.0156,False,728.0,False,36.57,True
4.036,False,19107.0,False,33.75,True
6.4894,False,2495.0,False,38.37,True
3.2788,False,1315.0,False,33.98,False
3.814,False,3069.0,False,32.92,False
4.355,False,4559.0,True,33.66,False
3.2833,False,431.0,True,37.66,False
4.3714,False,2785.0,True,32.7,False
3.7083,False,2006.0,False,34.01,False
1.787,False,2297.0,False,40.15,True
5.2508,False,3098.0,False,35.5,False
4.5237,False,16181.0,False,34.55,True
2.0216,False,2158.0,False,36.38,True
3.5391,False,4849.0,False,35.13,True
4.1212,True,1369.0,False,37.9,False
2.0184,False,1319.0,False,34.66,True
3.1607,False,1003.0,False,34.08,False
6.6827,False,9621.0,False,37.7,True
4.9769,False,1870.0,False,37.3,False
5.296,False,1790.0,False,33.84,False
2.2083,False,902.0,False,36.84,True
3.1429,False,284.0,False,37.81,True
4.175,False,2373.0,False,37.98,True
3.3929,False,2447.0,False,37.21,True
2.9312,False,2070.0,False,33.79,False
1.875,False,3298.0,False,34.22,True
2.4598,False,677.0,False,37.74,True
7.494,True,7274.0,False,37.99,False
3.5625,False,4236.0,False,34.25,True
6.1896,False,4768.0,True,37.5,False
3.9,False,406.0,False,33.89,False
3.0864,False,2430.0,False,38.62,True
4.747,False,10236.0,False,37.24,False
2.8988,False,1786.0,True,33.8,False
1.7857,False,1808.0,False,35.41,True
4.6417,False,2479.0,False,34.69,True
4.5375,False,1284.0,False,36.72,True
2.5978,False,302.0,False,34.42,False
3.1742,False,1738.0,False,33.71,False
2.625,False,431.0,False,38.67,True
4.0833,False,1430.0,False,33.97,True
3.5435,True,2602.0,False,37.77,False
2.1696,False,1523.0,False,38.27,False
3.5637,False,3068.0,False,34.15,False
3.4722,True,1340.0,False,37.66,False
1.6892,False,1542.0,False,34.0,False
3.5104,False,1246.0,False,34.26,False
5.155,False,3109.0,True,37.63,False
1.5727,False,1461.0,False,36.1,True
2.8393,False,684.0,False,34.0,False
2.77,False,1226.0,False,36.65,True
4.0556,False,4582.0,True,37.65,False
2.6932,False,1746.0,False,36.8,True
2.9076,False,2718.0,False,34.24,False
6.1142,False,1491.0,False,34.19,False
3.2643,False,3559.0,False,34.14,False
3.6171,False,7828.0,False,34.16,False
2.9732,True,1670.0,False,37.77,False
4.5625,False,3908.0,False,34.16,True
5.3245,False,2371.0,False,38.0,True
2.85,True,5175.0,False,37.95,False
2.4545,False,886.0,True,33.77,False
3.1486,False,1195.0,False,36.33,True
3.4375,True,1197.0,False,37.69,False
0.9705,False,380.0,False,33.94,False
4.2422,False,2298.0,False,33.88,False
3.2083,True,3525.0,False,37.76,False
15.0001,False,220.0,False,37.19,False
4.0938,False,1415.0,False,38.35,True
4.6371,False,2197.0,True,37.57,False
2.3636,False,1777.0,False,34.07,False
2.1149,False,1105.0,False,37.32,False
2.425,False,1989.0,False,34.14,True
1.6757,False,2773.0,False,41.26,True
3.4338,False,2969.0,False,35.03,True
4.0408,False,2755.0,False,33.08,False
3.2303,False,2277.0,False,39.17,True
1.5846,False,2608.0,False,33.99,False
5.1047,False,6169.0,False,37.82,True
2.2411,False,1079.0,False,33.92,False
2.2813,False,3361.0,False,33.98,False
4.5022,False,4860.0,False,33.65,False
6.7061,True,3741.0,False,37.94,False
2.774,False,2121.0,False,35.39,True
4.9167,False,1150.0,False,37.99,True
3.8409,False,1403.0,False,34.04,False
3.4492,False,1991.0,False,39.12,True
6.5784,False,1778.0,False,34.12,True
3.8819,False,1890.0,False,33.85,False
8.0683,False,2421.0,False,34.15,True
3.9167,False,3297.0,True,38.38,False
5.2742,False,3471.0,False,34.23,False
3.2019,False,1287.0,False,36.34,True
4.4318,True,2332.0,False,37.76,False
5.0145,False,9807.0,False,34.23,False
4.119,False,1046.0,False,39.33,True
5.7157,False,2989.0,False,33.75,False
7.9213,False,2734.0,False,34.13,False
1.9792,False,1551.0,False,34.0,False
2.7813,False,1731.0,False,33.06,True
6.091,False,3123.0,False,33.69,False
3.4506,False,6262.0,False,38.68,True
5.0299,False,756.0,False,33.89,False
3.5556,False,1939.0,False,33.88,False
4.0515,True,3699.0,False,38.15,False
4.6992,False,1759.0,False,33.97,False
2.5568,False,1601.0,True,32.8,False
4.5625,False,3936.0,False,32.97,False
2.7377,False,17738.0,True,34.7,False
3.3462,False,5156.0,False,40.25,True
3.1528,False,6060.0,False,34.88,True
3.9231,False,2037.0,False,34.15,True
8.7657,False,1999.0,False,34.14,False
2.745,False,1818.0,False,33.92,False
6.4667,False,4556.0,False,34.09,False
4.983,True,1480.0,False,37.47,False
4.0223,False,2443.0,False,34.3,False
5.3002,False,2628.0,False,37.98,True
2.1888,False,2331.0,False,34.21,False
3.6406,False,4414.0,False,38.72,True
3.9914,False,3438.0,False,38.66,True
3.7031,False,1999.0,False,33.86,False
3.3269,True,2388.0,False,37.77,False
2.2375,False,2927.0,True,32.73,False
7.2845,False,4154.0,False,33.73,False
2.4167,False,4769.0,True,34.15,False
2.9191,False,1750.0,False,38.56,True
3.7656,False,6434.0,False,36.86,True
1.6136,False,223.0,False,34.07,False
4.1563,False,1577.0,False,33.47,False
4.625,False,4371.0,False,35.16,True
5.2285,False,3174.0,False,36.66,False
3.3438,False,1627.0,False,33.86,False
2.9161,False,5308.0,False,32.82,False
3.1607,False,1066.0,False,32.92,False
4.4312,True,2399.0,False,37.75,False
2.7028,False,3375.0,False,34.03,True
2.5083,False,2805.0,False,35.39,True
3.1062,False,2722.0,False,41.63,True
3.1908,True,1410.0,False,37.71,False
2.4688,False,1251.0,False,33.79,False
1.8396,False,2469.0,False,34.13,True
4.2075,False,6093.0,False,38.5,True
2.0595,False,2380.0,False,36.98,True
5.3886,False,1924.0,False,36.84,True
3.5707,False,2174.0,False,34.21,False
5.761,False,2095.0,False,37.53,False
2.8438,False,1719.0,True,33.82,False
4.875,True,1509.0,False,37.44,False
2.7598,False,9033.0,False,33.71,True
4.3542,False,1699.0,False,33.94,False
2.0185,False,1554.0,False,34.06,False
2.4952,False,1724.0,False,39.47,True
2.8287,False,1452.0,False,36.58,True
5.678,False,1582.0,False,37.35,False
1.375,False,241.0,False,40.51,True
0.8836,True,1821.0,False,37.8,False
1.4665,False,4913.0,False,33.96,True
2.8438,False,3027.0,False,38.37,True
4.6674,False,4675.0,False,32.84,False
5.0631,False,500.0,False,33.69,False
4.8316,False,2831.0,False,34.26,False
3.7459,False,3530.0,False,34.01,False
4.6127,False,5996.0,False,38.63,True
1.5054,False,1632.0,False,33.75,False
3.0521,False,1832.0,False,34.11,False
5.1728,False,479.0,False,36.29,True
4.7875,False,3329.0,True,34.66,False
4.54,False,4412.0,False,33.84,False
1.8277,False,2193.0,False,34.1,False
4.1339,False,2641.0,False,33.79,False
2.1829,False,2715.0,True,41.74,False
4.8836,False,4475.0,False,37.34,False
4.1719,False,1033.0,False,34.15,True
1.325,True,941.0,False,37.75,False
1.7463,False,839.0,False,34.07,False
3.2279,False,4314.0,True,34.44,False
3.125,False,259.0,False,35.91,True
2.0337,False,1802.0,False,32.8,False
5.5486,False,1290.0,False,33.82,False
2.1013,False,3360.0,False,38.02,True
3.6707,False,2775.0,False,33.83,False
2.165,False,2679.0,False,39.53,True
0.971,False,2782.0,False,33.75,False
5.316,True,3262.0,False,37.43,False
2.5288,False,3132.0,True,32.74,False
1.3007,True,1213.0,False,38.1,False
2.7231,False,6526.0,False,34.16,False
2.913,False,1090.0,False,34.04,False
2.2401,False,2578.0,False,33.83,False
3.6435,False,1616.0,False,33.89,False
2.0324,False,1012.0,False,36.78,True
1.5272,False,2215.0,False,33.99,False
5.679,False,1005.0,False,38.56,True
4.0179,False,1284.0,False,33.97,False
2.2054,False,972.0,False,33.98,False
1.6112,False,3926.0,False,34.1,False
6.7805,False,1931.0,False,34.19,False
4.1875,False,2814.0,False,34.17,False
5.6529,False,3443.0,False,38.65,True
3.9934,False,1447.0,False,34.12,False
3.4299,False,4175.0,False,38.62,True
3.1946,False,5613.0,False,34.57,True
4.6042,True,2619.0,False,37.73,False
4.3636,False,2970.0,False,33.81,False
3.9306,False,1593.0,False,37.09,False
4.25,False,2203.0,False,34.07,False
2.35,False,2199.0,False,37.7,True
1.6267,False,1569.0,False,38.42,False
2.6842,False,2616.0,False,34.07,False
2.1964,False,443.0,False,33.93,False
4.0813,False,5474.0,True,32.72,False
5.76,False,1444.0,False,34.26,False
4.3594,False,2000.0,False,32.81,False
4.0,True,1037.0,False,37.71,False
2.425,False,3667.0,False,34.21,False
1.6786,False,1503.0,False,35.37,True
3.3977,False,1409.0,False,34.07,False
3.5036,False,1840.0,False,34.07,True
0.8928,False,662.0,False,39.14,True
6.994,True,5470.0,False,37.99,False
2.6847,False,3297.0,True,40.99,False
4.064,False,1970.0,False,34.08,False
6.8039,False,2603.0,False,33.68,False
2.59,False,1834.0,False,36.71,True
2.6667,False,495.0,False,37.68,True
2.9861,False,3328.0,False,37.12,True
2.6962,False,3548.0,True,32.74,False
2.7759,False,2705.0,False,33.85,False
4.2464,False,3262.0,False,38.7,True
2.6576,False,3501.0,False,35.94,True
4.3264,False,1875.0,False,34.05,True
2.4308,False,6988.0,False,34.26,True
3.599,False,1510.0,False,34.26,False
1.9762,False,1171.0,False,34.06,True
4.0332,False,508.0,False,34.82,True
4.1776,False,1342.0,False,33.9,False
2.6951,False,2748.0,False,33.97,False
2.1189,False,4563.0,False,34.08,True
2.4779,False,2050.0,True,32.75,False
4.7804,False,4138.0,False,33.78,False
3.2852,False,6111.0,False,37.33,True
3.25,False,812.0,False,33.83,False
2.1281,False,2891.0,True,32.63,False
2.6944,False,2736.0,False,36.08,True
2.7535,False,2932.0,False,33.74,False
2.6071,False,2769.0,False,34.08,True
4.7344,False,2443.0,False,34.13,False
2.0278,False,2553.0,False,34.17,False
2.8021,False,1587.0,False,33.84,False
3.7188,False,16679.0,False,38.62,True
4.7381,False,1604.0,False,38.66,True
6.357,False,18123.0,True,32.95,False
5.6233,False,4650.0,True,37.03,False
5.0225,False,2085.0,False,37.29,False
2.0,False,1879.0,False,36.89,True
4.7813,False,2649.0,False,34.9,False
7.6717,True,4048.0,False,37.81,False
2.9764,False,2628.0,False,34.06,False
3.625,False,616.0,False,37.3,False
5.259,False,4491.0,False,38.64,True
3.4856,False,2292.0,False,33.86,False
1.6747,False,3854.0,True,32.74,False
4.4286,False,1593.0,False,33.7,False
2.7556,False,5444.0,True,34.23,False
3.8594,True,938.0,False,37.86,False
3.0125,False,299.0,False,33.78,False
5.2384,False,1153.0,False,33.81,False
2.1719,False,1063.0,False,33.73,False
3.35,False,1658.0,False,39.7,True
1.3125,False,985.0,False,37.3,True
1.8854,True,999.0,False,37.79,False
3.2824,False,1965.0,False,34.08,False
2.274,False,2610.0,False,34.04,False
3.2569,False,1988.0,False,34.08,False
2.0521,False,1834.0,False,37.31,True
3.2361,False,1851.0,False,38.69,True
2.2056,False,2138.0,False,38.91,True
2.8,False,1128.0,False,33.93,False
3.055,False,2073.0,False,38.52,False
3.59,False,2004.0,False,33.8,False
3.6333,False,2252.0,False,33.77,False
5.7519,False,2091.0,False,33.88,False
3.0278,False,2288.0,False,36.09,True
3.1176,False,3585.0,False,37.23,False
5.7239,False,1786.0,False,37.61,True
2.2756,False,1431.0,False,34.17,False
2.3906,False,2085.0,False,39.42,False
3.0588,False,2192.0,True,32.72,False
6.0176,False,2463.0,False,33.82,False
4.105,False,1024.0,False,33.79,False
2.5726,False,2048.0,True,33.77,False
3.125,False,1072.0,False,34.07,False
1.5122,False,1524.0,False,36.79,True
3.7614,False,1340.0,False,34.0,False
4.65,False,1774.0,False,34.96,False
5.1695,False,3228.0,False,33.99,False
4.5333,False,1354.0,False,37.25,False
3.2841,False,2849.0,False,33.71,False
4.5032,False,4500.0,False,32.95,False
2.9241,False,1083.0,False,38.04,True
2.4375,True,5580.0,False,37.46,False
4.3036,False,2161.0,False,33.8,False
6.4468,False,2641.0,True,33.83,False
0.5495,False,1126.0,False,33.96,False
2.0524,False,2064.0,False,33.97,False
2.06,False,961.0,False,34.15,True
2.875,False,1524.0,False,34.19,False
1.3451,False,1390.0,False,35.38,True
5.7117,False,2437.0,False,33.69,False
2.2031,False,2914.0,False,37.35,False
3.5208,False,713.0,False,33.92,True
4.0417,False,1729.0,True,37.53,False
7.5992,False,1840.0,False,32.91,False
5.2769,False,876.0,False,37.31,False
2.2961,False,629.0,False,38.03,True
2.6806,False,1481.0,False,34.03,False
4.0667,False,2294.0,False,37.33,False
4.0227,False,3225.0,False,36.77,True
4.0855,False,2495.0,True,37.58,False
1.1483,False,1833.0,True,33.77,False
1.3894,True,1209.0,False,37.98,False
2.5812,False,1390.0,False,34.09,False
2.8528,False,3352.0,False,34.17,False
2.9449,False,3538.0,False,37.21,True
3.25,False,900.0,True,37.55,False
1.0219,False,3544.0,False,34.03,False
4.675,False,978.0,False,34.19,False
1.0539,False,1385.0,False,34.01,False
3.0833,False,823.0,False,38.61,True
5.0,False,49.0,True,33.76,False
5.0877,True,851.0,False,38.33,False
2.0547,False,1292.0,True,32.69,False
4.2788,False,516.0,False,33.68,False
15.0001,False,200.0,False,37.74,False
5.75,True,1705.0,False,37.76,False
2.3724,False,862.0,False,34.28,False
7.0907,False,3957.0,False,33.69,False
6.7978,False,1219.0,False,33.99,False
3.4609,False,3623.0,False,34.03,True
2.4817,False,2682.0,False,34.16,False
5.9177,False,698.0,False,33.92,False
2.2227,False,1895.0,True,40.77,False
4.5781,False,4540.0,True,33.18,False
2.1842,False,1051.0,False,34.09,True
2.4048,False,2691.0,False,34.04,False
4.1964,False,1438.0,True,36.96,False
3.59,False,1239.0,False,33.87,False
3.9868,False,1082.0,False,33.87,False
4.8145,False,3495.0,False,37.39,False
2.375,False,395.0,False,37.33,False
5.7578,False,6332.0,False,36.58,False
5.3169,True,2031.0,False,37.66,False
3.0217,False,1360.0,True,32.58,False
5.8418,True,1216.0,False,38.0,False
5.2227,False,1810.0,False,33.85,False
3.6154,False,1560.0,False,38.02,True
5.1654,True,733.0,False,37.48,False
1.9722,False,2465.0,False,37.36,True
3.2337,False,2843.0,False,39.21,True
2.5,False,1349.0,False,34.08,False
3.3926,False,9534.0,False,38.6,True
4.1118,False,1341.0,False,34.03,False
3.9167,True,1172.0,False,37.88,False
2.9167,True,6130.0,False,37.87,False
4.4853,False,1970.0,False,37.99,True
2.6607,False,1242.0,False,37.32,False
4.725,False,2622.0,False,33.7,False
3.8247,False,3910.0,False,34.21,False
4.6667,False,403.0,True,34.27,False
2.8385,False,2203.0,False,34.03,False
4.712,True,1465.0,False,37.39,False
3.5568,False,1409.0,False,36.6,False
1.9135,False,638.0,False,37.36,True
1.4091,False,1649.0,False,33.9,False
2.6833,True,1846.0,False,37.76,False
1.625,False,6.0,False,33.86,True
3.1364,False,1729.0,True,34.44,False
1.7075,False,3422.0,True,32.71,False
7.7317,False,3892.0,True,33.01,False
2.052,False,2051.0,True,32.67,False
4.825,False,1013.0,False,38.77,True
2.5755,True,4226.0,False,37.77,False
2.8125,True,1180.0,False,37.77,False
1.9943,False,2842.0,False,40.43,True
3.7054,False,1784.0,False,33.87,False
4.433,False,2579.0,False,34.19,False
1.8208,False,1970.0,False,41.09,False
3.9271,False,1806.0,False,38.58,True
1.7344,False,1655.0,False,33.89,False
4.245,False,2232.0,False,33.49,False
4.2361,False,1864.0,False,37.68,True
2.7401,False,1353.0,False,33.94,False
3.6331,False,2036.0,False,37.07,True
4.1719,True,1151.0,False,37.61,False
5.687,False,2361.0,False,33.86,False
4.475,False,2544.0,False,34.16,False
5.6441,False,8836.0,False,33.91,False
5.1365,False,3776.0,False,33.82,True
3.434,False,13559.0,False,32.78,False
4.2206,False,2337.0,False,38.51,True
5.3275,False,6529.0,False,33.69,False
1.6071,False,309.0,False,36.65,False
3.0208,False,2573.0,False,34.0,False
3.7258,False,1993.0,False,34.05,False
2.3693,False,2204.0,False,32.86,False
5.2903,False,2024.0,False,38.89,True
5.7819,False,2107.0,False,38.5,False
4.2639,False,118.0,True,35.32,False
3.3472,False,424.0,True,36.87,False
3.2788,False,2289.0,False,38.01,True
6.632,False,3310.0,False,33.65,False
3.3125,False,1454.0,False,36.74,True
4.1837,False,2756.0,True,32.7,False
3.9032,True,3516.0,False,37.7,False
1.5429,False,1996.0,False,34.1,False
3.1949,False,2115.0,False,34.08,False
5.0399,True,2403.0,False,37.93,False
5.2542,False,2541.0,False,32.89,False
4.1125,False,1622.0,False,34.3,False
1.7636,False,1827.0,False,36.75,True
4.375,False,1648.0,True,34.35,False
1.6146,False,1173.0,False,36.07,True
2.5,False,1229.0,False,38.57,True
6.617,False,7208.0,True,33.08,False
1.4224,False,151.0,False,33.98,False
3.25,False,427.0,False,34.02,False
3.5739,True,2324.0,False,37.77,False
5.4171,True,2070.0,False,37.89,False
3.625,False,1965.0,False,36.78,True
3.125,False,1164.0,False,34.08,False
4.4551,True,5187.0,False,37.86,False
6.5254,False,2981.0,False,34.18,True
2.9583,True,2378.0,False,38.02,False
1.9875,False,102.0,False,34.32,False
4.8693,False,5675.0,True,36.99,False
2.4219,False,695.0,True,32.75,False
3.9107,False,1391.0,False,38.43,True
6.5372,True,1849.0,False,37.75,False
4.2798,False,1458.0,False,33.76,False
4.5375,False,1550.0,False,34.23,False
1.4773,False,832.0,False,35.37,True
1.2209,False,2410.0,False,38.57,True
4.0729,False,980.0,False,33.84,True
6.4963,False,16222.0,False,34.24,False
4.6452,False,8103.0,True,37.65,False
1.8533,False,3643.0,False,41.72,True
4.2969,False,1442.0,False,37.67,True
4.5708,False,9255.0,False,34.11,True
3.1106,False,1277.0,False,32.81,False
2.3864,False,1326.0,False,33.96,False
2.2321,False,786.0,False,35.52,True
5.7509,False,1621.0,False,34.05,False
4.4286,False,491.0,True,37.67,False
3.375,False,4609.0,True,34.23,False
3.3988,False,1486.0,True,33.81,False
2.15,True,463.0,False,37.74,False
3.1912,False,705.0,False,37.68,True
6.5954,False,2036.0,True,33.44,False
2.1838,False,1132.0,False,33.89,False
2.7708,False,1660.0,False,34.09,False
3.625,False,1977.0,True,33.17,False
1.1296,False,1943.0,False,34.7,True
3.7869,False,7741.0,False,38.66,True
4.2071,False,3468.0,False,36.86,True
2.0,False,764.0,False,34.07,False
2.6458,False,383.0,False,40.02,True
3.2411,False,1737.0,False,32.82,False
3.4228,False,4672.0,False,34.05,True
1.2813,False,996.0,False,33.76,False
2.5129,False,2365.0,True,35.27,False
5.4746,False,4781.0,False,33.84,False
6.6134,False,3241.0,False,37.93,True
3.5255,False,2926.0,False,34.2,False
4.8226,False,4224.0,False,38.66,True
2.4688,False,1528.0,False,39.19,True
2.2926,False,3145.0,False,39.2,False
4.4539,False,4112.0,False,33.83,False
3.025,False,1701.0,False,33.86,False
2.5179,False,1615.0,False,38.24,False
2.433,False,1083.0,False,38.36,True
3.375,False,851.0,False,34.08,False
4.3125,True,2492.0,False,37.78,False
2.8214,False,3248.0,False,34.27,False
3.2222,True,268.0,False,37.93,False
1.6178,False,2103.0,True,33.77,False
3.9464,False,1217.0,True,32.82,False
4.6364,False,1254.0,False,34.05,False
3.5569,False,7646.0,False,33.72,True
2.5667,False,2162.0,True,34.52,False
3.6742,True,3983.0,False,37.4,False
2.8125,False,1393.0,False,34.18,False
4.25,False,1461.0,False,36.81,True
2.2344,False,1083.0,False,34.06,False
2.7284,False,1802.0,False,33.96,False
1.7935,False,1221.0,False,33.87,False
3.1333,False,1280.0,False,37.75,True
6.0948,False,2401.0,False,34.14,False
2.5,False,2582.0,False,37.48,True
4.4565,False,1975.0,False,37.25,False
5.103,False,2079.0,False,33.84,False
2.1766,False,1276.0,False,34.08,False
4.3281,True,1637.0,False,37.76,False
4.1607,False,3678.0,False,34.28,False
1.975,False,1289.0,False,36.06,True
3.8125,False,1269.0,False,37.37,False
2.1389,False,5003.0,False,33.89,False
2.9716,False,3672.0,True,33.19,False
2.3261,False,1406.0,True,32.75,False
2.6827,False,1070.0,False,38.26,True
2.375,False,1515.0,False,34.09,False
5.269,False,1407.0,False,33.84,False
3.8417,False,1887.0,False,39.03,True
4.1103,False,2149.0,False,33.65,False
3.0742,False,3827.0,False,35.27,True
2.5437,False,1534.0,False,33.99,False
3.625,False,1436.0,False,33.96,False
3.6204,False,1422.0,False,36.77,True
2.9392,False,1613.0,False,34.13,False
6.7105,False,1751.0,False,33.84,False
3.6354,False,2625.0,False,36.84,True
6.0705,False,2260.0,False,33.81,False
6.86,True,1809.0,False,37.75,False
3.7109,False,3306.0,False,33.95,True
4.4211,False,2704.0,False,34.01,False
2.75,False,563.0,False,34.04,False
3.3924,False,1258.0,False,34.07,True
3.1563,False,2442.0,True,36.85,False
1.9881,False,1822.0,False,34.09,False
4.2045,False,2703.0,False,36.52,True
2.6827,False,1029.0,False,34.19,False
3.2344,False,1298.0,False,33.98,False
6.8429,False,3057.0,False,33.9,False
4.5368,False,2740.0,False,33.94,False
4.675,True,1660.0,False,37.99,False
5.1437,False,7477.0,False,37.72,False
2.8512,False,2072.0,False,40.58,True
5.618,False,1282.0,False,33.96,False
2.7321,False,1241.0,False,36.51,True
3.1103,False,3050.0,False,34.1,False
4.9808,False,1839.0,False,33.93,False
4.0693,False,7718.0,False,32.86,False
3.1507,False,3445.0,False,33.91,False
10.0825,True,2003.0,False,37.9,False
2.7043,False,2787.0,True,35.4,False
1.9875,False,934.0,False,33.07,True
5.0407,False,3183.0,False,34.0,False
3.8864,True,1501.0,False,37.69,False
4.4861,False,1586.0,False,33.96,False
4.5568,False,1500.0,False,38.34,True
3.6434,False,770.0,False,39.13,True
2.7917,False,1467.0,False,37.64,True
4.9087,False,2510.0,False,37.37,False
2.1377,False,2598.0,False,34.16,False
4.875,False,2239.0,True,34.44,False
3.5156,False,2414.0,True,40.85,False
2.3844,False,3184.0,False,38.66,True
5.3773,False,3245.0,False,33.84,False
4.0714,False,2668.0,False,33.85,False
6.3303,False,4039.0,False,33.92,False
4.0556,False,5418.0,False,33.89,True
2.369,False,2640.0,False,34.12,False
3.8317,False,1150.0,True,37.56,False
4.6312,False,2914.0,False,34.18,True
3.7917,False,1792.0,False,34.05,False
1.3269,False,1645.0,True,32.69,False
3.1942,False,3124.0,False,38.69,True
2.1667,False,538.0,True,36.96,False
5.3074,False,1297.0,True,33.67,False
4.1,False,746.0,False,33.73,False
1.6987,False,3110.0,False,34.06,False
4.5266,False,9761.0,False,34.57,True
3.5147,False,3983.0,True,36.63,False
4.38,True,1553.0,False,37.68,False
2.75,False,1717.0,False,37.75,True
4.1319,True,1452.0,False,37.78,False
1.7891,False,1865.0,False,38.54,True
6.5206,False,3894.0,False,33.47,False
2.6389,False,973.0,False,35.07,True
1.6559,False,2235.0,False,33.99,False
1.4648,False,1608.0,False,32.64,True
2.0724,False,2013.0,True,32.68,False
3.75,False,1508.0,False,33.84,False
3.1204,True,2256.0,False,38.1,False
4.7679,False,1112.0,False,32.72,False
4.4102,False,2226.0,False,34.06,False
2.6146,False,1129.0,False,34.04,False
2.2232,False,1521.0,False,34.04,False
2.2548,False,2552.0,False,33.92,True
3.2125,False,1718.0,False,34.17,False
4.131,False,2166.0,True,37.74,False
5.7524,False,1466.0,False,34.08,False
4.4667,False,2912.0,False,33.79,False
6.6447,False,5776.0,False,33.77,False
1.0114,False,858.0,False,38.57,True
3.0,False,2122.0,False,35.38,True
1.9937,False,3110.0,False,34.08,False
3.7206,False,6217.0,False,38.04,True
2.0469,True,2036.0,False,37.77,False
2.5947,False,1333.0,False,34.42,False
7.5372,False,3081.0,False,37.34,False
1.0096,True,144.0,False,38.3,False
5.5787,False,1173.0,False,33.93,False
3.5083,False,3615.0,False,34.19,False
4.375,False,2176.0,False,33.8,False
2.9821,False,1493.0,False,37.6,True
3.5714,False,1996.0,False,36.84,True
4.125,False,298.0,False,35.9,True
0.8288,False,1703.0,False,34.05,False
3.3214,False,2746.0,False,33.36,True
2.0714,False,1312.0,False,33.99,False
2.7254,False,4909.0,False,34.08,False
2.4932,False,2524.0,False,34.12,False
4.5987,False,4132.0,False,38.26,True
5.3674,False,2379.0,False,33.65,False
2.3087,False,32627.0,False,36.64,False
2.9222,False,3500.0,False,37.35,False
1.3971,False,1625.0,False,33.96,False
3.0766,True,2994.0,False,37.77,False
10.1248,False,3652.0,False,34.06,False
3.23,False,8997.0,False,35.76,False
4.1,False,718.0,False,34.16,True
2.7361,False,804.0,False,34.03,False
2.2292,False,907.0,False,38.79,True
5.0947,False,4161.0,False,35.48,False
4.4655,False,2810.0,False,33.15,False
3.2237,False,3731.0,False,33.92,False
2.8542,False,1918.0,False,33.99,False
2.7232,False,1551.0,False,39.01,False
1.6011,False,1225.0,True,32.71,False
6.7694,False,4755.0,True,32.94,False
4.3571,True,3796.0,False,37.96,False
2.4896,False,1552.0,True,40.79,False
4.5293,True,4187.0,False,38.34,False
3.8421,False,2216.0,False,33.72,False
5.0362,True,5438.0,False,37.91,False
2.1484,True,135.0,False,37.72,False
3.0893,False,1492.0,False,33.87,False
5.7051,False,2142.0,False,34.17,True
2.4028,True,1613.0,False,37.74,False
2.4881,False,1916.0,False,36.06,False
3.1625,False,2349.0,False,37.68,True
5.2534,False,3890.0,False,37.31,False
3.9375,False,2590.0,False,34.87,False
3.2642,False,2679.0,False,36.79,True
2.3284,False,1328.0,True,32.81,False
5.3806,False,10214.0,False,34.24,False
1.8333,False,1923.0,False,36.57,True
3.4792,False,1504.0,False,35.65,True
2.0109,False,1945.0,False,33.4,True
2.7969,True,3049.0,False,37.79,False
4.4397,True,3515.0,False,38.06,False
1.5076,False,2404.0,True,33.77,False
3.5938,False,1368.0,False,33.92,False
5.057,False,1425.0,False,33.98,False
4.425,False,1814.0,True,37.67,False
1.4661,False,2035.0,False,39.14,True
2.2545,False,4297.0,False,34.07,False
2.4688,False,2090.0,False,33.96,False
2.5395,False,6859.0,False,33.64,False
4.1705,False,1658.0,False,37.66,True
4.4653,False,2704.0,False,34.08,False
4.1767,False,1414.0,False,33.92,False
2.4706,False,1108.0,False,33.9,False
4.0393,False,9610.0,False,34.15,True
3.066,False,3247.0,False,37.98,True
7.7865,False,2515.0,False,37.34,False
2.4598,True,2781.0,False,37.76,False
3.7527,False,2664.0,False,33.87,False
3.1406,True,1653.0,False,37.95,False
3.0905,False,2708.0,False,36.22,True
4.7083,False,2377.0,False,34.28,False
2.125,False,1494.0,False,34.13,True
1.1875,False,607.0,False,35.39,True
9.2327,False,2265.0,False,33.88,False
3.6094,False,1938.0,False,37.96,True
5.2591,False,1613.0,False,34.14,True
2.8333,False,2485.0,False,34.23,False
5.844,False,4105.0,False,33.82,False
3.7315,False,3301.0,False,37.58,True
2.4213,False,1086.0,True,32.58,False
3.6034,False,1414.0,True,34.44,False
4.3958,False,2097.0,False,38.0,True
4.8611,False,5115.0,False,38.45,True
5.2649,False,2211.0,False,37.67,True
3.875,True,142.0,False,37.78,False
3.8512,False,1885.0,False,33.96,False
6.5249,True,1887.0,False,38.03,False
6.0302,True,1490.0,False,37.81,False
5.1072,False,4438.0,False,34.13,False
4.475,False,2872.0,False,36.97,True
3.2216,False,4183.0,True,40.86,False
6.1228,True,4199.0,False,37.55,False
6.7851,True,2964.0,False,37.81,False
4.8958,False,1962.0,False,37.91,True
5.6204,False,1821.0,True,37.73,False
3.7167,False,1354.0,False,34.06,False
2.7431,False,1442.0,False,34.15,True
1.9479,True,1293.0,False,37.76,False
3.2546,False,2035.0,False,33.83,False
3.2109,False,1655.0,True,32.84,False
4.0023,False,3713.0,False,34.13,False
5.6825,False,3430.0,False,33.71,False
2.7232,False,1159.0,False,33.84,True
1.858,False,5566.0,True,32.88,False
3.996,False,3262.0,False,37.68,True
2.9,False,226.0,False,37.9,True
3.0625,False,2249.0,True,36.6,False
2.2361,False,1942.0,False,38.01,True
5.1005,False,1530.0,False,38.57,False
4.9,False,3605.0,False,38.72,True
5.3873,False,4438.0,False,37.34,False
3.8125,False,1731.0,False,33.84,False
7.3644,True,3913.0,False,37.54,False
5.3288,True,4976.0,False,38.07,False
1.725,False,88.0,False,38.59,True
3.5128,False,2097.0,False,36.74,True
3.4,False,1215.0,True,32.77,False
4.0208,False,1347.0,False,37.84,True
5.3602,False,3023.0,False,36.3,True
3.0972,False,519.0,False,33.88,False
2.4003,False,2919.0,False,35.1,False
3.1304,False,2593.0,True,32.8,False
4.7118,False,5046.0,False,37.24,False
1.3844,True,1310.0,False,37.78,False
3.75,False,1073.0,False,34.21,False
4.9107,False,2511.0,False,36.84,False
3.5179,True,1476.0,False,37.98,False
2.8182,False,2598.0,False,39.76,True
3.5,False,2290.0,False,39.44,False
3.4456,False,2697.0,True,33.19,False
1.9083,False,1291.0,False,34.05,False
5.2035,False,1565.0,False,34.0,False
2.2417,False,2061.0,False,38.72,True
1.3906,False,281.0,False,34.06,True
2.6719,True,2280.0,False,37.66,False
3.9826,False,1787.0,True,33.03,False
2.0536,False,603.0,False,34.03,False
1.6548,False,2347.0,False,36.75,True
7.2893,False,2458.0,False,33.88,False
2.725,False,1437.0,False,34.09,True
3.8426,False,1831.0,False,33.85,False
1.871,False,1326.0,False,37.61,True
3.05,False,1459.0,False,37.94,True
2.026,True,1125.0,False,37.83,False
2.0,False,3165.0,False,34.09,False
7.7684,False,4595.0,False,33.04,False
1.9903,False,2287.0,False,33.88,False
1.2413,False,3071.0,True,32.69,False
2.2554,False,1294.0,False,34.04,False
4.0909,False,2048.0,False,36.33,True
1.525,False,479.0,False,34.08,False
5.7759,False,2638.0,False,33.67,False
6.2673,False,993.0,False,33.97,False
6.4247,False,2670.0,True,33.07,False
1.9535,False,1721.0,False,37.28,True
2.6734,False,3832.0,False,33.97,False
5.2542,False,2523.0,False,33.81,False
5.273,False,1606.0,False,33.92,False
1.7395,False,2870.0,False,34.06,False
2.2661,False,3412.0,False,40.37,True
8.6155,False,2070.0,False,37.36,False
5.4032,False,23866.0,True,34.14,False
3.5547,False,2819.0,False,34.06,False
5.4863,False,2168.0,True,32.67,False
1.4375,False,871.0,True,32.75,False
3.6579,False,2566.0,False,34.1,False
3.475,False,3213.0,False,33.03,False
4.2132,False,1112.0,False,33.9,False
6.4599,True,2125.0,False,38.07,False
2.9526,True,4125.0,False,37.9,False
6.0891,False,2384.0,False,34.33,False
5.7451,False,1124.0,True,32.83,False
3.0774,True,2479.0,False,37.76,False
2.7006,False,7352.0,False,32.79,False
1.5633,False,2901.0,False,39.74,True
3.0954,False,3753.0,False,40.55,True
2.3,False,2249.0,False,33.96,False
3.3553,False,3465.0,False,34.07,True
8.1117,False,4874.0,False,33.88,False
1.6991,False,2556.0,False,34.89,True
7.0173,False,5143.0,False,33.67,False
1.8369,False,2354.0,False,35.48,True
3.625,False,2916.0,False,35.73,True
3.1642,False,3711.0,False,34.03,False
1.439,False,1690.0,False,38.4,False
3.5568,False,670.0,False,34.15,True
2.2891,False,1860.0,False,37.94,True
4.6944,False,1532.0,False,38.55,True
1.123,False,3161.0,False,36.75,True
1.8641,False,2179.0,False,34.01,False
3.3906,False,2432.0,False,32.78,False
1.6034,False,1899.0,True,32.75,False
3.7273,False,3349.0,True,36.97,False
2.25,False,1171.0,False,34.06,True
3.0217,False,1236.0,False,38.76,True
8.1564,True,2927.0,False,37.81,False
1.3385,False,3242.0,False,36.78,True
4.2062,False,1404.0,False,33.86,False
3.8026,False,1508.0,True,32.81,False
7.2972,False,7561.0,False,34.01,True
1.4635,False,2070.0,False,36.75,True
1.615,False,1206.0,False,33.96,False
1.8295,True,1866.0,False,37.8,False
5.0151,False,1949.0,False,34.31,False
4.5521,False,1724.0,False,33.99,False
2.1949,False,1255.0,False,33.89,False
7.419,False,2031.0,False,34.2,False
3.1667,False,3568.0,False,33.66,False
1.5,True,924.0,False,37.81,False
1.75,False,340.0,True,40.81,False
2.7292,False,2403.0,False,34.0,False
2.4653,False,1722.0,False,37.35,True
2.9184,False,4776.0,False,36.32,False
6.5044,False,3140.0,False,34.01,False
4.2212,False,1035.0,True,34.18,False
3.6467,False,1945.0,True,32.61,False
4.1339,False,2615.0,True,32.74,False
2.567,False,2672.0,False,39.79,True
3.6518,True,3807.0,False,37.98,False
3.8203,False,1810.0,False,34.2,False
1.4615,False,1457.0,False,37.35,True
7.2532,False,1899.0,False,33.9,False
3.3153,False,1818.0,False,38.25,True
6.8469,False,1249.0,False,38.6,True
2.625,False,2446.0,False,33.98,False
7.2147,False,3913.0,False,33.6,False
1.899,False,1228.0,False,34.96,False
5.532,False,1745.0,False,34.16,True
2.8281,False,2440.0,False,36.31,True
6.1009,False,3310.0,False,33.34,False
2.5813,False,2061.0,True,32.8,False
3.5,False,2167.0,False,33.22,False
1.9647,False,3768.0,True,33.78,False
2.6875,False,1957.0,True,36.98,False
1.3365,True,1540.0,False,37.94,False
3.2413,False,2516.0,False,34.06,False
4.8182,False,1746.0,False,39.23,True
4.2219,False,1380.0,False,33.75,False
4.7612,False,9528.0,False,34.01,False
3.4306,False,2307.0,False,33.86,False
5.1878,False,1421.0,False,38.04,True
6.8099,False,1095.0,False,33.03,False
6.6369,False,456.0,False,33.66,False
1.4896,False,1483.0,False,39.55,True
2.7279,True,1508.0,False,37.39,False
5.5591,False,1212.0,False,33.88,False
1.6944,False,1096.0,True,32.72,False
1.9375,False,2680.0,False,37.94,True
4.4187,False,2733.0,True,34.16,False
2.6774,False,2547.0,False,38.69,True
6.2096,False,676.0,True,33.18,False
2.7714,True,1042.0,False,37.95,False
3.4028,False,3391.0,False,40.29,True
4.025,False,1148.0,True,40.6,False
2.5625,False,583.0,False,37.96,True
10.5144,False,3791.0,False,36.85,True
1.3569,False,2205.0,False,36.32,True
3.6007,False,1731.0,False,34.44,True
2.1681,False,1846.0,False,36.3,True
5.5714,False,4877.0,False,34.27,False
8.317,True,1835.0,False,37.82,False
2.9063,False,1199.0,False,38.07,True
1.5833,False,1414.0,False,36.72,True
4.7325,False,6356.0,True,36.99,False
2.8015,True,494.0,False,37.77,False
5.6902,False,7138.0,False,38.69,True
5.5368,True,3440.0,False,38.33,False
2.7778,False,1699.0,False,36.81,True
1.505,False,1750.0,False,35.86,True
1.8575,False,1818.0,False,38.12,True
3.925,False,2749.0,False,37.28,False
5.9934,False,2682.0,False,37.73,True
6.9399,False,3821.0,False,33.9,False
1.7105,False,2171.0,False,35.5,True
2.4219,False,1484.0,False,36.61,True
2.6806,False,3672.0,False,34.08,False
5.25,False,3216.0,False,38.0,True
4.75,False,2501.0,False,33.88,False
2.5183,False,3084.0,False,38.71,True
2.2538,False,1479.0,False,34.95,False
3.3479,True,5267.0,False,37.64,False
4.1518,False,2101.0,True,32.58,False
5.5779,False,1538.0,False,33.65,False
3.1326,False,5133.0,False,37.54,False
3.3715,True,2994.0,False,37.8,False
5.8171,True,15654.0,False,38.07,False
2.0865,False,1051.0,True,34.64,False
1.9602,False,1281.0,False,36.53,True
6.0672,False,1919.0,False,33.99,False
6.1359,True,54.0,False,37.75,False
4.233,False,2657.0,False,34.32,False
2.7543,False,1443.0,False,34.08,False
4.0962,False,710.0,False,37.29,False
2.875,False,1618.0,False,35.37,True
6.7927,False,3939.0,False,32.81,False
8.4614,False,3224.0,False,33.53,False
5.3423,False,1574.0,False,33.66,False
5.2032,False,3421.0,False,38.69,True
1.725,False,994.0,False,37.74,True
4.4659,True,1571.0,False,37.69,False
1.8542,False,1408.0,False,37.26,False
5.1221,False,14934.0,False,32.75,False
4.1419,False,1672.0,True,37.75,False
5.5931,False,1663.0,False,34.28,False
3.6336,False,6341.0,False,34.14,True
2.3594,False,2972.0,False,37.29,True
3.5958,False,2806.0,False,36.8,True
5.0371,False,4719.0,False,38.5,True
2.1062,False,1788.0,False,34.26,False
2.0817,False,1703.0,False,37.95,True
12.3292,False,570.0,False,37.38,False
1.7857,False,1210.0,False,33.34,True
3.5089,True,1526.0,False,37.93,False
2.5743,False,1740.0,False,36.35,True
5.1163,False,3013.0,False,34.44,False
4.3281,False,2076.0,False,36.39,True
5.5164,False,2124.0,True,36.56,False
2.2155,False,2931.0,False,35.35,True
5.0384,False,1065.0,False,33.89,False
4.74,False,1935.0,False,33.9,False
4.0179,False,1651.0,False,34.07,False
1.7432,False,1471.0,False,36.1,True
1.5161,False,1847.0,False,33.91,False
3.5625,True,1813.0,False,37.87,False
3.0682,False,2774.0,False,33.73,True
4.636,False,2383.0,False,34.13,True
2.2917,False,983.0,False,39.22,True
2.4,False,2104.0,False,37.95,True
4.6161,False,2910.0,False,33.75,False
2.3125,False,5907.0,False,35.63,True
3.3977,False,1327.0,False,34.09,False
3.65,False,1221.0,False,37.67,True
3.1194,False,1671.0,False,38.6,True
4.2212,False,1390.0,False,34.16,False
2.7143,False,2867.0,False,39.88,True
1.3,False,1075.0,False,34.05,False
3.4408,False,1878.0,False,40.59,False
3.4238,False,3534.0,False,37.36,False
4.1319,False,2205.0,False,34.19,False
3.0134,False,1260.0,False,33.91,False
0.8907,False,80.0,False,34.12,False
2.3155,False,2351.0,False,39.76,True
5.9397,False,2435.0,False,33.82,False
3.4609,False,1429.0,True,32.69,False
5.4498,False,12259.0,False,38.82,True
3.2112,False,3389.0,True,35.6,False
3.1989,True,2169.0,False,37.78,False
3.015,False,1568.0,False,33.99,False
3.9934,False,2355.0,False,34.94,True
3.694,True,1633.0,False,37.6,False
2.9375,False,2495.0,False,34.14,True
2.5,False,819.0,False,36.72,True
3.2672,False,2139.0,False,38.45,True
8.051,False,2691.0,True,32.84,False
5.0866,False,1262.0,False,34.03,False
3.0652,False,5372.0,False,39.1,False
3.168,False,4924.0,False,37.55,False
2.1866,False,732.0,False,34.1,False
2.5882,False,1115.0,True,32.75,False
3.9038,False,1458.0,False,33.9,False
1.2176,False,2554.0,False,36.77,True
2.5656,False,722.0,False,33.88,True
7.5619,False,5394.0,False,33.65,False
1.5203,False,1945.0,False,34.03,True
2.2339,False,5819.0,False,38.67,True
4.119,True,4265.0,False,37.76,False
5.1585,False,1633.0,False,40.57,True
5.0329,False,1452.0,True,40.94,False
4.849,False,7922.0,False,35.15,False
1.4833,False,1387.0,False,39.53,True
4.9013,False,1792.0,True,37.56,False
3.1917,False,5110.0,False,34.57,True
2.3,False,1184.0,False,33.98,False
4.693,False,5785.0,False,34.23,False
3.9156,False,5495.0,False,33.85,False
1.6023,False,1280.0,True,32.7,False
3.7125,False,2332.0,False,39.27,True
3.9118,False,3839.0,False,34.37,False
7.0544,False,2496.0,False,37.41,False
5.7306,False,2143.0,False,34.88,False
3.5179,False,146.0,False,38.36,True
4.625,False,4013.0,False,33.7,False
3.7679,False,1897.0,False,34.97,False
3.6583,False,2146.0,False,33.96,False
5.3006,False,6538.0,False,33.85,False
2.4028,False,858.0,False,40.06,True
5.0594,False,1621.0,False,33.92,False
1.9773,False,1548.0,False,40.07,True
4.7917,True,2406.0,False,37.57,False
3.267,False,969.0,False,33.92,False
5.1202,False,4375.0,False,38.02,True
3.5585,False,3147.0,True,33.07,False
5.021,False,3498.0,False,33.75,False
2.2024,False,2107.0,False,36.32,True
1.9766,False,2178.0,False,34.06,True
3.6389,False,726.0,False,33.91,False
4.125,False,691.0,False,33.74,False
3.488,False,4815.0,False,33.94,False
3.33,False,1905.0,True,33.23,False
3.1842,False,2739.0,False,39.34,True
5.4544,False,1998.0,False,32.81,False
3.495,False,1254.0,False,34.08,True
0.9566,False,1457.0,False,39.72,True
3.875,False,1275.0,False,38.6,True
4.625,False,1248.0,True,35.26,False
3.6033,False,1042.0,False,33.98,False
4.2312,False,3936.0,False,37.36,False
2.2538,False,2933.0,True,33.77,False
3.4236,True,4140.0,False,37.78,False
1.8933,False,1650.0,False,40.85,True
2.0243,False,2704.0,False,34.51,True
3.5861,False,3174.0,True,32.73,False
2.5212,False,10227.0,False,33.82,True
2.2277,False,2185.0,False,36.07,True
7.9217,False,1011.0,False,33.66,False
5.4349,False,2266.0,False,32.98,True
3.6378,False,2879.0,False,37.81,True
1.9479,True,1187.0,False,37.76,False
2.4348,False,1218.0,False,34.74,True
4.7,False,2396.0,False,34.21,False
2.5735,False,2281.0,False,34.05,True
0.9241,True,1237.0,False,37.81,False
2.625,False,1021.0,False,33.6,False
2.0395,False,2187.0,False,40.57,True
2.7727,False,3472.0,False,37.36,False
3.4196,False,2361.0,True,32.76,False
1.8843,False,2874.0,False,35.68,True
1.2347,False,1807.0,False,34.0,False
6.5095,True,1134.0,False,37.72,False
1.8261,False,1318.0,False,37.95,True
4.5,False,5180.0,False,33.03,False
2.5294,True,1576.0,False,37.46,False
2.933,False,2604.0,False,33.73,True
5.875,False,84.0,False,33.8,False
4.4063,False,2553.0,False,37.24,False
2.5954,False,2403.0,True,36.98,False
7.7112,False,1253.0,False,34.14,False
4.6976,False,2381.0,False,33.92,False
7.7062,False,2789.0,False,36.81,True
3.125,False,78.0,False,33.89,True
2.8942,False,1497.0,False,39.22,True
3.6719,True,1289.0,False,37.72,False
4.1699,False,3090.0,False,33.54,False
3.6875,False,2434.0,False,34.11,False
3.2664,True,5154.0,False,38.13,False
6.448,False,1036.0,False,37.34,False
2.3203,False,1283.0,False,32.83,False
4.2188,False,3391.0,False,38.66,True
4.1128,False,3561.0,False,33.18,False
3.0806,False,2694.0,True,40.54,False
3.0744,False,3052.0,True,37.59,False
3.9333,False,1718.0,False,33.83,False
1.6156,False,2074.0,False,33.96,False
1.7679,False,4927.0,False,37.29,True
2.4191,False,1088.0,True,32.6,False
4.1597,False,3634.0,False,37.66,True
3.2301,False,2870.0,False,33.84,False
3.8,False,856.0,False,33.91,False
1.8664,True,950.0,False,37.96,False
1.1705,False,2238.0,False,33.91,False
3.9722,False,8005.0,False,38.93,True
3.1892,False,1526.0,False,34.06,False
2.8125,False,1565.0,False,34.12,False
3.1563,False,742.0,False,38.68,True
6.1256,False,1603.0,False,37.41,False
3.6111,False,1450.0,False,32.91,False
2.4196,False,2038.0,False,34.08,False
2.724,False,973.0,True,33.19,False
2.6641,False,3305.0,False,33.88,False
2.2261,False,1190.0,False,34.06,False
10.9506,False,1309.0,False,37.64,True
2.8089,False,2662.0,True,32.68,False
1.5531,False,1131.0,False,37.51,True
2.3913,False,1147.0,False,34.08,False
6.0286,False,1802.0,False,33.96,False
3.8062,False,474.0,False,37.06,True
1.8856,False,2357.0,False,32.74,False
3.1115,False,2837.0,False,34.17,True
4.835,False,2864.0,True,34.44,False
2.4884,False,2534.0,False,36.68,False
3.1319,False,1079.0,False,39.97,True
1.7344,False,2985.0,False,33.51,True
3.0673,True,1723.0,False,37.73,False
4.6437,False,2926.0,False,38.65,True
2.0132,False,2624.0,False,34.09,False
5.0509,True,4657.0,False,37.99,False
1.1094,False,1200.0,False,37.95,True
1.712,True,1047.0,False,37.75,False
2.6607,False,1262.0,False,38.93,True
4.8224,False,1998.0,False,38.67,True
2.7816,False,3862.0,False,34.09,False
2.9471,False,1670.0,False,36.8,True
5.8838,False,4650.0,False,34.24,False
1.6027,False,1819.0,False,33.97,False
3.625,False,1563.0,False,34.05,False
3.1667,False,1613.0,False,33.93,False
3.25,False,2465.0,False,34.13,False
2.5374,False,3835.0,False,39.79,True
2.2543,False,1170.0,True,33.78,False
6.0842,False,921.0,False,38.26,True
3.3941,False,7173.0,False,38.74,True
3.4107,False,1898.0,True,33.78,False
2.6913,False,1644.0,False,34.07,True
5.2,False,3611.0,False,37.26,False
2.55,False,1370.0,False,39.15,False
3.7014,False,1408.0,False,33.82,False
2.9545,False,1007.0,False,37.36,False
1.7292,False,1346.0,False,34.07,False
3.3542,True,1128.0,False,38.3,False
2.4912,True,4656.0,False,37.81,False
2.3194,False,1745.0,False,36.77,True
2.2791,False,3415.0,True,34.86,False
6.4949,True,3058.0,False,37.42,False
4.2782,False,5686.0,False,37.37,False
5.5449,False,1619.0,False,33.82,False
2.9821,False,4513.0,False,35.39,True
3.0147,False,2334.0,False,33.87,False
2.5898,False,2089.0,False,38.52,True
4.7755,False,5456.0,True,37.66,False
7.5426,False,4713.0,False,33.65,False
3.8646,False,2831.0,False,33.84,False
4.1029,False,1589.0,False,33.65,False
3.7361,False,2676.0,False,38.61,False
5.0874,False,1725.0,True,33.73,False
3.0667,False,3252.0,False,36.32,True
2.375,False,2699.0,False,33.39,False
3.1981,True,2863.0,False,38.11,False
2.7955,False,2878.0,False,38.66,True
2.4135,False,568.0,False,34.18,False
2.5096,False,1076.0,True,40.78,False
5.9328,False,2121.0,False,34.13,True
3.9265,False,1030.0,False,37.27,False
3.275,False,2474.0,False,37.93,True
3.125,False,443.0,False,36.19,True
2.875,True,1131.0,False,37.69,False
4.3846,False,1497.0,False,33.14,False
8.603,False,1504.0,True,32.75,False
4.4474,False,442.0,False,33.93,False
3.11,False,2523.0,False,32.76,False
3.7721,False,4077.0,False,34.05,False
2.7014,False,932.0,False,33.85,False
6.0094,False,2399.0,False,34.19,False
6.204,False,1687.0,False,38.24,False
7.0549,True,2375.0,False,37.82,False
6.9772,False,4413.0,False,37.12,False
3.3393,False,1673.0,True,37.76,False
4.5,False,2021.0,False,38.46,False
1.7199,False,2518.0,False,34.06,False
4.6087,False,2565.0,False,33.81,False
3.0313,False,2127.0,False,34.88,True
3.0967,False,1403.0,False,33.91,False
3.7292,False,110.0,False,37.8,True
3.5076,False,2392.0,True,40.93,False
5.0077,False,802.0,False,33.93,False
4.6635,False,3795.0,False,37.51,True
2.712,False,2520.0,False,34.17,True
2.9422,False,5054.0,True,32.74,False
2.8466,False,2070.0,False,38.0,True
2.0833,False,1673.0,False,37.93,True
6.3223,False,4873.0,False,33.94,True
3.9625,False,1500.0,False,34.22,False
2.7589,False,1382.0,False,33.75,False
4.3145,False,1959.0,False,34.13,True
5.3705,False,3549.0,True,33.45,False
1.9152,False,1612.0,False,34.05,False
3.8889,False,195.0,True,34.25,False
8.6572,False,2992.0,False,38.58,True
4.6315,False,5819.0,False,33.92,False
3.5161,False,1562.0,False,33.63,False
2.0474,False,2330.0,False,39.36,True
2.0471,False,5407.0,False,38.6,True
2.1715,False,2210.0,False,33.93,False
6.5253,False,5490.0,False,38.51,True
3.7262,True,1705.0,False,37.97,False
4.275,False,3436.0,False,34.15,True
2.2755,False,2894.0,True,32.58,False
2.8409,True,1446.0,False,38.29,False
10.2948,False,7437.0,False,33.65,True
3.7466,False,2587.0,False,33.86,False
3.413,False,1429.0,False,33.72,False
3.3472,False,618.0,False,33.94,False
2.7714,False,2609.0,False,34.22,False
5.399,False,1761.0,False,33.83,False
1.6009,True,2340.0,False,37.78,False
4.1898,False,3578.0,True,34.26,False
4.875,True,3521.0,False,37.75,False
2.5441,False,1408.0,True,34.37,False
6.7644,False,3754.0,False,37.0,False
3.8672,False,2039.0,False,38.11,True
4.3882,False,1994.0,False,37.31,False
2.152,False,1230.0,False,33.99,False
3.7167,False,1257.0,False,33.99,False
2.3221,False,2144.0,False,33.96,False
5.5563,False,7910.0,False,33.94,True
2.7344,False,1254.0,False,33.98,True
3.2891,True,3794.0,False,38.05,False
4.3162,False,3069.0,True,34.7,False
2.319,False,2227.0,False,36.78,True
4.0,False,1471.0,False,33.8,False
2.2643,False,709.0,False,33.97,False
3.7636,False,9882.0,False,34.57,True
4.5,False,1505.0,False,34.2,True
3.2639,False,1171.0,False,33.73,False
3.3654,False,4644.0,False,34.14,False
4.0379,False,2142.0,False,33.98,False
2.7689,False,1992.0,True,34.44,False
3.3799,False,24121.0,False,33.78,True
2.6842,False,1158.0,False,37.88,True
4.2042,True,6992.0,False,38.0,False
3.6292,False,1430.0,False,34.25,False
2.585,False,9902.0,False,34.23,False
2.8237,False,3268.0,False,38.12,True
2.9318,False,3071.0,True,32.68,False
3.6401,False,7628.0,False,37.31,False
2.6576,False,2819.0,False,38.44,False
4.6094,False,2968.0,False,33.9,False
4.0739,False,6575.0,False,38.69,True
4.125,False,725.0,True,37.66,False
3.2917,False,2792.0,True,33.77,False
2.6961,False,3103.0,False,33.93,False
2.7826,False,1824.0,False,32.77,False
5.1228,False,6425.0,False,37.24,False
1.8633,False,1368.0,False,34.94,False
2.598,False,3098.0,False,34.02,True
1.7308,False,1957.0,False,39.52,True
2.8021,False,3026.0,False,34.43,True
2.1591,False,1491.0,False,37.93,True
7.6012,False,1969.0,True,33.47,False
1.5,False,1015.0,False,37.3,True
5.0261,False,2685.0,False,33.8,False
1.3,False,501.0,False,33.93,False
2.425,False,1441.0,False,33.89,False
3.4107,False,1036.0,False,36.64,True
5.8661,False,1988.0,True,33.06,False
3.4792,False,1645.0,False,33.51,False
2.9899,True,2941.0,False,37.76,False
4.875,False,1408.0,False,33.83,False
4.0352,False,1503.0,False,38.67,True
5.197,False,2038.0,False,33.86,False
4.9318,False,2018.0,False,37.34,False
5.2831,False,2125.0,False,37.33,False
2.0706,False,3015.0,False,34.05,False
5.2561,False,2778.0,False,36.32,True
2.3387,False,3011.0,False,33.6,False
2.1406,False,531.0,False,34.06,False
5.2149,False,2085.0,False,40.52,True
3.0915,False,2055.0,False,33.11,False
3.0472,False,1777.0,True,37.47,False
4.6964,False,2034.0,True,36.59,False
5.4842,False,3583.0,False,37.3,False
3.2151,False,1308.0,False,32.92,False
2.0959,False,3815.0,True,32.68,False
1.9208,False,2615.0,False,34.0,False
2.48,False,3275.0,False,37.69,True
4.1875,False,3769.0,False,36.84,True
4.7891,False,1335.0,False,36.43,False
1.7514,False,2716.0,False,34.09,False
3.9536,False,4115.0,False,33.78,False
3.3152,False,1290.0,False,34.4,False
2.9375,False,2530.0,False,38.42,False
3.5839,False,4750.0,False,33.16,False
2.0159,False,2172.0,True,32.56,False
5.1032,False,1636.0,True,37.45,False
3.6207,False,4312.0,False,34.09,False
1.6875,False,2307.0,False,33.92,True
3.6091,False,6862.0,False,34.87,True
1.2404,False,1279.0,False,40.59,True
4.4375,False,699.0,False,34.25,False
3.0321,False,4039.0,False,34.23,False
4.2071,False,6224.0,False,33.67,False
2.275,False,2696.0,True,41.95,False
2.6296,False,3509.0,True,32.65,False
2.9911,False,1824.0,False,38.52,True
2.0469,False,2602.0,True,33.73,False
3.2546,False,2697.0,False,38.79,False
2.3111,False,2405.0,False,34.24,False
5.2798,False,5332.0,False,37.96,True
3.5511,False,2319.0,False,38.65,True
2.3789,False,3696.0,False,34.11,False
1.8068,True,2737.0,False,37.79,False
3.1287,False,1309.0,False,34.13,False
2.1955,False,2745.0,False,35.13,True
5.606,False,2248.0,False,37.31,False
3.2396,True,2051.0,False,37.78,False
3.15,False,2682.0,False,38.92,True
1.2617,False,1482.0,False,35.36,True
1.3343,False,3247.0,False,36.72,True
1.7143,False,2305.0,False,34.01,False
2.6607,False,1215.0,True,34.41,False
3.4028,False,919.0,False,33.93,True
3.7306,False,2392.0,True,32.83,False
2.3882,False,1651.0,False,33.95,False
3.8906,False,2417.0,False,34.18,False
1.9145,True,1999.0,False,37.8,False
6.8591,True,2485.0,False,37.81,False
1.962,False,948.0,False,37.96,True
2.735,False,4629.0,False,38.49,True
2.809,False,2850.0,False,33.9,False
5.0278,False,2816.0,False,32.99,False
4.4766,False,2043.0,False,32.9,False
4.4602,False,5737.0,False,38.57,True
2.0417,False,2967.0,False,38.19,True
5.3344,False,3425.0,False,38.58,True
4.226,True,1704.0,False,37.77,False
2.1211,False,266.0,False,33.89,False
4.7361,False,2344.0,False,34.49,True
7.2494,False,8072.0,False,37.71,False
2.5833,False,4393.0,False,34.23,False
5.457,False,3292.0,False,33.92,False
4.675,False,2287.0,False,33.87,False
3.8,True,1340.0,False,37.64,False
2.2141,False,2888.0,False,33.67,True
2.7788,False,3900.0,False,38.61,True
7.4353,False,9540.0,False,37.67,False
4.0069,False,918.0,True,34.27,False
3.5,False,1145.0,True,37.53,False
4.5208,False,1959.0,False,37.66,True
2.6424,False,3946.0,False,39.37,False
5.3041,False,2733.0,False,33.79,False
6.6916,False,5989.0,False,34.38,True
4.7344,False,1392.0,False,34.0,False
3.6161,False,5534.0,False,33.8,True
3.5052,True,4001.0,False,37.76,False
4.0583,True,1650.0,False,37.72,False
2.3281,True,1218.0,False,37.75,False
5.8269,False,2084.0,False,38.35,True
2.151,False,1016.0,False,37.59,True
1.1185,True,1928.0,False,37.78,False
3.6212,False,3518.0,False,34.96,False
3.4812,False,1311.0,False,34.06,False
2.1602,False,1135.0,False,34.05,False
3.5833,False,1938.0,False,34.04,False
4.5234,False,1324.0,False,34.11,False
4.4875,False,3690.0,False,34.26,False
3.4297,False,1233.0,False,36.8,True
2.1036,False,1437.0,False,37.64,True
2.7038,False,1609.0,False,34.08,False
3.6053,False,1335.0,False,37.3,False
5.9225,False,3179.0,False,37.23,False
2.0952,False,529.0,False,33.76,False
2.5568,True,617.0,False,37.75,False
7.8005,False,8806.0,False,33.69,True
6.7385,False,2581.0,False,37.23,False
4.2137,False,3252.0,False,38.34,True
5.1915,False,1824.0,False,37.97,True
1.6607,False,766.0,False,36.08,True
2.5742,True,352.0,False,37.78,False
2.2411,False,865.0,False,33.98,False
2.1731,False,590.0,False,33.96,False
3.7316,False,4115.0,False,36.85,True
3.4703,False,3655.0,False,37.61,True
2.6979,False,1679.0,False,34.17,False
1.625,False,1706.0,False,33.54,True
2.9344,False,2101.0,False,34.03,False
3.6528,False,2220.0,True,32.78,False
5.1207,False,1980.0,True,37.53,False
2.1,False,2924.0,False,34.19,False
2.1731,True,990.0,False,37.75,False
1.3333,False,902.0,False,34.03,False
1.9963,False,1226.0,False,34.07,True
5.1461,False,4258.0,False,37.26,False
5.338,True,1604.0,False,37.9,False
2.3654,False,806.0,False,34.15,False
4.2823,False,4961.0,False,37.66,True
3.8586,False,1816.0,True,33.81,False
4.0074,False,3826.0,False,34.46,False
1.5556,False,2261.0,False,33.99,False
3.3906,False,1468.0,False,38.53,True
3.6033,False,18956.0,False,34.1,True
2.6506,False,3355.0,False,36.92,False
6.4238,False,4227.0,False,33.66,False
5.123,False,1548.0,False,33.82,False
3.875,True,1530.0,False,37.92,False
2.2875,False,2641.0,False,33.11,False
3.1607,False,639.0,False,33.94,False
3.6286,False,1437.0,False,36.63,False
4.6625,False,1594.0,False,37.58,True
2.3013,False,1440.0,False,35.13,True
5.4819,False,2465.0,False,33.17,False
3.6321,True,2866.0,False,37.91,False
4.8456,False,1307.0,False,33.92,False
3.2083,False,1375.0,False,34.07,False
4.0909,False,2363.0,False,33.79,False
1.6098,True,1170.0,False,37.82,False
2.8558,False,3075.0,False,33.25,False
5.2162,False,1945.0,False,33.95,False
7.2655,True,3004.0,False,37.86,False
4.0806,False,3090.0,False,32.9,False
2.4414,True,989.0,False,37.78,False
3.13,False,1504.0,False,41.88,False
2.2031,False,613.0,False,38.57,True
3.2188,True,2892.0,False,37.97,False
2.875,False,1257.0,False,34.43,False
3.4911,False,2230.0,False,38.7,True
1.4712,False,1555.0,False,34.02,False
4.016,True,3453.0,False,37.93,False
3.9063,True,754.0,False,37.76,False
2.1691,False,2214.0,False,36.68,True
6.01,False,1061.0,False,34.23,False
4.1172,False,1987.0,False,34.07,False
2.5938,False,1748.0,False,37.66,True
4.8787,False,4183.0,False,38.15,True
2.6563,False,931.0,False,33.86,False
1.1141,False,1023.0,False,37.97,True
3.7687,False,2400.0,False,38.13,True
5.1991,False,1937.0,True,37.73,False
3.125,False,889.0,False,38.56,True
2.1494,True,2343.0,False,37.79,False
2.9844,False,1905.0,False,34.17,True
6.0905,False,1374.0,False,33.68,False
5.112,False,3250.0,False,34.06,False
3.6007,False,3295.0,True,34.26,False
4.575,False,1908.0,False,33.84,False
2.2656,False,876.0,False,34.03,False
5.2722,False,1621.0,False,37.44,False
2.0655,False,1602.0,False,33.96,False
4.2067,False,1840.0,False,38.02,True
3.9922,False,614.0,False,37.96,True
2.0557,False,1478.0,False,34.09,False
7.0897,True,1389.0,False,37.86,False
5.3813,False,4314.0,False,37.48,False
4.9042,False,2962.0,False,34.19,False
3.2368,False,2945.0,False,33.88,False
4.4367,False,9269.0,False,34.2,True
4.9091,False,2321.0,False,37.36,False
1.9625,False,2052.0,False,40.11,False
3.5568,False,2824.0,False,34.26,False
2.8417,False,3032.0,False,38.55,True
6.4242,False,4235.0,False,33.86,False
4.1141,False,5943.0,False,34.05,False
5.7934,False,3589.0,False,33.78,False
4.7159,False,769.0,False,33.89,False
3.8472,False,3287.0,False,34.05,False
5.2549,False,2043.0,False,33.65,False
4.5625,False,2822.0,False,36.78,True
4.3947,False,1597.0,False,34.08,False
6.0621,False,2403.0,True,37.06,False
2.24,False,2873.0,True,32.64,False
3.7282,False,2842.0,True,33.68,False
4.8073,False,1554.0,False,38.28,True
3.4896,False,1728.0,False,38.24,False
6.0116,False,884.0,False,37.36,False
3.0431,False,2860.0,False,34.2,False
2.375,False,1392.0,False,38.0,True
3.6923,True,1165.0,False,37.59,False
3.0,False,1175.0,False,37.4,True
5.0839,False,1375.0,False,33.89,False
5.5601,False,2417.0,False,33.9,False
2.6023,False,1930.0,False,39.26,True
1.1985,False,3014.0,False,33.99,False
3.025,False,956.0,False,38.81,False
3.7139,False,4257.0,False,33.62,False
2.5313,False,2943.0,False,35.14,True
4.6628,False,2089.0,True,37.59,False
3.1607,False,1643.0,False,34.26,False
5.2155,False,2405.0,False,38.27,False
3.3322,False,957.0,False,34.12,False
5.1668,False,3187.0,False,34.3,False
2.905,False,1974.0,False,38.46,False
2.5547,False,2225.0,False,33.94,False
5.299,False,3189.0,False,34.91,False
1.6642,False,2124.0,True,36.97,False
4.2935,False,4256.0,False,34.29,False
4.6719,False,1824.0,False,38.48,True
4.725,True,2185.0,False,37.94,False
7.5925,False,3089.0,True,32.72,False
2.9083,False,2564.0,False,37.8,True
4.8105,False,4763.0,True,34.42,False
3.087,False,1703.0,False,39.2,True
4.1845,False,3009.0,True,34.26,False
3.9224,False,4617.0,True,34.39,False
1.8095,False,2857.0,False,39.28,True
5.5255,False,928.0,False,33.92,False
1.6784,False,5130.0,False,34.43,True
4.1775,False,6034.0,False,34.04,True
2.0133,False,2170.0,False,34.11,True
3.5781,False,2080.0,False,36.62,True
4.8233,False,6322.0,False,38.37,False
2.465,False,2261.0,True,32.75,False
3.2895,False,1648.0,True,34.41,False
4.1836,False,2029.0,False,34.12,False
2.4545,False,762.0,False,38.19,True
5.5,False,828.0,False,37.68,True
4.0174,False,5018.0,False,37.28,False
1.1687,False,1498.0,False,34.11,True
4.9904,False,2397.0,False,36.85,True
1.6319,False,1841.0,False,34.05,False
2.3711,False,1808.0,False,39.74,True
3.6087,False,1813.0,False,39.05,True
2.475,False,52.0,True,34.35,False
8.6803,False,2402.0,False,33.07,False
2.5455,False,722.0,False,34.05,False
2.6563,True,2607.0,False,37.68,False
4.0167,False,2626.0,False,33.51,False
2.1366,False,926.0,False,33.92,False
6.0667,True,4572.0,False,37.53,False
6.7837,False,3544.0,False,33.89,False
3.0893,True,762.0,False,37.79,False
4.3125,False,2602.0,True,38.1,False
3.7235,False,1091.0,False,34.11,False
2.706,False,1673.0,False,36.22,True
2.625,False,2128.0,False,36.8,True
3.875,False,1162.0,False,33.86,False
2.3214,False,1769.0,False,34.04,False
2.3667,False,3758.0,False,40.78,True
4.825,True,1868.0,False,38.33,False
6.0,False,3112.0,False,33.78,False
4.9806,False,10356.0,False,34.7,True
5.7833,False,3285.0,False,37.31,False
3.6422,False,1058.0,False,34.94,False
1.4722,False,329.0,False,34.42,False
5.1412,False,3337.0,True,37.05,False
3.875,False,1877.0,True,32.83,False
4.6771,False,5275.0,True,37.67,False
2.9187,False,2213.0,False,35.06,True
2.75,False,1098.0,False,34.02,False
2.4408,False,1979.0,False,33.95,True
3.7321,False,1264.0,False,33.91,False
3.0568,False,2417.0,False,35.38,True
2.8958,False,1595.0,True,40.62,False
1.7885,False,1852.0,False,39.37,True
3.3966,False,3172.0,False,34.08,False
3.375,True,1811.0,False,37.97,False
2.5568,False,1359.0,False,34.01,False
3.1211,False,3514.0,False,34.1,False
1.5156,True,1436.0,False,37.79,False
4.537,False,1138.0,False,33.89,False
6.838,False,3677.0,False,34.26,False
2.625,False,598.0,False,34.1,False
2.7838,False,5016.0,True,32.62,False
2.7321,False,3379.0,False,36.3,True
2.3077,False,676.0,False,34.02,False
3.0,False,1901.0,False,34.11,False
3.2667,False,4227.0,False,37.82,True
3.1393,False,5320.0,False,33.97,True
2.9083,False,3333.0,True,33.05,False
5.3046,False,4365.0,True,33.77,False
2.8493,False,2230.0,False,33.89,False
3.5489,False,2875.0,False,37.68,True
8.1194,True,2449.0,False,37.83,False
3.625,True,978.0,False,38.0,False
3.6696,False,1967.0,False,33.71,False
2.4474,False,2439.0,False,36.45,True
2.6573,False,1377.0,False,37.31,False
5.0704,False,14058.0,False,34.02,False
3.125,False,490.0,False,34.24,False
3.9612,False,1639.0,False,33.97,False
1.7701,False,3042.0,True,33.78,False
3.5288,False,1851.0,False,38.78,True
3.175,False,1868.0,False,38.02,True
1.8584,False,1853.0,True,33.74,False
5.1297,True,3913.0,False,37.99,False
3.1042,False,4966.0,False,37.5,True
4.9,False,1773.0,True,33.83,False
4.3309,False,2551.0,False,39.75,True
2.4567,False,3044.0,False,35.62,False
4.73,False,3595.0,False,34.19,True
4.3601,False,2343.0,True,32.57,False
7.3681,False,5415.0,False,33.85,False
1.695,False,405.0,False,33.96,False
4.9024,False,2366.0,False,32.92,False
3.0208,False,1020.0,True,41.06,False
3.0691,False,3631.0,False,34.19,False
2.45,False,1305.0,True,33.75,False
3.5646,False,2462.0,False,33.87,False
2.0284,False,1730.0,True,32.77,False
2.7014,False,1718.0,True,32.75,False
4.625,False,1074.0,False,33.84,False
3.0417,False,643.0,False,38.67,True
3.0642,False,1601.0,False,34.11,False
3.9219,False,1889.0,False,34.08,False
1.9485,False,3421.0,False,38.54,True
2.0278,False,1239.0,False,37.13,True
6.7413,True,6164.0,False,37.55,False
3.276,False,1823.0,False,38.53,False
5.8659,False,1875.0,False,34.11,False
2.8452,False,2585.0,False,35.4,True
6.4415,False,3086.0,False,33.83,False
1.6952,False,2617.0,False,37.64,True
4.9196,False,2845.0,False,36.73,True
2.7072,False,3169.0,False,38.49,False
1.9271,False,950.0,False,34.05,False
3.0625,False,724.0,False,34.19,False
3.2794,True,1283.0,False,37.91,False
8.176,False,3674.0,False,34.26,False
5.7389,False,4466.0,False,33.78,False
0.9407,False,850.0,False,35.36,True
1.1295,False,1776.0,True,33.77,False
2.0673,False,1521.0,False,33.97,False
6.7694,False,3124.0,False,34.88,False
5.0915,False,2030.0,False,37.98,True
2.8594,False,1192.0,False,37.33,False
4.2432,False,6141.0,False,38.54,True
2.2621,False,1377.0,False,34.15,False
7.2982,False,5532.0,False,37.33,False
4.1932,True,3581.0,False,37.73,False
6.4962,False,2513.0,False,34.03,True
2.9489,False,1548.0,False,38.99,True
3.05,False,1296.0,False,34.0,False
3.0912,False,2352.0,False,36.84,True
4.3542,False,2304.0,False,34.16,False
1.5427,False,2136.0,False,33.95,False
5.1512,False,12837.0,False,33.9,True
5.7421,False,3326.0,False,34.28,True
4.0542,False,5643.0,False,33.84,False
2.2865,False,1287.0,False,34.13,True
2.0677,False,1813.0,False,33.79,False
3.506,False,4420.0,False,37.24,False
5.1733,False,2823.0,True,33.19,False
3.0536,False,1672.0,False,38.54,True
4.2437,False,2323.0,False,33.91,False
3.9688,False,2351.0,True,37.56,False
3.8824,False,1088.0,False,33.91,False
2.303,False,1448.0,True,34.43,False
7.7313,False,2500.0,False,33.69,False
5.7068,False,3980.0,False,37.7,True
3.2083,False,2856.0,False,32.78,True
3.9583,False,2722.0,False,32.74,False
3.2405,False,4084.0,False,35.12,True
3.3906,True,2562.0,False,37.7,False
8.003,False,9117.0,False,37.82,False
2.0968,False,1875.0,False,34.19,False
3.5112,False,4920.0,True,36.97,False
3.4509,False,3342.0,False,35.12,False
3.6639,False,2725.0,False,34.98,False
3.4455,False,2142.0,False,33.52,False
3.2216,False,2096.0,False,36.92,False
3.7143,False,859.0,False,33.93,False
5.1296,False,1579.0,False,34.27,False
6.2708,False,1230.0,False,34.22,False
2.6536,False,2467.0,False,34.08,True
1.9336,False,1864.0,False,34.05,False
2.7545,False,1296.0,True,33.43,False
2.945,False,1479.0,False,34.08,False
4.125,False,3440.0,False,34.19,False
4.9861,False,3080.0,False,38.04,True
3.1645,False,1358.0,False,37.52,True
2.2981,False,1927.0,False,35.78,True
4.2898,False,1975.0,False,34.09,False
2.2069,False,1526.0,True,34.41,False
2.0,False,3708.0,False,33.79,False
3.7,False,3364.0,False,37.96,True
3.7816,False,8850.0,False,34.26,False
2.6639,False,2329.0,False,34.02,False
3.1641,False,3043.0,False,35.35,False
3.525,False,1478.0,False,33.93,False
2.4866,False,2205.0,False,37.96,True
3.2723,False,1302.0,False,34.14,True
0.9637,True,493.0,False,37.67,False
2.3464,False,1433.0,False,34.08,False
8.338,False,1145.0,False,38.54,True
2.4006,False,2246.0,False,36.6,True
2.625,False,1185.0,False,34.05,True
2.3469,False,1166.0,False,37.74,True
6.0,False,1055.0,False,33.85,False
5.7295,False,3133.0,False,37.28,False
5.2118,False,1109.0,False,34.2,False
3.1364,False,2616.0,False,33.76,True
2.1471,False,1626.0,True,34.38,False
1.2056,False,588.0,False,34.0,False
6.1552,False,16414.0,False,33.98,False
5.1182,False,2395.0,False,33.84,False
0.7286,True,935.0,False,37.81,False
3.235,False,1481.0,False,33.64,False
3.5437,False,1790.0,True,32.69,False
2.555,False,1786.0,False,38.67,True
1.6103,False,2450.0,False,36.07,True
4.3409,False,1104.0,True,36.98,False
4.1544,True,3565.0,False,37.4,False
4.1458,False,2144.0,False,33.89,False
5.2015,True,10191.0,False,38.0,False
5.2049,False,1298.0,False,34.12,False
2.3462,False,1068.0,False,34.09,False
1.7426,False,2242.0,False,39.73,True
5.1423,False,1755.0,False,34.16,False
2.3482,False,1275.0,True,38.28,False
5.2443,False,1755.0,False,37.68,True
5.253,False,9179.0,False,33.96,True
5.0871,False,4609.0,False,36.81,True
1.9375,True,783.0,False,37.8,False
5.149,False,2994.0,False,32.9,False
3.1912,False,1829.0,False,33.93,False
2.2017,False,3551.0,True,32.75,False
6.0531,False,2765.0,False,33.8,False
3.6629,False,3246.0,False,34.01,False
2.4079,False,5178.0,False,40.6,True
4.0294,False,5877.0,False,34.13,True
4.7877,False,6617.0,False,33.95,True
5.2741,False,1659.0,False,32.76,False
2.5474,False,2267.0,False,35.47,True
2.639,False,4220.0,True,37.63,False
2.7303,False,1891.0,False,39.01,True
1.9667,True,793.0,False,38.11,False
4.1473,False,3219.0,False,37.35,False
5.7192,False,3986.0,True,32.68,False
2.4333,False,1709.0,False,33.9,False
1.9074,False,2451.0,False,34.01,False
3.5391,False,2019.0,False,34.9,False
4.4063,False,3021.0,False,34.01,True
3.5125,False,1413.0,False,33.94,False
5.5677,False,2351.0,False,33.5,False
4.075,False,2300.0,False,38.23,False
3.1738,False,1923.0,False,37.25,True
1.425,False,382.0,False,33.83,False
4.4695,False,1843.0,False,38.71,True
4.997,False,7085.0,False,35.33,True
5.5469,False,19059.0,False,33.96,False
3.8292,False,1734.0,False,34.15,True
1.3333,False,239.0,True,33.8,False
1.3958,False,242.0,False,38.04,True
3.0469,False,2395.0,False,40.66,False
5.0,False,1240.0,False,37.29,False
2.05,False,1607.0,True,32.75,False
2.3438,False,1175.0,False,34.07,False
4.0,False,1347.0,False,34.22,True
1.9203,False,1863.0,True,32.73,False
3.227,False,2288.0,False,34.38,False
6.5004,False,2411.0,False,37.41,False
7.8864,True,1927.0,False,37.9,False
4.9292,False,2793.0,False,36.83,True
5.1998,False,5870.0,False,33.01,False
1.6932,False,1655.0,False,38.54,True
5.5683,False,5076.0,False,34.14,False
7.4729,False,3250.0,False,37.35,False
1.3922,False,1731.0,False,36.7,True
3.1914,False,5613.0,True,36.98,False
4.3586,False,6761.0,False,38.27,True
4.575,False,2186.0,False,33.77,False
4.8214,False,2297.0,False,34.16,True
1.9441,False,1297.0,False,38.51,True
1.7961,False,1147.0,False,34.01,False
2.3224,False,2220.0,False,39.36,True
2.7961,False,2050.0,False,33.2,False
1.9583,False,941.0,False,33.9,False
2.2165,False,4202.0,True,35.3,False
4.9743,False,2176.0,False,33.9,False
2.725,False,395.0,True,32.69,False
2.1563,True,1591.0,False,37.8,False
3.4861,True,3519.0,False,37.8,False
1.6685,False,2225.0,False,33.98,False
1.5195,False,1951.0,False,34.09,False
3.375,False,191.0,False,33.71,False
3.0927,False,1113.0,False,33.98,False
2.3272,False,1951.0,False,38.53,True
5.1506,False,8275.0,False,37.33,False
5.25,False,80.0,False,33.92,False
1.8355,False,2796.0,False,39.12,True
1.4871,False,1654.0,False,38.03,True
6.4598,False,4265.0,False,33.62,False
1.7566,False,661.0,False,38.94,True
6.9935,False,11668.0,True,34.14,False
2.3542,False,1378.0,False,38.53,True
1.9066,False,6145.0,False,35.26,True
2.0425,False,2467.0,False,40.19,True
3.0546,False,4492.0,True,37.7,False
2.2684,False,1744.0,False,34.05,False
2.25,False,3437.0,False,34.07,False
4.2458,True,3823.0,False,37.8,False
6.0648,False,1451.0,False,33.97,False
3.0,False,294.0,False,37.5,True
2.1927,False,5484.0,False,34.01,True
4.8839,False,4201.0,False,35.34,True
2.8233,False,4345.0,False,34.06,False
2.1078,False,1690.0,False,34.03,False
3.527,False,2975.0,True,37.72,False
3.8906,False,1937.0,False,34.17,True
6.7138,True,2863.0,False,37.89,False
1.2094,False,2714.0,False,33.96,False
3.5078,False,730.0,True,32.81,False
2.3417,False,1901.0,False,33.98,False
3.7364,True,2316.0,False,37.53,False
7.1754,True,2318.0,False,37.9,False
1.9063,False,221.0,False,33.97,False
2.6897,False,898.0,False,38.62,True
1.8325,False,3295.0,False,37.37,True
3.6845,False,1904.0,False,34.12,False
1.8845,False,2399.0,False,33.79,True
4.2019,False,1286.0,False,34.11,False
1.4804,True,1734.0,False,37.79,False
1.0531,False,818.0,True,32.7,False
2.4435,False,4179.0,False,33.94,True
4.3523,False,906.0,False,39.25,True
6.1814,False,1947.0,False,33.94,False
3.3107,False,4120.0,False,33.74,True
3.9286,False,1674.0,False,38.43,True
3.5227,False,1566.0,False,33.94,True
2.7399,False,3750.0,False,38.39,True
3.0503,False,4405.0,True,33.77,False
5.4223,False,3158.0,False,34.16,True
3.5789,False,859.0,False,37.74,True
2.3869,True,1687.0,False,37.68,False
4.0375,False,1775.0,False,34.07,True
3.1736,False,2033.0,False,35.43,True
1.4113,True,945.0,False,37.82,False
2.5025,False,2152.0,False,37.79,True
4.095,False,1660.0,False,34.24,False
5.0822,False,2859.0,False,37.28,False
4.7667,False,729.0,False,33.8,False
1.9038,False,1566.0,False,39.92,True
2.2146,False,1832.0,False,33.11,False
4.8526,False,1649.0,False,33.14,False
3.0382,False,6114.0,False,33.74,False
8.72,False,1473.0,False,34.2,False
3.6219,False,2927.0,False,34.11,True
2.879,True,1925.0,False,37.77,False
3.7222,False,1972.0,False,33.87,False
2.3253,False,5058.0,True,32.57,False
1.7011,False,925.0,False,36.73,True
3.0,False,1937.0,False,40.58,True
1.5863,False,5051.0,False,39.7,True
2.9832,False,6465.0,True,34.18,False
5.8779,False,2975.0,False,37.35,False
3.449,False,2447.0,True,37.69,False
2.5395,False,1859.0,False,34.05,True
4.8036,False,2341.0,True,37.75,False
1.6964,False,1444.0,True,34.19,False
2.4964,False,1656.0,False,37.37,True
2.2895,False,956.0,False,36.3,True
4.1372,False,3595.0,False,33.66,False
2.9205,False,1447.0,False,34.25,False
1.6467,False,1040.0,False,33.96,False
3.7533,False,4800.0,False,35.38,True
2.625,False,2618.0,False,34.19,False
3.7321,False,1199.0,True,38.01,False
2.7072,False,1585.0,False,34.02,False
3.8854,False,4977.0,True,37.04,False
3.5625,False,3727.0,False,38.41,True
4.2344,False,679.0,False,34.12,False
3.4634,False,1971.0,False,34.1,True
4.0938,False,1276.0,False,38.6,True
7.0565,False,2308.0,False,33.77,False
4.2321,False,4863.0,False,32.85,False
6.6324,False,3479.0,False,33.73,False
3.0119,False,2008.0,False,34.18,False
2.2029,False,2419.0,False,36.76,True
2.7799,False,1657.0,False,34.01,False
3.9712,True,2109.0,False,37.79,False
4.0893,False,1586.0,False,34.15,False
2.8,False,2302.0,False,39.15,True
2.9167,False,2864.0,False,34.14,False
4.5987,False,1213.0,True,32.79,False
4.9562,False,3570.0,False,37.34,False
2.1912,False,378.0,False,33.99,False
8.7059,False,1610.0,False,37.93,True
4.2273,False,1880.0,False,37.35,False
5.5797,True,2472.0,False,37.67,False
4.498,False,3415.0,False,33.6,False
5.7385,False,2714.0,False,37.25,False
5.7519,False,1569.0,False,37.66,True
5.2801,False,2094.0,False,34.25,False
1.9722,False,1537.0,False,34.63,True
3.5481,False,1678.0,False,33.97,False
2.7788,False,521.0,False,33.84,True
2.4844,False,1565.0,False,38.68,True
3.0184,False,1507.0,False,34.87,True
6.706,False,3367.0,False,34.11,False
5.6254,False,2380.0,False,33.87,False
7.0671,False,3195.0,False,37.34,False
5.0505,True,1573.0,False,37.75,False
2.5898,False,3269.0,False,33.75,True
3.5179,False,2655.0,False,39.33,True
6.3258,False,1321.0,True,37.06,False
2.3125,False,267.0,False,39.12,False
7.2574,True,1467.0,False,37.85,False
2.0742,False,1192.0,False,34.0,True
5.2072,False,1160.0,False,34.24,True
3.2591,False,2964.0,False,33.77,False
2.4206,True,2693.0,False,37.7,False
3.125,False,2065.0,True,32.77,False
1.1875,False,1714.0,False,34.06,False
5.8382,True,2599.0,False,37.72,False
2.5735,False,2020.0,False,38.43,False
5.0029,True,5188.0,False,38.1,False
2.8295,False,1373.0,False,35.39,True
1.7378,False,1553.0,False,33.98,False
1.9233,False,1072.0,False,34.07,False
3.1103,False,1039.0,True,34.21,False
7.6016,False,2372.0,False,34.17,False
2.6417,False,182.0,False,38.55,True
3.2158,False,3744.0,False,33.92,False
2.9861,False,2199.0,False,34.2,False
3.0509,False,1198.0,False,33.94,True
4.1136,False,2201.0,False,34.12,True
3.2222,False,2169.0,False,33.92,False
10.2614,False,1509.0,False,34.16,False
1.7262,False,1451.0,False,40.58,True
2.325,False,2563.0,False,36.94,True
1.8403,False,1691.0,False,35.42,True
1.0208,False,182.0,False,38.38,True
1.7456,False,3728.0,False,34.17,True
4.0469,False,1531.0,False,39.13,False
2.8393,False,813.0,False,35.4,True
2.5195,False,1727.0,False,37.96,True
5.1045,False,2300.0,False,33.87,True
4.4219,False,1328.0,False,34.4,False
3.5521,False,3329.0,False,33.6,False
4.1098,False,4675.0,False,36.83,True
1.9861,False,1335.0,False,36.21,True
5.0714,False,3410.0,False,37.27,False
1.6111,False,335.0,False,37.8,True
2.1435,False,2124.0,False,34.06,False
3.3009,False,1989.0,False,33.79,False
1.6953,False,614.0,True,32.71,False
4.0603,False,2121.0,False,34.96,False
4.7216,False,2168.0,True,33.69,False
2.5772,True,1976.0,False,37.68,False
1.2096,False,299.0,False,34.03,False
2.3125,False,1626.0,False,36.85,True
3.8875,True,432.0,False,37.64,False
4.1279,False,3619.0,False,32.96,False
2.07,False,3643.0,False,34.1,False
2.6812,False,1367.0,False,33.89,False
1.5292,False,1825.0,False,38.54,True
6.2488,False,1917.0,False,33.71,False
2.375,False,939.0,False,33.67,True
3.55,False,688.0,False,33.84,True
3.9539,False,2291.0,False,33.84,False
3.1076,False,8651.0,False,38.03,True
3.9792,False,2456.0,True,33.8,False
1.4005,False,1615.0,False,34.1,False
3.65,False,9205.0,False,37.82,True
3.9097,False,1944.0,False,35.36,True
6.5394,False,1767.0,False,33.54,False
5.3849,False,3615.0,False,33.82,False
4.3611,False,1317.0,False,35.06,False
6.8219,False,2745.0,False,33.69,False
4.174,False,3585.0,False,39.1,True
5.4788,False,895.0,False,33.83,True
6.7694,False,2023.0,False,34.15,False
7.1267,False,2267.0,False,37.29,False
2.3583,False,1661.0,False,38.77,True
2.4012,False,8606.0,False,37.37,True
5.6454,False,2161.0,False,33.9,False
3.2625,False,1741.0,True,32.79,False
6.7785,False,7411.0,False,34.2,False
2.8807,False,2616.0,False,38.73,True
2.6042,True,2366.0,False,37.79,False
4.75,False,2127.0,False,33.86,False
2.065,False,4574.0,False,32.8,False
4.4074,True,1185.0,False,37.76,False
5.276,False,3546.0,True,33.19,False
2.6875,False,1494.0,False,36.27,True
5.3102,True,7367.0,False,38.24,False
4.4038,False,1280.0,True,34.28,False
1.9643,False,2209.0,False,34.06,True
2.125,False,3163.0,False,34.12,True
3.4605,True,1557.0,False,37.72,False
5.726,False,1833.0,False,33.97,False
1.2157,False,2658.0,False,35.36,True
2.5833,False,1277.0,False,34.04,False
3.1607,False,6132.0,False,38.51,True
3.0625,False,3386.0,False,37.98,True
7.4897,False,2715.0,False,33.97,False
1.6102,False,2361.0,True,32.74,False
5.8519,False,1009.0,False,34.07,False
2.1071,False,652.0,False,33.65,True
6.4913,False,2490.0,False,37.36,False
2.898,True,2430.0,False,37.77,False
6.1461,False,5305.0,False,34.03,True
2.7336,False,1680.0,False,36.3,True
3.1583,False,2561.0,False,38.52,True
3.7051,True,3390.0,False,37.76,False
3.1496,False,2122.0,False,33.93,False
5.012,False,839.0,True,37.53,False
3.8581,False,2160.0,False,34.03,False
3.0,False,3536.0,False,33.38,False
6.7274,False,4380.0,False,33.84,False
4.9375,False,2644.0,True,37.69,False
5.1506,False,10053.0,True,36.55,False
5.3925,False,1477.0,False,34.2,False
4.2472,False,3988.0,True,37.7,False
3.2135,False,6986.0,False,34.91,False
2.8711,True,2064.0,False,37.76,False
3.6875,False,1843.0,False,34.18,False
2.3598,False,1076.0,False,39.08,True
3.4612,False,1191.0,False,34.22,False
1.2281,False,2075.0,False,39.77,True
3.6275,False,4535.0,False,34.01,False
4.1865,False,5187.0,False,33.93,True
3.6169,False,2319.0,False,33.87,False
2.9196,False,2557.0,False,34.09,False
1.8214,False,2547.0,False,34.01,False
4.6069,False,7808.0,False,38.26,False
2.9485,False,1347.0,False,34.07,True
2.1944,True,888.0,False,37.8,False
4.4167,False,4670.0,True,37.46,False
2.4414,False,1779.0,False,36.86,True
2.8125,False,2023.0,False,39.93,True
4.1094,False,1242.0,False,33.84,False
3.125,False,2626.0,False,34.08,True
6.1834,False,1678.0,False,34.29,False
5.4631,False,2985.0,False,33.8,False
3.0375,False,2869.0,True,32.82,False
4.8603,False,2621.0,False,38.24,False
3.1429,False,1982.0,True,38.26,False
3.6053,False,2888.0,False,38.61,True
3.2464,False,1704.0,True,35.26,False
3.2024,False,2861.0,False,34.4,False
3.4375,False,1824.0,False,33.86,False
2.6894,False,1822.0,False,36.59,False
4.7917,False,1594.0,False,33.84,False
2.5398,False,1782.0,False,33.94,False
3.46,False,1471.0,False,33.93,False
2.1162,False,2007.0,False,34.05,False
9.2858,False,6525.0,False,32.9,False
4.1576,False,3354.0,False,34.21,False
3.8882,False,2191.0,False,38.61,True
2.75,False,2201.0,False,36.53,True
3.7321,False,2151.0,False,37.34,False
1.7849,False,1211.0,False,33.99,False
2.6101,True,3094.0,False,37.71,False
2.1898,False,744.0,False,40.18,True
4.6488,False,3747.0,False,38.7,True
6.556,False,3111.0,False,37.99,True
2.6268,False,2865.0,False,34.14,False
2.7036,False,3988.0,False,34.08,False
3.2674,True,4649.0,False,37.92,False
8.4443,False,3785.0,False,34.15,False
2.3636,False,1210.0,False,34.06,True
5.2287,False,943.0,False,33.82,False
2.1078,False,2294.0,False,35.36,True
4.6437,False,2455.0,False,34.14,True
2.32,False,1789.0,False,38.95,True
3.5444,False,5098.0,False,38.68,True
5.1837,False,6091.0,True,33.1,False
2.275,False,2683.0,False,34.02,True
3.0882,False,4054.0,False,34.95,True
4.25,False,1613.0,False,38.53,True
3.7321,False,834.0,False,33.89,False
3.8952,False,3344.0,False,36.96,True
3.117,False,1180.0,False,33.96,False
2.7266,False,4323.0,True,35.36,False
2.6354,True,1055.0,False,37.79,False
8.5326,False,9376.0,False,33.92,True
5.5,False,553.0,False,34.0,True
2.3393,False,2668.0,False,40.82,True
4.5357,False,3013.0,False,40.52,True
2.875,False,1244.0,False,37.64,True
4.8571,False,254.0,False,35.43,True
4.3859,False,1620.0,True,37.75,False
2.5428,False,2431.0,False,39.76,True
4.072,True,2024.0,False,37.81,False
4.75,False,1061.0,False,33.9,False
4.0431,False,2813.0,False,34.96,False
2.9375,False,3478.0,False,33.9,False
1.0649,False,1048.0,False,38.56,True
3.3269,False,2701.0,False,35.65,True
2.2454,False,2754.0,True,32.71,False
5.7321,False,3646.0,False,37.99,True
3.5357,False,1764.0,False,34.05,False
4.0521,False,1474.0,False,32.93,False
5.0605,False,1268.0,False,33.82,False
1.4279,False,1093.0,False,34.08,True
2.3787,True,1607.0,False,38.29,False
3.1563,False,198.0,False,37.36,False
3.9875,False,1251.0,True,33.2,False
3.9543,False,2603.0,False,33.94,False
2.3317,False,2240.0,False,34.09,False
3.5859,False,1692.0,False,33.67,False
2.9693,False,4715.0,False,38.54,True
3.0721,False,2483.0,False,37.67,True
2.3095,False,3346.0,False,37.3,True
3.6905,False,2549.0,False,34.2,False
1.8466,False,1561.0,False,37.59,True
3.2731,False,5998.0,False,33.93,True
2.2566,False,2148.0,True,40.79,False
4.7357,False,2834.0,False,34.05,True
5.1314,False,3111.0,False,37.06,True
2.8321,True,1640.0,False,37.79,False
4.3952,False,7320.0,False,32.88,False
1.3571,False,3868.0,False,34.2,True
6.4246,False,6191.0,True,33.72,False
3.8179,True,2563.0,False,37.56,False
2.565,True,3457.0,False,37.79,False
1.7321,False,629.0,False,35.37,True
3.5114,True,2329.0,False,37.77,False
1.9386,False,3433.0,False,36.79,True
4.5,True,2878.0,False,37.71,False
3.2569,False,2058.0,False,36.84,True
6.2579,True,8299.0,False,37.65,False
6.6536,False,4838.0,False,33.88,False
3.6875,False,1853.0,False,34.18,False
3.6301,False,8206.0,False,33.25,False
1.9224,True,921.0,False,37.92,False
5.6704,False,1742.0,False,33.91,False
2.5551,False,2776.0,False,37.43,True
2.7368,False,3606.0,False,38.49,True
3.75,False,4839.0,False,38.5,False
2.625,False,531.0,False,38.71,True
1.4803,False,1277.0,False,33.87,False
3.9722,False,1252.0,False,33.81,False
3.0347,False,6592.0,False,34.23,False
4.875,False,9076.0,False,34.69,True
3.0375,False,2171.0,False,39.14,True
4.4033,False,5818.0,False,35.13,False
1.9049,False,1391.0,False,33.85,False
3.8534,False,2262.0,False,37.77,True
2.9306,False,608.0,False,39.74,True
2.1964,False,924.0,True,36.97,False
4.3194,False,1335.0,False,33.92,False
6.3517,False,917.0,False,33.02,False
1.4688,False,1406.0,False,37.94,True
3.25,False,2969.0,False,34.11,True
4.7578,False,1293.0,False,32.85,False
2.2969,False,3318.0,False,33.79,True
2.4432,False,1442.0,False,34.09,False
2.5938,True,828.0,False,37.81,False
5.9356,False,6006.0,False,37.11,False
4.2045,False,971.0,True,36.96,False
1.8828,False,1901.0,False,36.21,True
5.539,False,1222.0,True,37.54,False
5.5845,False,5689.0,True,37.67,False
4.8516,False,2226.0,True,37.75,False
3.9414,False,8136.0,False,33.87,True
2.7019,True,2431.0,False,37.67,False
4.049,False,6789.0,False,36.83,True
4.225,False,3664.0,False,33.94,False
3.875,False,1764.0,False,34.14,True
2.6,False,2228.0,False,37.33,False
5.5709,False,3952.0,False,34.21,False
2.4875,True,4397.0,False,38.09,False
3.8323,False,2753.0,False,40.6,True
5.634,False,1927.0,False,34.27,False
3.7596,False,2455.0,True,32.84,False
3.9211,False,2512.0,False,36.65,True
0.6831,False,2667.0,False,33.95,False
6.9136,False,1585.0,False,33.48,False
3.1087,False,3002.0,False,33.82,False
1.7656,False,1639.0,False,35.23,True
1.0313,False,463.0,False,38.59,True
2.6051,False,1747.0,False,34.09,False
3.7727,False,5661.0,False,34.1,True
3.8846,False,2406.0,False,38.4,False
3.8594,False,2907.0,False,34.53,True
4.1169,False,3942.0,False,33.81,False
2.7857,False,1455.0,False,40.58,True
2.7983,False,4928.0,False,33.72,True
4.3424,False,1005.0,True,33.82,False
5.752,False,1604.0,False,33.95,False
5.1702,True,2873.0,False,37.76,False
5.5519,False,2605.0,True,36.6,False
6.3501,True,2419.0,False,37.66,False
1.9432,False,1781.0,False,34.14,True
4.5859,True,1463.0,False,37.7,False
4.625,False,3808.0,False,33.67,False
1.4048,False,2754.0,False,39.78,True
5.0143,False,6473.0,False,37.71,False
3.6,False,1339.0,False,36.72,True
2.3625,True,1413.0,False,37.73,False
3.2879,False,3616.0,False,34.09,True
2.7083,False,1858.0,False,34.01,True
4.0473,False,1520.0,False,33.9,False
2.5147,False,1156.0,False,34.28,False
3.1442,False,1172.0,False,34.02,False
3.0081,False,2904.0,True,34.66,False
3.6429,False,3104.0,False,37.31,False
2.1083,True,2636.0,False,37.96,False
2.5043,False,2501.0,False,37.98,True
4.4394,True,1712.0,False,38.0,False
3.1176,False,2237.0,False,38.25,True
5.0524,True,3507.0,False,37.91,False
6.9584,False,1767.0,False,37.4,False
4.35,True,1425.0,False,37.95,False
1.1957,False,1393.0,False,37.74,True
5.1435,False,2331.0,False,37.99,True
4.6071,False,3320.0,False,37.97,True
1.705,False,766.0,False,34.1,False
2.8139,False,7901.0,False,38.51,True
2.7451,False,1731.0,True,33.73,False
5.697,True,2310.0,False,37.95,False
3.0403,False,4570.0,False,39.08,True
1.9138,False,2274.0,False,36.32,True
2.0329,False,2074.0,True,33.74,False
2.5,False,1373.0,True,40.8,False
2.6098,False,3180.0,False,36.18,True
3.2,False,2063.0,False,34.07,False
3.5272,False,1493.0,False,34.03,False
2.1217,False,1695.0,False,33.73,True
6.101,False,1020.0,False,34.16,True
6.6603,False,1904.0,False,34.16,False
3.0288,False,2294.0,False,34.15,False
3.625,False,1487.0,False,33.17,False
5.1842,False,1893.0,False,33.15,False
2.7841,False,1096.0,False,39.03,True
3.2171,False,2017.0,False,39.44,False
1.7297,False,1859.0,False,33.67,True
3.5296,False,3850.0,True,37.71,False
3.7885,False,2052.0,False,33.82,False
3.875,False,2681.0,False,34.13,True
2.3762,False,7746.0,False,33.13,False
2.2656,False,1017.0,False,39.9,True
2.4429,False,1739.0,False,34.09,False
3.1691,False,2019.0,False,38.9,True
4.2589,False,1801.0,False,37.99,True
2.4896,False,1348.0,False,40.57,False
2.2788,False,1306.0,False,34.04,False
1.3571,False,2991.0,False,34.12,True
5.0739,True,4458.0,False,37.54,False
4.125,False,3584.0,True,33.01,False
1.3882,False,1059.0,False,36.33,True
4.2391,False,538.0,False,34.47,True
1.6821,False,2226.0,False,40.57,True
6.1388,False,3742.0,False,37.33,False
2.4722,False,3452.0,False,38.47,False
5.4605,False,3958.0,True,32.83,False
3.75,False,575.0,False,38.72,True
3.1833,False,1102.0,True,32.69,False
2.0625,False,2361.0,False,33.2,False
3.7031,False,1111.0,False,33.81,False
5.6642,True,3526.0,False,37.95,False
5.6091,False,2696.0,False,33.89,False
2.3314,False,2259.0,False,38.74,True
1.6953,False,2393.0,True,34.19,False
1.742,False,1268.0,False,36.49,True
5.0635,False,2360.0,False,36.83,True
1.7829,False,1081.0,False,36.73,True
8.8342,True,3046.0,False,37.89,False
5.5941,False,2298.0,False,33.97,False
3.3616,False,3921.0,False,33.97,True
7.9068,False,17715.0,False,34.15,True
3.1563,False,1981.0,False,39.34,False
3.1439,False,4794.0,False,40.62,True
3.2639,False,1901.0,False,33.88,False
5.5036,False,1565.0,False,32.92,False
1.2716,False,4643.0,False,36.81,True
1.0467,False,1591.0,False,38.61,True
5.7763,False,5622.0,False,33.99,True
3.1648,False,1415.0,False,33.8,False
1.7994,False,2093.0,False,36.76,True
0.76,True,875.0,False,37.81,False
3.7716,False,6678.0,True,33.79,False
3.7321,False,665.0,False,33.82,False
4.2955,False,2215.0,False,37.53,False
4.775,False,1771.0,False,32.72,False
3.1509,False,7027.0,False,37.28,False
2.1518,False,1090.0,False,34.04,False
5.2039,False,3422.0,True,34.4,False
5.7984,True,3306.0,False,38.28,False
1.7756,False,1548.0,False,37.28,True
3.6512,False,5580.0,False,34.04,False
3.2639,False,1183.0,False,34.03,False
3.2813,False,1406.0,False,36.93,False
3.6429,False,2101.0,False,38.57,True
2.0242,False,1384.0,False,38.55,True
0.9513,False,1286.0,False,36.72,True
4.5401,True,3310.0,False,37.99,False
3.5833,True,1922.0,False,37.78,False
5.3017,True,3193.0,False,38.33,False
2.9708,False,2533.0,False,36.04,True
3.135,False,2506.0,False,37.32,False
5.8479,False,3319.0,False,37.26,False
2.3438,False,474.0,False,34.02,False
7.5443,False,2120.0,False,37.29,False
0.9951,False,1185.0,False,35.38,True
3.86,False,3499.0,False,33.47,False
3.2321,False,2403.0,True,37.72,False
2.625,False,1527.0,True,32.74,False
2.2569,False,1401.0,False,39.74,True
4.652,False,2304.0,True,37.6,False
4.9583,False,1967.0,False,38.36,True
1.4615,False,1306.0,False,34.05,False
2.6487,False,2937.0,False,33.16,False
2.875,False,1787.0,True,32.82,False
6.5881,False,2420.0,True,32.81,False
3.6036,False,3035.0,False,38.34,True
2.1635,False,952.0,True,32.72,False
1.82,False,7650.0,False,34.4,True
2.2167,False,1148.0,False,34.11,False
7.355,False,5451.0,False,34.29,False
3.3036,False,1974.0,False,38.36,True
5.282,False,1888.0,False,32.85,False
1.2857,False,1783.0,False,39.1,True
4.8929,False,2284.0,False,33.2,False
5.3735,False,2620.0,False,33.91,True
2.2461,False,972.0,False,34.18,False
3.3176,False,3114.0,True,32.89,False
1.2614,False,1145.0,True,32.71,False
1.5642,False,1070.0,False,36.62,True
2.3929,False,144.0,True,32.59,False
1.3527,False,227.0,False,35.39,True
4.1458,False,1580.0,False,34.0,False
2.3103,True,1685.0,False,38.04,False
3.375,False,2105.0,True,32.83,False
5.7768,False,4449.0,True,32.77,False
3.1161,False,3517.0,False,38.68,True
5.5842,False,4303.0,False,38.04,True
5.1701,False,991.0,True,37.54,False
5.5238,False,1478.0,False,33.92,False
2.1103,False,5330.0,False,33.74,True
4.625,False,1504.0,False,34.11,True
3.75,False,1468.0,False,34.04,False
2.5761,False,1211.0,False,38.97,False
1.965,False,1654.0,False,41.6,True
4.1389,False,1473.0,False,33.97,False
7.8336,False,2489.0,True,32.79,False
2.6776,False,2191.0,False,33.93,True
4.3661,False,2584.0,False,33.85,False
5.5677,False,1499.0,False,34.03,True
5.3279,False,1364.0,True,34.42,False
1.6708,False,1423.0,False,37.34,False
5.6038,False,4453.0,True,37.48,False
1.2375,False,979.0,True,32.71,False
6.0336,False,3487.0,True,33.11,False
7.9627,False,2915.0,False,34.13,True
1.7,False,2020.0,False,36.66,True
2.2899,False,4328.0,True,32.81,False
4.4732,False,2017.0,False,33.68,False
4.4844,False,1736.0,False,33.2,False
2.4754,False,2150.0,True,33.2,False
6.6632,False,2243.0,False,33.86,False
3.567,True,2876.0,False,37.76,False
4.2321,False,5455.0,False,34.02,True
2.0729,False,897.0,False,34.01,False
4.6023,False,787.0,True,34.64,False
1.6483,False,2191.0,False,40.18,True
4.9517,False,4921.0,True,36.94,False
5.036,False,1456.0,False,37.3,False
2.6734,False,2338.0,False,33.74,False
4.425,False,1373.0,True,32.85,False
1.7425,False,1575.0,False,34.01,False
2.1006,False,7092.0,False,35.31,True
2.5352,False,2643.0,False,33.98,False
3.5909,False,1508.0,False,34.17,False
1.6719,False,1317.0,False,39.13,True
1.4167,False,427.0,False,33.96,False
3.725,False,1728.0,False,34.02,False
3.35,False,1459.0,False,33.88,False
0.6825,False,484.0,False,37.65,True
3.0,False,2230.0,False,37.49,True
2.9554,False,1860.0,False,36.84,True
2.75,False,1307.0,False,34.02,False
5.1418,False,1484.0,False,33.79,False
2.7928,False,2012.0,True,32.77,False
1.725,False,1852.0,False,40.24,False
6.0678,False,1695.0,False,34.14,False
2.3804,False,1697.0,True,34.64,False
3.7831,False,1701.0,False,32.83,False
2.2596,False,1552.0,False,34.01,False
3.9792,False,5323.0,True,36.54,False
3.5114,False,1244.0,False,34.08,False
2.1786,False,300.0,False,37.8,True
2.1056,False,2194.0,False,34.9,True
5.375,False,238.0,False,33.76,False
4.7437,False,2184.0,False,34.46,True
4.5526,False,1984.0,False,34.02,False
3.7206,False,1366.0,False,34.03,False
1.3578,True,751.0,False,37.85,False
3.2763,False,2685.0,False,34.17,False
2.8021,False,1800.0,False,34.09,False
1.5045,True,1868.0,False,37.82,False
5.6018,False,2355.0,False,38.37,False
4.81,False,2186.0,False,34.26,False
2.4896,False,522.0,False,37.66,True
3.8542,False,1976.0,False,33.94,False
3.3214,False,905.0,True,33.81,False
3.1204,False,1981.0,False,33.91,False
3.2307,False,4870.0,False,34.09,False
3.2371,False,4587.0,False,33.73,True
3.5,False,2938.0,False,36.62,False
1.4867,False,2700.0,False,34.27,False
4.2396,False,1684.0,False,36.35,True
8.155,False,2498.0,False,37.8,False
4.7708,True,1433.0,False,37.81,False
6.3047,False,5069.0,False,33.7,False
4.566,False,3307.0,False,33.99,True
3.6736,False,2495.0,False,34.3,False
7.4046,False,2243.0,False,34.18,False
7.2354,True,2612.0,False,37.85,False
3.6181,False,1457.0,False,36.96,True
2.1903,False,1514.0,False,38.62,False
2.3333,False,825.0,False,34.0,False
3.5486,False,3776.0,False,34.01,False
5.2019,False,1484.0,False,37.35,False
2.774,False,3902.0,False,38.61,True
1.6029,False,721.0,False,33.95,False
2.8462,False,2019.0,False,38.58,True
4.625,False,319.0,False,34.07,False
2.4,False,1073.0,False,38.44,False
1.9597,False,1218.0,True,32.73,False
5.0081,False,2057.0,False,37.34,False
7.3252,False,5256.0,False,34.22,False
2.1484,False,3173.0,False,33.75,False
8.1039,False,2297.0,True,37.52,False
3.3785,False,1688.0,False,34.09,False
2.1571,False,2241.0,False,34.03,False
2.0694,False,335.0,False,38.09,True
2.4922,False,2511.0,False,38.52,False
3.8929,False,1963.0,False,33.79,False
1.9805,False,3154.0,False,38.66,True
4.7965,False,5846.0,False,33.76,False
2.2431,True,2077.0,False,37.85,False
2.0579,False,2301.0,True,33.8,False
3.4698,False,1495.0,False,34.16,False
3.0135,False,2549.0,True,33.79,False
7.2965,False,5593.0,False,34.25,False
2.375,False,1205.0,True,33.79,False
5.6159,False,908.0,False,34.18,False
2.5804,False,3081.0,False,35.27,True
3.3603,False,1265.0,False,39.27,True
5.5936,False,5322.0,False,37.06,False
2.8058,False,2570.0,True,37.48,False
1.5449,False,2438.0,False,36.74,True
4.1652,False,1149.0,True,32.79,False
4.712,False,3759.0,False,39.66,True
4.1912,True,1193.0,False,37.88,False
4.5066,False,2629.0,False,38.56,True
2.45,False,946.0,False,34.02,False
4.5744,True,6201.0,False,37.86,False
2.5033,False,3860.0,False,36.51,True
4.369,False,2000.0,False,34.01,True
0.536,False,98.0,False,40.31,True
3.55,False,1280.0,False,37.09,True
1.5064,False,2978.0,False,39.72,True
4.9107,False,1159.0,False,33.89,False
3.3427,False,1867.0,False,33.79,False
1.7641,False,2067.0,False,34.1,False
2.3466,False,941.0,False,36.3,True
5.31,False,3369.0,False,38.57,True
4.0,False,1040.0,False,33.96,False
3.2448,True,1350.0,False,37.73,False
2.1205,False,1508.0,False,36.45,True
3.1371,False,15018.0,False,38.57,True
1.583,False,4845.0,False,34.07,False
3.2484,True,3077.0,False,38.0,False
3.7162,False,2768.0,False,33.74,False
2.7333,False,3514.0,False,38.55,True
1.5885,False,1771.0,False,34.06,False
1.5417,False,414.0,False,32.69,True
1.1602,False,708.0,False,40.6,True
1.869,False,1623.0,False,36.76,True
3.1373,True,1888.0,False,38.05,False
5.9856,False,714.0,False,33.98,False
3.5288,False,4261.0,False,36.66,False
3.1204,False,1722.0,False,34.09,False
4.7426,False,1158.0,False,33.9,False
4.9618,False,7957.0,False,38.0,True
1.6023,True,215.0,False,37.95,False
1.95,False,280.0,False,34.25,False
4.5053,True,3921.0,False,38.15,False
6.5616,False,2890.0,False,33.74,False
3.0685,False,2373.0,False,33.87,False
3.4125,False,1043.0,False,37.62,True
0.6775,False,2806.0,False,34.05,False
4.5192,False,843.0,False,34.06,False
1.5833,False,2242.0,False,36.57,True
5.8411,False,3262.0,False,34.47,False
2.1,True,175.0,False,37.79,False
1.75,False,1343.0,False,36.76,True
6.8279,False,5261.0,False,33.51,False
5.8002,True,2922.0,False,38.32,False
5.5902,False,2769.0,True,37.52,False
2.8917,False,1438.0,False,34.2,False
5.2375,True,678.0,False,38.0,False
2.8182,False,1563.0,False,36.84,True
3.184,False,1391.0,False,33.65,False
2.4519,True,1205.0,False,37.95,False
1.6429,False,2312.0,False,34.03,False
2.9286,True,505.0,False,37.48,False
2.9306,False,1868.0,False,34.17,False
5.062,False,1997.0,False,34.87,False
4.6845,False,5483.0,False,37.25,False
3.1115,True,2069.0,False,37.67,False
3.3849,False,2574.0,True,32.79,False
6.2957,False,4096.0,False,37.25,False
5.0309,False,2421.0,False,34.2,False
2.5,True,1895.0,False,37.92,False
4.9489,True,891.0,False,37.75,False
1.9028,True,1590.0,False,37.8,False
3.1272,False,4068.0,False,33.23,False
5.5138,True,5129.0,False,38.15,False
4.6863,False,3289.0,False,33.56,False
3.1979,False,4138.0,False,38.27,True
2.7813,False,1158.0,True,33.77,False
1.8641,False,2233.0,False,36.75,True
3.851,False,10856.0,False,33.97,True
2.1985,False,2326.0,True,33.8,False
3.015,False,1415.0,False,34.11,False
1.4801,False,968.0,False,34.05,False
1.2864,False,2034.0,True,33.77,False
5.1205,False,2274.0,True,37.67,False
2.0398,False,1412.0,True,32.68,False
2.5335,False,5528.0,False,33.72,False
2.5,False,1566.0,False,38.12,True
3.3,False,1770.0,False,34.15,True
3.4375,True,748.0,False,37.4,False
4.6389,False,1654.0,False,33.8,False
6.2089,False,2344.0,False,34.14,True
3.8934,True,3602.0,False,37.73,False
2.8167,False,1704.0,False,37.35,False
1.4702,False,1278.0,False,38.54,True
3.0963,False,6876.0,False,38.51,True
1.9688,False,452.0,False,34.1,True
1.6121,True,1471.0,False,37.8,False
2.0625,False,1448.0,False,37.01,True
5.2128,False,792.0,True,36.97,False
1.625,False,24.0,False,34.06,True
3.1875,False,1308.0,False,34.08,True
2.033,False,2275.0,False,35.74,True
2.5847,False,2813.0,False,33.78,True
1.7311,False,6861.0,False,38.55,True
4.0227,False,1409.0,False,38.03,True
3.7171,False,1810.0,False,34.18,False
7.672,False,1293.0,False,34.15,False
3.3268,False,7740.0,True,37.47,False
2.1912,False,709.0,False,38.44,False
2.32,False,3130.0,True,32.74,False
1.7083,False,1703.0,False,33.99,False
3.2569,False,1289.0,False,34.72,False
4.2222,False,4248.0,False,33.74,False
3.925,False,4476.0,False,34.52,True
4.1797,False,1479.0,True,34.44,False
1.5427,False,2919.0,False,37.3,True
1.6168,False,3182.0,False,36.74,True
2.7243,False,1191.0,False,37.51,True
2.2019,False,1520.0,False,37.07,True
2.1553,False,2817.0,True,36.98,False
2.6016,False,4041.0,False,34.17,False
2.5221,False,1810.0,False,33.74,False
3.9227,False,3659.0,False,34.08,True
2.837,False,2450.0,False,34.07,True
2.3984,False,1346.0,False,34.11,False
5.0887,True,6429.0,False,37.74,False
3.3125,False,5409.0,True,38.7,False
3.8056,False,1354.0,False,34.16,False
4.0357,False,1527.0,False,34.02,False
4.5938,False,32.0,True,33.79,False
4.0977,True,1321.0,False,37.8,False
3.6181,False,1934.0,False,33.21,False
3.4261,False,1641.0,False,33.63,False
1.9185,False,1178.0,False,33.92,False
4.7891,False,2802.0,True,32.69,False
1.6575,False,1576.0,False,35.32,True
3.0199,False,3550.0,False,34.08,True
2.5074,False,1541.0,False,36.94,True
1.8723,False,1347.0,False,36.73,True
3.8438,False,2155.0,True,37.66,False
4.9676,False,4971.0,False,34.11,False
4.7404,False,3443.0,False,33.74,False
4.6591,False,2722.0,False,34.26,False
1.654,False,2421.0,False,33.53,True
1.8456,False,719.0,True,32.71,False
3.6389,False,1032.0,False,33.07,False
4.2542,False,3363.0,True,36.97,False
5.0234,False,2489.0,False,34.25,False
5.1478,False,444.0,True,32.57,False
1.6515,False,1199.0,False,34.9,True
3.0909,False,1859.0,False,33.75,False
3.1875,False,2099.0,False,34.15,False
2.7736,False,2701.0,False,40.85,True
3.4202,False,1197.0,False,34.08,False
5.2729,False,833.0,False,36.9,False
2.375,False,349.0,False,34.02,False
4.4191,False,1241.0,False,34.05,False
3.6897,False,692.0,False,38.57,True
4.2353,False,1130.0,False,34.27,False
3.6859,False,2453.0,True,37.74,False
2.6607,True,2511.0,False,37.79,False
2.6364,False,1407.0,False,33.97,False
3.1493,False,6087.0,False,33.81,True
3.625,False,133.0,False,40.22,True
1.6303,False,3487.0,False,35.65,False
4.7094,True,12713.0,False,37.92,False
2.75,False,2611.0,False,38.39,False
3.7841,False,1988.0,False,39.33,True
4.825,False,2749.0,False,34.13,False
5.388,False,2332.0,False,37.54,False
2.1875,False,801.0,False,34.05,False
4.8787,False,2918.0,False,34.7,True
3.3725,False,4814.0,False,34.07,False
2.75,False,1936.0,False,37.32,True
2.5587,False,2232.0,False,38.12,True
2.1898,True,2215.0,False,37.73,False
4.5427,False,3249.0,False,37.35,False
1.75,True,1116.0,False,37.76,False
2.4632,False,1476.0,False,33.89,False
3.901,False,3242.0,True,33.76,False
4.1042,False,2276.0,False,34.27,False
6.0389,False,1365.0,False,37.7,True
5.0346,False,5600.0,False,33.88,True
7.2137,False,1986.0,False,34.26,False
2.3456,True,541.0,False,37.74,False
2.5212,False,4893.0,False,38.03,True
0.536,False,102.0,False,38.7,True
3.5522,False,13714.0,False,40.55,True
2.1213,False,1316.0,False,38.58,True
3.84,False,876.0,True,37.7,False
3.1653,True,3371.0,False,37.78,False
4.3523,False,1446.0,False,38.42,False
5.9919,False,7077.0,True,37.52,False
2.0,False,3149.0,False,34.85,True
4.05,False,1412.0,False,38.67,True
4.2708,False,3201.0,False,33.7,False
5.2088,True,2857.0,False,37.73,False
3.375,False,4047.0,False,38.79,False
3.6,False,1801.0,False,36.92,False
1.8407,True,2308.0,False,37.76,False
5.6787,True,3797.0,False,37.74,False
2.175,False,949.0,False,33.98,False
3.6667,False,1151.0,False,34.09,True
5.3368,False,2788.0,False,34.11,True
6.4667,False,3087.0,False,38.5,True
3.6107,False,4030.0,False,37.8,True
2.6567,False,3204.0,False,37.68,True
3.9688,False,4419.0,False,34.24,True
3.6937,False,1503.0,False,38.64,True
3.6505,False,3113.0,False,33.71,False
2.5882,False,954.0,False,33.91,False
5.4138,False,3867.0,False,34.12,True
3.6435,False,1971.0,False,34.05,False
3.9583,False,6755.0,False,34.31,False
3.7188,False,4193.0,False,37.3,False
6.6131,False,5688.0,False,37.79,False
5.5951,True,4174.0,False,37.91,False
3.5667,False,3333.0,False,33.88,False
2.6976,False,2035.0,False,38.58,True
6.4339,False,1982.0,False,37.26,False
2.4583,False,2189.0,False,34.0,False
1.901,False,2197.0,True,32.72,False
5.0951,False,2194.0,False,33.8,False
3.3942,False,2402.0,True,32.81,False
5.1738,False,2911.0,False,33.94,False
1.6647,False,6418.0,False,38.59,True
5.5381,False,1379.0,True,37.56,False
4.6458,False,3117.0,False,34.22,False
3.075,False,3297.0,False,38.31,True
2.2372,False,2472.0,False,33.88,True
5.159,False,1920.0,False,34.14,True
3.4491,False,3153.0,False,33.96,True
2.2925,False,10352.0,False,33.77,True
3.7326,False,2664.0,False,33.97,False
4.9662,False,3874.0,False,37.25,False
1.5223,False,2465.0,False,36.54,True
5.5551,False,3811.0,False,35.55,True
3.5078,False,1475.0,True,32.83,False
5.8408,False,2208.0,True,33.77,False
5.5413,False,2496.0,True,32.81,False
1.4125,False,2195.0,False,40.6,True
4.4464,False,1204.0,True,37.64,False
7.1673,False,2021.0,True,33.72,False
2.655,False,1240.0,False,35.12,False
7.0215,False,575.0,False,33.94,True
3.6625,False,2325.0,False,34.08,False
2.2969,False,1421.0,False,33.54,False
1.7083,False,1818.0,False,36.75,True
5.0634,True,2035.0,False,37.73,False
3.8512,False,2330.0,True,34.64,False
5.1129,False,1672.0,False,33.53,False
1.9219,False,1081.0,False,34.12,False
3.1786,False,1477.0,True,32.7,False
1.6488,False,1298.0,True,34.65,False
4.9044,False,1853.0,True,34.41,False
2.066,False,1944.0,False,33.21,False
6.1592,True,3238.0,False,37.75,False
3.2156,False,4086.0,False,39.46,False
2.0325,True,2164.0,False,37.75,False
2.6458,False,1657.0,False,36.71,True
1.9141,False,2483.0,False,39.09,True
2.3654,False,2745.0,False,38.09,True
6.0255,False,2888.0,True,37.46,False
2.5625,True,1547.0,False,37.66,False
3.7359,True,3352.0,False,37.4,False
4.1471,False,1044.0,False,33.96,False
3.4609,False,1615.0,True,38.08,False
3.8203,False,2366.0,False,38.02,True
2.5156,False,1609.0,False,34.02,False
3.125,False,80.0,False,35.24,True
1.9835,False,1583.0,False,34.09,False
5.5248,False,1929.0,False,37.3,False
4.8831,False,4155.0,False,38.4,True
5.4847,False,1887.0,False,34.17,False
3.8456,False,2399.0,False,33.83,False
4.5417,False,1441.0,True,37.71,False
3.0345,True,1164.0,False,37.71,False
3.1979,False,841.0,False,32.96,True
2.6458,False,1170.0,False,37.82,True
2.5208,False,1359.0,False,34.08,True
4.0469,False,1903.0,False,34.1,False
1.2969,False,1283.0,False,34.04,False
3.5255,False,4624.0,False,34.0,True
1.3375,False,4289.0,False,39.13,True
3.2388,False,4084.0,False,34.16,False
2.3359,False,2532.0,False,37.1,True
4.7019,False,8374.0,False,33.15,False
2.4271,False,1386.0,False,33.9,False
2.1419,False,2188.0,False,39.22,True
4.7583,False,1963.0,False,34.23,False
4.8096,False,8676.0,True,37.65,False
3.5972,False,1813.0,False,33.78,False
2.8333,False,2359.0,False,33.34,False
2.9952,False,4599.0,False,35.13,True
3.3871,False,7689.0,False,34.49,True
4.6029,False,2380.0,False,37.99,True
6.3538,True,3191.0,False,37.9,False
2.3568,False,2665.0,False,34.09,False
5.5133,False,542.0,False,33.9,False
1.913,False,1368.0,False,34.02,False
1.9423,False,3249.0,False,38.51,True
2.3977,False,658.0,False,33.97,True
3.7611,False,4485.0,False,37.6,True
3.0727,False,4353.0,False,34.14,True
8.1078,False,2785.0,False,37.35,False
2.725,False,3707.0,False,34.01,True
3.3534,False,1058.0,False,34.21,False
2.2138,False,1765.0,True,40.87,False
4.381,False,1700.0,False,33.87,False
5.4243,False,1815.0,False,34.25,False
1.9913,False,2106.0,False,36.58,True
2.065,False,8800.0,False,38.55,True
2.6087,False,1996.0,False,36.96,True
2.7656,False,1297.0,False,38.9,True
4.5909,False,1026.0,False,34.23,False
3.1667,False,725.0,False,34.42,False
5.5209,False,1620.0,False,34.22,False
4.6985,False,3330.0,False,34.27,False
4.7034,False,6150.0,False,34.28,False
4.8264,False,1366.0,False,34.18,False
4.108,False,1681.0,False,33.95,False
6.2558,False,1136.0,False,32.76,True
3.474,False,2741.0,False,34.89,True
2.0224,False,1087.0,False,38.62,True
4.4239,True,1704.0,False,37.9,False
4.3056,False,2889.0,False,38.2,False
3.4531,False,5465.0,False,34.14,False
2.2679,False,1230.0,False,33.68,True
5.285,False,11965.0,False,34.12,True
4.1154,False,3824.0,False,34.19,False
2.6333,False,1591.0,True,32.76,False
3.9054,False,3700.0,False,34.16,False
3.285,False,2132.0,False,33.89,False
4.4896,False,2604.0,False,33.9,False
1.8068,False,1590.0,False,36.54,True
2.8007,False,2186.0,True,32.74,False
5.4372,False,2460.0,False,33.79,False
4.1429,False,1169.0,False,34.19,False
4.0938,False,16884.0,False,33.92,True
3.0742,True,9493.0,False,38.06,False
3.5363,False,5694.0,True,40.73,False
6.7248,False,5481.0,False,34.28,False
2.1827,False,2259.0,False,38.45,False
1.9937,False,1831.0,False,34.06,True
4.4375,False,1769.0,True,34.41,False
2.6179,False,1437.0,False,33.96,False
3.7452,False,2992.0,False,35.05,True
3.2246,False,6473.0,False,37.69,True
4.3898,True,2381.0,False,37.73,False
4.9375,False,4846.0,False,32.94,False
6.1359,True,60.0,False,37.97,False
5.1811,False,3254.0,False,38.42,True
4.0221,False,926.0,False,38.01,True
8.4438,False,4312.0,False,34.22,False
2.8,False,1251.0,True,34.44,False
2.2386,False,1120.0,False,37.78,True
3.3438,False,1502.0,False,38.36,True
6.3017,False,2413.0,False,33.61,False
2.0246,False,3224.0,False,33.22,False
2.4922,False,1306.0,False,36.19,True
5.1507,False,2115.0,False,33.77,False
4.2778,False,2234.0,False,36.31,True
3.7361,False,1621.0,False,33.88,False
5.2773,False,3284.0,False,34.23,False
2.4777,False,3193.0,False,34.44,False
1.3668,True,2302.0,False,37.79,False
2.3463,False,6568.0,False,36.68,False
2.3468,False,3766.0,False,38.68,True
3.2383,False,2923.0,False,34.11,False
4.9904,False,2750.0,False,33.86,False
7.4141,False,4589.0,False,33.94,True
3.3889,False,3024.0,False,34.03,False
3.0107,True,3351.0,False,37.72,False
1.5625,False,973.0,False,35.34,True
8.8693,False,4447.0,False,33.64,False
4.0229,False,3603.0,False,33.65,False
7.4351,False,3109.0,True,32.83,False
3.7143,False,2914.0,False,37.35,False
8.1221,True,1958.0,False,37.55,False
1.9621,False,1962.0,False,33.85,False
5.0681,False,3445.0,False,34.11,True
5.1788,True,2537.0,False,37.77,False
2.1875,False,1761.0,False,33.92,False
3.7454,False,2022.0,False,33.78,False
3.5703,False,1511.0,False,37.97,True
4.4063,False,1929.0,False,34.0,True
1.7207,False,1867.0,False,33.98,False
3.5039,False,1735.0,False,36.22,True
3.6121,False,1727.0,False,34.0,False
2.8106,False,3533.0,False,38.65,True
4.65,False,2088.0,False,38.56,False
4.1563,False,1387.0,False,38.67,True
4.1667,True,1731.0,False,37.77,False
3.7802,False,1979.0,False,34.08,True
4.1679,False,2422.0,True,37.05,False
2.5473,False,2685.0,False,38.24,True
3.8125,False,116.0,False,34.0,False
5.0862,False,1954.0,False,34.23,False
3.3625,True,1649.0,False,37.71,False
4.7276,False,6322.0,False,38.73,True
2.2813,False,2514.0,False,38.72,True
2.1974,False,1170.0,False,34.43,False
3.3793,False,3212.0,False,39.11,True
3.0212,False,4267.0,False,34.03,False
2.1389,False,2050.0,False,33.96,False
1.4024,False,1317.0,False,35.38,True
3.7452,False,4802.0,False,38.55,True
3.5234,False,2583.0,False,33.91,False
4.711,False,5464.0,False,33.99,True
5.359,False,349.0,False,32.97,False
2.3661,False,1244.0,False,39.01,True
3.8668,False,3566.0,False,34.18,False
5.0025,False,3233.0,False,34.2,False
3.9929,False,4190.0,False,35.14,True
1.3191,False,1669.0,False,37.96,True
1.875,False,2483.0,False,34.17,True
3.7463,False,2956.0,True,37.49,False
4.2721,False,6450.0,False,33.87,True
1.8007,False,2745.0,False,38.53,True
2.0202,False,2920.0,True,41.54,False
3.766,False,1994.0,False,34.14,True
2.3295,False,1766.0,False,36.97,True
2.5664,False,1787.0,False,34.16,False
6.1133,False,1086.0,False,33.85,False
4.055,False,1488.0,False,33.83,False
4.1917,False,1476.0,False,33.77,False
1.4034,False,2151.0,False,38.58,True
6.155,False,2411.0,False,34.25,False
3.2663,False,3522.0,False,34.04,False
2.9183,False,1748.0,False,39.41,False
3.8582,False,2958.0,True,34.61,False
3.9286,False,1781.0,False,33.84,False
2.2,False,161.0,False,33.81,False
2.8445,False,3227.0,False,33.88,False
2.4167,True,2115.0,False,37.79,False
3.725,False,2118.0,False,38.68,True
1.9957,False,1263.0,False,33.92,False
1.8661,False,1610.0,False,39.52,True
4.6182,False,2689.0,True,36.59,False
1.8,False,981.0,False,36.72,True
3.3545,False,6347.0,False,34.17,False
3.1012,False,1248.0,False,33.9,False
7.2812,False,8206.0,False,34.22,False
6.2552,False,3425.0,False,32.78,False
4.175,False,4813.0,False,38.4,True
2.6538,False,1046.0,False,33.94,False
6.0876,False,1965.0,False,34.14,False
5.6188,False,2155.0,True,36.98,False
2.8977,False,661.0,False,34.02,False
7.8575,False,1797.0,False,37.29,False
4.6187,False,6160.0,False,33.25,False
1.808,True,1898.0,False,37.85,False
2.9083,False,1996.0,False,38.07,True
7.2379,False,1864.0,False,33.91,True
6.2082,False,3335.0,False,38.66,True
4.9286,False,2988.0,False,33.93,False
2.6635,False,1255.0,False,32.79,False
3.0417,False,1596.0,False,34.14,True
3.0087,False,1725.0,False,33.84,False
2.2604,True,1017.0,False,37.77,False
2.4659,True,2024.0,False,37.76,False
3.055,False,742.0,False,33.92,False
1.7981,False,567.0,False,34.07,True
4.1447,False,2838.0,False,38.55,True
2.1875,False,1126.0,True,32.7,False
6.7079,False,3173.0,False,33.64,False
2.4322,False,5876.0,False,33.96,True
3.8187,False,1851.0,True,33.64,False
4.7909,False,12156.0,False,34.15,True
4.1042,True,2681.0,False,37.69,False
5.0092,False,3921.0,False,36.82,False
3.2813,False,832.0,False,37.35,False
3.6583,False,4808.0,False,38.52,False
3.2545,False,2248.0,False,36.61,False
4.5332,False,9601.0,False,37.69,True
2.0372,False,2129.0,False,33.95,False
3.2015,False,2267.0,False,34.16,False
3.3929,False,1105.0,False,39.48,True
6.1419,False,3727.0,False,34.23,False
2.2813,False,555.0,False,34.1,True
5.3911,False,1265.0,False,37.24,False
1.767,False,1371.0,False,36.59,True
3.4375,False,1545.0,False,34.29,False
6.2917,False,3063.0,False,34.04,True
1.7929,False,1908.0,False,39.16,False
4.9706,False,3242.0,False,32.92,False
5.0389,False,1085.0,False,39.1,True
8.093,False,3558.0,False,32.77,False
2.8973,False,4053.0,False,38.71,True
1.6641,False,1009.0,False,38.63,True
3.1776,False,3907.0,False,33.15,False
2.7266,False,4418.0,False,34.09,True
1.9044,False,1734.0,False,38.55,True
1.9799,False,1457.0,True,32.76,False
3.525,False,696.0,True,37.63,False
3.125,False,2319.0,False,39.26,True
1.516,False,1343.0,False,36.59,True
3.7727,False,1320.0,False,34.01,False
2.025,False,2173.0,False,34.03,False
2.3523,False,2653.0,True,33.77,False
3.6141,False,3554.0,False,34.16,False
1.7284,False,4362.0,False,39.75,True
1.675,False,397.0,False,33.99,False
2.2422,False,2410.0,False,33.97,False
3.9063,True,1578.0,False,37.64,False
3.0054,False,5565.0,False,33.11,False
2.5969,False,1914.0,False,34.01,False
1.625,False,1747.0,False,37.96,True
1.4079,False,2173.0,False,34.11,True
3.2279,False,1089.0,False,35.51,True
2.0357,False,2090.0,False,36.64,True
2.6442,False,859.0,False,34.09,False
1.9688,False,1617.0,False,33.98,False
2.6036,True,3595.0,False,37.97,False
3.6667,False,3064.0,True,32.84,False
3.1857,False,2162.0,False,37.67,True
5.0519,True,4850.0,False,37.75,False
2.1696,False,3334.0,False,34.09,False
2.4353,False,1395.0,False,38.19,True
2.9191,False,1569.0,False,33.19,False
5.8461,False,1290.0,False,33.81,False
4.5903,False,1264.0,False,35.39,True
2.5562,False,1676.0,False,36.65,True
3.8125,False,1382.0,False,34.07,False
4.6563,True,94.0,False,37.79,False
3.0278,False,1387.0,False,34.07,True
2.7348,False,1942.0,False,34.12,False
4.4821,False,2993.0,True,37.69,False
1.9417,False,991.0,False,35.33,True
5.3678,False,11818.0,False,34.14,True
3.0057,False,2309.0,False,39.24,True
4.3621,False,2519.0,False,37.32,False
2.9554,False,2029.0,False,34.08,True
2.875,False,2255.0,False,40.53,True
4.8015,False,1576.0,False,34.27,False
2.6218,False,2549.0,False,34.08,False
1.9297,False,2284.0,False,34.1,False
2.375,False,1585.0,False,34.09,True
5.8453,False,1572.0,False,40.23,True
4.6694,False,2862.0,False,34.89,False
5.6558,True,757.0,False,37.89,False
2.2156,False,1962.0,False,33.94,False
3.8661,False,12779.0,False,35.62,False
2.6818,False,1391.0,True,32.75,False
3.6429,False,1627.0,True,32.79,False
5.9683,False,2395.0,False,33.87,False
3.0057,False,2793.0,False,33.79,False
5.5649,False,3204.0,False,34.27,False
2.7019,False,3527.0,False,34.44,False
4.125,False,2191.0,False,38.41,False
1.1944,False,434.0,False,35.38,True
3.6161,False,2510.0,False,36.72,True
3.7766,False,2528.0,False,36.88,False
3.775,False,2356.0,False,34.43,True
4.8125,True,3156.0,False,37.67,False
2.3715,False,1892.0,False,37.29,False
2.6742,False,5896.0,False,33.89,False
6.1004,False,3040.0,True,37.51,False
5.8362,False,1771.0,False,33.77,False
3.1806,False,1213.0,False,34.12,False
2.2206,False,772.0,False,36.73,True
3.0912,False,7195.0,False,38.26,True
6.3199,False,1983.0,False,34.3,False
2.8702,False,2072.0,False,34.07,True
3.744,False,1446.0,True,32.8,False
4.2136,False,3269.0,False,37.33,False
4.7804,False,3237.0,False,36.83,True
4.2679,False,2815.0,False,34.68,True
6.7974,False,797.0,True,36.98,False
2.6154,False,571.0,False,33.91,False
5.5357,True,2085.0,False,37.91,False
4.9777,False,1948.0,False,33.85,False
2.2364,False,2362.0,False,34.07,False
2.0972,False,1904.0,False,37.33,False
3.125,False,3689.0,False,41.43,True
4.45,True,1887.0,False,37.95,False
2.8676,False,1055.0,False,37.95,True
3.049,False,4167.0,True,37.7,False
4.5562,False,3050.0,False,38.69,True
2.4464,False,1987.0,False,34.08,True
2.7367,False,7884.0,False,36.69,False
1.2188,False,196.0,False,34.13,False
3.5536,True,1077.0,False,37.88,False
6.6712,False,2855.0,False,37.27,False
1.881,False,2014.0,False,35.96,True
5.5608,False,1511.0,False,34.28,False
4.1307,False,1860.0,False,38.4,False
2.75,False,1621.0,False,36.55,True
2.8306,False,2767.0,True,32.75,False
3.7813,False,690.0,False,33.84,False
2.4482,False,3163.0,False,38.11,True
2.3087,True,2084.0,False,37.74,False
6.0362,False,4534.0,True,33.77,False
5.4716,False,2895.0,False,33.89,False
4.9583,False,81.0,False,38.87,True
2.9643,False,2158.0,False,34.09,False
2.3333,False,2821.0,False,39.39,False
4.0,False,2692.0,False,38.71,True
4.5094,False,4329.0,False,33.67,False
5.8195,False,3273.0,False,33.71,False
1.9472,False,2277.0,False,33.93,True
3.5673,False,2640.0,False,39.29,True
2.5595,False,2536.0,False,36.8,True
4.8036,False,2497.0,False,36.83,True
4.0294,False,2720.0,False,38.61,False
2.5434,False,2223.0,False,34.1,False
4.1641,False,1710.0,False,33.14,False
3.6989,False,2217.0,False,34.25,False
2.1806,False,1193.0,False,34.04,False
4.5402,False,2158.0,True,32.84,False
5.777,False,3132.0,False,33.85,False
2.4367,False,3927.0,False,32.8,False
2.3384,False,1608.0,False,36.77,False
2.2989,False,2399.0,False,33.7,True
2.4814,False,1935.0,False,36.58,True
6.4865,False,520.0,True,37.57,False
4.7853,False,2529.0,False,34.1,False
2.067,False,2017.0,False,34.06,False
3.1667,False,1105.0,False,33.85,False
5.1727,False,2016.0,False,33.86,False
3.5313,False,1543.0,False,34.09,True
2.6908,False,1294.0,False,37.37,True
3.5089,False,3362.0,False,34.05,False
5.3462,False,3402.0,False,34.0,False
4.0625,False,2036.0,False,34.09,False
3.9345,True,1631.0,False,38.03,False
2.1496,False,3552.0,False,40.47,True
4.0473,True,4274.0,False,37.93,False
5.4155,False,7353.0,False,33.97,False
4.2463,False,1793.0,False,33.65,False
1.3222,False,2348.0,False,35.41,True
6.6122,False,16704.0,True,34.18,False
4.8854,False,1336.0,False,34.04,False
3.1641,False,1802.0,False,37.55,True
4.1325,False,5135.0,True,32.64,False
1.2041,False,3233.0,False,38.57,True
3.4519,False,2740.0,False,41.28,True
2.0161,True,2705.0,False,37.77,False
3.0,False,1734.0,False,34.04,False
3.6987,False,1213.0,False,33.87,False
2.4643,False,1297.0,True,32.8,False
3.023,False,1022.0,False,34.06,False
4.9115,False,2982.0,False,33.84,False
3.0682,False,1523.0,False,33.99,False
1.7642,False,1647.0,True,32.71,False
5.6029,False,2902.0,False,34.03,True
4.0524,False,2667.0,False,34.17,False
7.0568,True,3596.0,False,37.73,False
3.3086,False,20377.0,False,34.57,True
3.1106,False,5862.0,False,34.19,False
6.057,False,2603.0,False,33.85,False
2.8175,False,4266.0,False,32.81,False
2.0562,True,1547.0,False,37.77,False
2.4615,False,1362.0,False,36.92,False
4.0052,False,3369.0,False,34.13,False
1.5288,False,3019.0,False,34.41,True
4.3831,False,1758.0,False,33.9,False
2.0114,False,2569.0,True,32.68,False
4.3194,False,2663.0,False,33.86,False
2.4878,False,11827.0,False,34.1,True
2.9083,False,1120.0,False,33.76,False
2.9073,False,1445.0,False,38.46,False
4.0833,False,937.0,False,36.06,True
2.4405,False,1129.0,False,36.78,True
2.4612,False,1569.0,False,34.03,False
2.6544,False,2098.0,False,38.0,True
5.1335,True,6027.0,False,37.4,False
6.7172,False,9662.0,False,33.98,False
5.828,False,1675.0,False,34.06,False
2.1581,False,376.0,False,33.93,True
1.8077,False,1554.0,False,40.17,True
2.6858,False,1788.0,False,36.58,True
6.9343,False,2112.0,False,33.56,False
2.6842,False,4833.0,False,39.13,True
4.0288,False,1216.0,False,33.86,False
4.6312,False,2252.0,False,34.06,False
2.1607,False,1514.0,False,34.0,False
2.4464,False,1780.0,False,34.08,True
4.0977,True,2236.0,False,37.76,False
4.744,False,7566.0,False,37.66,True
2.5625,False,2346.0,False,34.14,True
7.7751,False,3137.0,False,35.39,True
1.1051,False,1381.0,False,33.94,False
3.8287,False,2924.0,False,33.79,False
2.4811,False,3033.0,False,39.21,True
2.4167,False,1360.0,False,38.65,True
3.631,False,817.0,False,41.15,True
5.6573,False,1591.0,False,33.87,False
5.0,False,1664.0,True,34.35,False
2.0962,False,2809.0,False,40.28,False
2.9688,False,1716.0,False,34.08,False
5.2887,False,2080.0,False,37.25,False
4.5774,False,1672.0,False,33.86,False
4.4375,False,2081.0,False,38.45,False
5.2881,False,6225.0,False,38.56,True
1.8906,False,1789.0,False,34.02,False
4.0156,False,793.0,False,33.93,True
3.3516,False,1008.0,False,34.12,True
2.9219,False,858.0,False,34.27,False
1.372,False,1314.0,False,36.73,True
1.7692,False,2263.0,False,36.65,True
4.8516,False,2116.0,False,33.86,False
4.1678,False,8039.0,False,33.59,False
4.5759,False,1428.0,False,34.23,False
4.8152,False,3765.0,False,33.19,False
3.625,False,60.0,False,37.64,True
3.5536,True,2112.0,False,37.75,False
2.9779,False,1694.0,False,33.88,False
4.8125,False,2367.0,False,32.81,False
4.0,False,2132.0,True,32.68,False
5.5388,False,3095.0,False,37.35,False
5.6169,False,913.0,False,33.97,False
3.2277,False,6712.0,False,34.47,True
2.6553,False,1379.0,False,34.1,False
4.3906,False,1644.0,False,38.31,False
3.2232,False,1835.0,True,33.43,False
2.8333,False,2050.0,False,34.05,False
4.6389,False,682.0,False,33.91,False
3.4115,False,2093.0,False,34.03,False
5.2606,False,1758.0,True,33.82,False
5.1337,False,1524.0,False,38.02,True
4.6719,False,1199.0,False,37.36,False
4.8542,False,847.0,False,33.92,False
4.8359,False,2505.0,False,34.87,False
3.5529,False,3184.0,True,32.73,False
4.2841,False,2690.0,False,35.63,False
6.1724,True,8814.0,False,38.01,False
5.1483,False,4863.0,False,37.3,False
3.0313,False,1751.0,False,33.97,False
3.1513,False,2647.0,False,34.14,True
2.2697,True,996.0,False,37.8,False
1.9886,False,2099.0,False,39.23,True
3.3375,False,1605.0,False,33.85,False
4.0417,True,2070.0,False,37.96,False
3.6563,False,1452.0,False,34.05,False
2.8417,False,1815.0,False,34.36,False
1.9311,False,5357.0,True,33.82,False
9.7066,False,175.0,False,34.07,False
4.4659,False,1969.0,False,33.89,False
4.1538,False,2444.0,False,33.84,False
2.2905,False,3896.0,False,40.62,True
4.2099,False,2394.0,False,33.98,True
2.375,False,24.0,False,37.94,True
3.6964,False,759.0,False,37.37,True
3.745,False,3081.0,False,33.98,False
1.5156,False,2337.0,False,34.13,True
4.0491,False,2211.0,False,32.79,False
2.6689,False,9975.0,False,33.91,False
2.9781,True,3779.0,False,38.0,False
2.1806,False,1612.0,False,35.78,True
2.2845,True,2214.0,False,37.86,False
3.5268,False,602.0,False,34.09,False
4.5828,False,5276.0,True,34.16,False
4.625,False,30.0,False,34.17,True
3.375,True,1728.0,False,37.96,False
3.8125,False,3382.0,True,33.77,False
2.3912,False,3437.0,False,35.16,True
6.14,False,4570.0,False,34.15,False
6.5964,False,3223.0,True,33.43,False
3.9464,False,907.0,False,34.14,True
1.8771,False,2501.0,False,34.08,False
1.4329,False,847.0,False,33.93,False
3.7361,False,9653.0,False,33.62,False
3.3661,False,2810.0,False,38.05,True
2.8125,False,1765.0,False,36.35,True
3.5865,False,987.0,False,33.94,True
3.38,False,2784.0,True,37.58,False
3.1702,False,5236.0,False,37.34,False
3.5909,True,2245.0,False,37.76,False
2.5373,False,6501.0,False,38.91,True
3.0729,False,3251.0,False,38.02,True
4.0801,False,2958.0,True,37.52,False
4.1483,False,4026.0,False,37.95,True
1.0391,False,1232.0,True,32.72,False
2.7045,False,1011.0,False,33.98,False
1.3274,False,2741.0,True,33.78,False
3.6797,False,6638.0,False,33.79,False
3.8,False,2048.0,False,33.91,False
4.056,False,1465.0,False,34.0,False
2.2687,False,1785.0,True,32.75,False
4.2985,False,7923.0,False,33.96,True
4.7143,False,3201.0,False,38.46,False
2.5388,False,1336.0,False,34.14,False
6.6988,False,2988.0,False,34.0,False
2.1766,False,2591.0,False,36.68,False
4.1161,False,3033.0,False,34.17,False
4.4356,False,2029.0,False,36.83,True
2.1944,False,1407.0,False,34.05,True
2.197,False,3308.0,False,36.8,True
6.0191,False,32054.0,False,34.03,False
5.8053,False,3810.0,False,33.77,False
3.3438,False,3955.0,False,34.09,True
4.3587,False,2551.0,False,38.44,False
1.6198,True,610.0,False,37.79,False
2.0161,False,562.0,True,34.64,False
4.6406,False,2005.0,False,33.99,False
4.5568,False,2559.0,False,34.2,False
3.9792,False,779.0,False,34.19,False
7.105,False,3334.0,False,37.39,False
7.4713,True,5077.0,False,37.92,False
6.8753,False,3298.0,False,37.36,False
7.6245,False,3905.0,False,36.55,False
3.7813,False,3070.0,True,33.76,False
2.2188,False,1438.0,True,33.74,False
4.45,False,1777.0,False,34.0,False
1.8589,False,1881.0,False,38.68,True
3.4432,False,2650.0,False,34.07,True
2.525,False,2049.0,False,34.24,False
6.5261,False,9772.0,False,38.4,False
2.1357,False,1072.0,True,32.8,False
4.3214,False,1880.0,False,34.15,False
2.558,False,3952.0,False,37.32,True
2.2788,False,1001.0,False,38.67,True
3.7477,False,3544.0,False,38.69,True
3.2614,False,2361.0,False,36.99,True
1.8878,False,1722.0,False,36.56,True
5.3209,False,934.0,False,34.44,False
3.2583,False,2033.0,True,32.84,False
2.9726,False,3553.0,False,33.78,False
3.5517,False,3292.0,False,34.05,False
2.0643,False,1673.0,False,34.42,False
2.9219,False,700.0,False,38.51,True
4.4896,False,1602.0,False,37.36,False
3.7604,False,3082.0,False,33.81,False
2.4597,True,1130.0,False,37.85,False
2.825,False,1582.0,False,34.22,False
2.1776,False,2515.0,False,39.39,True
5.4067,False,2012.0,True,32.85,False
2.5625,False,186.0,False,33.51,True
2.6618,True,1170.0,False,38.28,False
3.6563,False,2460.0,False,38.59,True
2.6929,False,2427.0,False,34.11,True
3.1719,False,402.0,False,36.48,True
1.4205,False,1491.0,False,35.72,True
3.2917,False,1992.0,False,33.96,True
2.6375,False,2807.0,False,33.92,False
1.5758,False,5934.0,False,34.41,True
2.4342,False,2203.0,False,38.64,True
3.3214,False,1297.0,False,33.96,False
3.9537,False,1913.0,False,34.03,False
7.5752,False,22.0,False,34.02,False
6.5842,False,1821.0,False,33.62,False
3.6818,True,1813.0,False,37.65,False
5.4591,False,2536.0,False,34.15,False
2.1856,False,1326.0,False,34.13,True
5.3184,False,1143.0,False,33.9,False
5.3363,False,2294.0,False,38.01,True
2.7917,False,1341.0,False,36.79,True
3.2552,True,2107.0,False,37.77,False
3.233,False,1921.0,True,34.39,False
4.25,False,2254.0,False,37.65,True
2.8631,False,1762.0,False,34.16,False
1.8385,False,2928.0,False,36.33,True
6.1074,False,3234.0,False,34.21,False
2.1403,False,1679.0,False,34.09,False
2.7679,False,3771.0,False,34.04,False
2.375,False,21.0,False,34.03,False
5.3044,False,4528.0,False,34.21,False
2.1806,False,963.0,False,34.04,False
5.6266,False,945.0,False,37.29,False
2.7137,False,6440.0,False,39.15,True
2.35,False,282.0,False,35.24,True
6.4092,False,2259.0,False,38.15,False
2.8085,False,2734.0,False,40.46,True
4.0417,False,1250.0,True,36.98,False
7.3151,False,2674.0,False,33.9,False
8.7124,False,3764.0,False,33.84,False
3.0125,False,821.0,True,32.74,False
2.8042,False,2086.0,True,34.41,False
1.875,False,2276.0,False,32.8,True
3.9699,False,15207.0,False,34.23,False
6.4891,False,743.0,False,33.87,False
4.3008,False,2854.0,False,38.02,True
3.0273,False,2565.0,True,32.58,False
2.1927,False,3245.0,False,34.09,False
5.9572,True,4576.0,False,37.55,False
8.7288,False,8803.0,False,34.23,False
2.1542,False,1564.0,False,41.01,True
3.3173,False,6893.0,False,34.65,True
3.3438,False,3696.0,False,33.84,False
7.5544,True,4991.0,False,37.83,False
1.4646,False,1914.0,False,36.73,True
2.6322,False,2381.0,False,33.73,True
4.1302,False,1260.0,False,34.22,False
2.053,False,2818.0,False,34.05,False
5.6228,True,1650.0,False,37.9,False
6.0132,False,2365.0,False,33.88,False
2.6726,False,1476.0,False,35.64,True
3.2292,False,1487.0,False,34.14,True
5.6345,False,3611.0,False,37.33,False
4.9292,False,2830.0,True,34.71,False
2.3517,False,3719.0,False,40.18,True
1.5714,False,637.0,False,33.94,False
3.3672,False,3895.0,False,34.26,True
2.5139,False,1301.0,False,34.12,False
2.6981,False,3603.0,False,34.09,False
2.5403,True,3587.0,False,37.76,False
2.7375,False,2698.0,False,34.2,False
2.1687,False,1353.0,False,34.1,False
2.4297,False,952.0,False,33.93,False
3.9917,False,3067.0,False,38.33,False
3.767,False,1399.0,True,32.77,False
2.3599,False,4018.0,True,32.8,False
2.5737,False,2427.0,False,36.77,True
1.6759,False,1717.0,False,37.77,True
5.1149,False,2199.0,False,37.31,False
6.0857,False,14944.0,False,32.93,False
4.0905,False,3334.0,False,38.25,True
2.2132,False,395.0,False,36.72,True
4.275,False,588.0,False,33.85,False
3.5,False,2210.0,True,33.82,False
3.9848,False,2621.0,False,37.36,False
3.8021,False,2092.0,False,33.99,False
2.5682,False,1399.0,True,32.8,False
4.0603,False,2059.0,False,33.83,False
6.7587,False,3117.0,True,32.85,False
3.5357,False,1617.0,True,32.63,False
3.558,False,1768.0,False,33.9,False
5.0953,False,2569.0,False,34.2,True
3.4545,False,3459.0,False,33.94,True
2.3333,False,1110.0,False,33.94,False
4.0519,False,4185.0,False,38.75,True
6.5214,False,4070.0,False,37.67,True
3.6065,True,4088.0,False,37.8,False
4.0357,False,1856.0,False,32.73,False
2.2,True,1494.0,False,37.74,False
2.2614,False,1818.0,False,36.78,True
3.5492,False,1375.0,True,32.73,False
2.0,False,1225.0,False,38.03,True
3.4013,False,1753.0,False,38.61,False
5.5456,False,2126.0,False,33.86,False
5.0175,False,3142.0,False,37.34,False
8.7496,False,5436.0,False,33.77,False
2.3929,False,1363.0,False,33.97,False
2.6307,False,1076.0,False,34.13,True
2.7437,False,3172.0,False,34.09,True
2.1528,False,642.0,False,33.98,True
3.4812,False,4085.0,False,34.3,False
4.0313,False,6227.0,False,34.21,False
2.83,False,2731.0,False,38.93,True
4.2159,False,1027.0,False,33.65,False
3.7652,False,4379.0,False,37.31,True
2.5933,True,2680.0,False,37.76,False
2.25,False,266.0,False,39.1,True
3.6791,False,1545.0,False,34.25,False
4.5446,False,2002.0,False,33.96,False
2.5658,True,3732.0,False,38.29,False
4.5656,False,3876.0,False,34.15,False
4.2165,False,3141.0,False,33.67,False
5.0415,False,2891.0,False,38.46,False
1.4125,False,425.0,False,35.37,True
2.8102,False,3883.0,False,39.23,True
3.3438,False,2339.0,False,35.48,False
4.9022,True,3103.0,False,37.99,False
2.2574,False,2311.0,False,36.63,True
9.6986,False,4186.0,False,33.58,False
2.75,False,1921.0,True,32.76,False
6.2885,False,1755.0,False,35.47,True
4.2594,False,1948.0,False,33.94,False
2.3768,False,2453.0,False,34.07,True
2.6667,True,351.0,False,37.76,False
5.5137,False,2874.0,False,33.63,False
4.925,False,4126.0,False,36.76,True
3.16,False,2590.0,False,37.34,False
2.975,False,1799.0,False,34.13,False
2.2019,False,1872.0,False,34.25,False
7.2861,False,962.0,False,37.37,False
1.2634,False,1440.0,False,36.34,True
2.8493,False,3100.0,True,35.31,False
5.1098,False,3361.0,False,32.74,False
5.419,False,4223.0,False,38.73,True
4.5909,False,2497.0,False,33.63,False
2.7143,False,1349.0,True,33.79,False
2.7206,False,2309.0,False,33.95,False
4.9125,False,2071.0,False,33.63,False
3.1406,False,2108.0,True,37.76,False
1.0521,True,1064.0,False,37.94,False
2.6607,False,2268.0,False,38.46,False
4.6125,False,2577.0,False,33.78,False
5.4604,False,2234.0,False,34.26,False
3.1795,True,3171.0,False,37.89,False
3.1603,True,2033.0,False,37.8,False
1.7062,False,1750.0,False,37.26,True
4.5217,False,4388.0,False,33.84,False
5.9878,False,2460.0,False,32.76,False
7.5385,True,3000.0,False,37.89,False
1.7714,False,1746.0,False,38.53,True
4.3,False,1809.0,False,37.33,False
4.7083,False,2731.0,False,34.01,False
6.4781,False,1402.0,False,33.88,False
1.7054,False,2360.0,False,37.63,True
4.6042,False,2206.0,False,37.82,False
4.3899,False,2613.0,False,33.72,False
3.0089,False,992.0,False,33.09,True
3.5508,False,3471.0,False,38.34,True
3.8529,False,6751.0,False,34.0,True
3.4032,False,2779.0,False,34.09,True
4.4228,False,5548.0,False,33.99,False
3.0197,False,256.0,False,36.67,False
2.9569,False,3316.0,False,33.82,True
3.8088,False,1768.0,False,36.8,True
3.8,False,1975.0,True,40.78,False
4.2143,False,2202.0,False,34.25,False
2.5643,False,1534.0,False,38.62,True
3.125,False,301.0,False,34.12,True
3.6406,False,1958.0,False,33.64,False
2.6133,True,2365.0,False,38.11,False
2.987,False,3387.0,False,34.12,False
2.2917,False,1048.0,False,39.12,True
2.1653,False,2396.0,False,36.8,True
4.7917,False,2246.0,False,34.03,False
3.43,False,1811.0,True,37.63,False
3.2226,False,3252.0,True,35.32,False
2.5313,False,346.0,False,34.05,False
2.1908,False,1497.0,False,34.83,True
4.1287,False,1240.0,False,33.86,False
1.5625,False,1665.0,True,40.59,False
5.5592,False,5524.0,False,37.39,False
6.8189,False,4943.0,False,33.95,False
3.6832,False,4126.0,False,37.58,False
2.0329,True,1190.0,False,37.76,False
5.9684,False,9594.0,False,33.85,False
3.1944,False,693.0,False,38.63,True
5.9508,False,2573.0,False,34.64,True
2.875,False,866.0,False,37.69,True
2.5129,False,3059.0,False,37.98,True
5.7407,False,1259.0,False,33.98,False
3.4044,False,1802.0,False,36.68,True
2.1515,False,1186.0,False,36.72,True
3.4688,False,1337.0,False,33.94,False
1.7016,False,1190.0,False,34.07,False
3.5486,False,1838.0,True,32.8,False
2.6,False,1681.0,False,34.04,False
5.4324,False,3956.0,False,37.69,True
3.6771,False,894.0,False,33.93,False
4.0071,True,2638.0,False,37.72,False
2.3851,False,1155.0,False,39.68,True
8.289,False,1799.0,False,33.67,False
3.9336,False,3393.0,False,34.04,True
2.5685,False,2033.0,False,33.61,False
2.5966,False,2232.0,False,33.96,False
1.4653,False,697.0,False,34.01,False
3.9954,True,1769.0,False,37.77,False
4.2171,False,2355.0,False,33.89,False
7.2025,False,2435.0,False,33.67,False
6.7093,False,2073.0,False,37.44,False
3.2021,False,1764.0,False,33.99,False
1.5521,False,1702.0,False,33.99,False
4.0536,False,1745.0,False,33.96,False
4.8311,False,3942.0,False,34.03,True
2.9044,True,3497.0,False,37.86,False
2.2234,False,2012.0,False,34.2,False
3.5511,False,1461.0,False,33.72,False
1.6172,False,527.0,False,37.7,True
6.8462,False,1650.0,False,37.38,False
3.6953,False,2678.0,False,33.76,False
3.8003,True,4874.0,False,37.42,False
3.2857,False,1527.0,False,34.12,True
2.9562,False,5549.0,False,39.54,True
2.25,False,2203.0,True,32.57,False
4.1382,False,2642.0,False,38.66,True
3.3472,False,3141.0,False,33.78,False
8.4196,False,3856.0,False,34.15,False
3.6875,False,5684.0,False,34.08,True
3.8523,False,1947.0,False,37.66,True
3.3869,False,1669.0,False,36.55,True
1.9929,False,2562.0,False,33.98,False
4.9167,True,213.0,False,38.25,False
2.6176,False,1276.0,False,36.72,True
2.5389,False,2518.0,False,38.54,True
3.0284,False,1268.0,True,32.57,False
2.9955,False,1718.0,False,37.73,True
0.536,False,42.0,False,34.14,True
7.7234,False,2846.0,False,34.13,True
4.7426,False,2546.0,False,33.14,False
2.225,False,1401.0,False,40.17,True
3.7813,False,663.0,False,37.34,False
7.6518,True,6200.0,False,37.8,False
3.3942,False,4530.0,False,36.81,True
3.5532,False,1687.0,False,37.68,True
4.1344,False,1741.0,False,33.9,False
1.7448,False,910.0,False,41.41,True
3.0357,False,446.0,False,37.37,False
4.0474,False,3369.0,False,34.28,False
3.1906,False,1859.0,False,35.4,True
3.5852,False,1665.0,False,38.65,True
6.235,False,1097.0,False,33.97,False
2.3173,False,1234.0,False,33.85,False
2.1429,False,1657.0,False,33.97,False
2.0391,False,1745.0,False,40.68,True
3.6591,True,2535.0,False,37.84,False
2.6613,False,1557.0,False,38.49,True
2.0205,False,3463.0,False,34.09,False
1.6597,False,1062.0,False,33.96,False
4.8703,False,1665.0,False,34.21,False
3.1032,False,6823.0,True,32.81,False
6.0,False,1483.0,False,33.71,False
6.7578,False,3435.0,False,37.34,False
6.2079,False,4992.0,False,33.24,False
0.8641,True,709.0,False,37.93,False
3.125,False,1064.0,False,39.15,True
1.625,False,28.0,False,37.75,True
5.0756,False,3084.0,True,37.58,False
3.775,False,737.0,True,37.7,False
3.8672,True,1211.0,False,37.88,False
3.5542,False,2382.0,False,36.78,True
6.1464,False,2795.0,False,34.25,False
2.5924,False,4852.0,False,34.15,False
4.0313,False,1590.0,False,33.91,False
4.9688,False,1442.0,False,34.25,False
4.0938,True,3223.0,False,38.13,False
3.2019,False,2746.0,False,36.53,True
6.6657,True,2269.0,False,37.82,False
1.0513,False,853.0,False,36.74,True
7.8453,False,2030.0,False,33.65,False
4.6989,False,2655.0,False,38.4,True
8.203,False,4018.0,False,34.26,False
15.0001,False,50.0,False,37.13,False
3.915,False,1922.0,False,34.08,True
5.9357,False,2648.0,False,33.78,False
2.4677,False,3828.0,False,34.09,False
2.6722,False,3951.0,False,37.67,True
3.6875,False,9371.0,False,36.66,False
2.4835,False,2850.0,False,34.16,False
1.7292,False,918.0,False,35.37,True
4.0962,False,1453.0,False,38.25,False
4.8625,True,2976.0,False,37.38,False
2.5352,False,4495.0,False,38.25,True
3.6736,False,4624.0,True,33.16,False
2.9583,False,1586.0,False,33.95,True
1.5227,False,1287.0,False,36.75,True
1.9309,False,3757.0,False,33.94,False
5.0131,True,1169.0,False,37.39,False
3.8464,False,6012.0,False,37.36,False
1.9657,False,2858.0,False,40.47,True
4.3397,False,3052.0,False,33.86,False
2.532,False,2965.0,False,34.04,False
6.5069,False,5687.0,False,33.68,False
1.6136,False,6438.0,False,34.23,True
1.0208,False,977.0,False,33.96,False
5.1837,False,3116.0,False,33.53,False
3.0184,False,3543.0,False,34.07,True
5.5194,False,2708.0,True,34.62,False
4.4964,False,3536.0,False,34.28,False
2.4432,False,2666.0,False,34.68,True
4.0027,False,2343.0,False,36.75,True
2.4786,False,1508.0,False,36.49,True
1.9911,False,1879.0,False,32.97,True
3.0208,False,1917.0,True,32.75,False
0.8246,False,279.0,False,34.55,True
2.625,False,579.0,False,34.07,False
2.0326,False,11391.0,False,32.79,False
2.1029,False,1682.0,False,34.04,False
2.5326,False,1973.0,False,34.01,False
1.4812,False,1660.0,False,36.39,True
2.8062,False,1935.0,False,34.09,False
3.5417,True,1693.0,False,37.88,False
3.4671,True,849.0,False,37.77,False
1.75,True,3150.0,False,37.93,False
3.0284,False,1526.0,False,34.1,True
5.7528,False,2826.0,False,37.32,False
1.5227,False,1540.0,False,33.89,True
5.1082,False,835.0,False,37.38,False
3.3571,False,2844.0,False,38.3,False
6.0661,True,1606.0,False,37.58,False
4.5,False,2087.0,False,32.96,False
4.4615,False,2270.0,False,33.83,False
4.5875,False,2054.0,False,38.33,False
2.1969,False,1713.0,False,37.65,True
4.0909,False,300.0,False,38.69,True
1.3801,False,2062.0,False,33.98,False
2.5991,False,1605.0,True,32.76,False
4.2566,False,5954.0,False,33.87,False
5.7787,False,3225.0,True,33.08,False
2.125,False,7005.0,False,38.19,True
4.1366,False,2775.0,False,33.71,False
2.1905,False,5872.0,False,36.71,True
1.2083,False,565.0,False,32.79,True
4.9559,True,3045.0,False,37.8,False
1.3169,False,661.0,False,34.05,False
3.0461,False,2681.0,False,34.11,False
3.5694,False,2582.0,True,33.73,False
4.0985,False,1790.0,False,34.19,False
3.9741,False,3057.0,False,34.06,True
3.1406,False,3656.0,False,37.97,True
2.4848,False,2285.0,False,35.36,True
2.8797,False,3306.0,False,34.01,False
1.8208,False,2355.0,False,39.13,True
2.925,True,954.0,False,37.75,False
2.1667,False,1266.0,False,34.11,False
2.5949,False,5535.0,False,32.82,False
4.559,False,2216.0,False,40.51,True
2.3549,False,1564.0,False,38.43,True
5.0464,False,2772.0,False,33.87,True
2.5625,False,1533.0,False,38.75,True
4.037,False,1365.0,False,38.38,True
7.7738,False,2714.0,False,37.21,False
1.9722,False,1006.0,False,36.49,False
2.9141,False,2385.0,False,33.62,True
3.0398,False,3881.0,False,34.15,False
1.6827,False,1890.0,False,39.72,True
5.1708,False,1485.0,False,34.12,False
1.6875,False,2761.0,False,38.24,True
4.445,True,1760.0,False,37.77,False
2.7339,False,2410.0,False,33.9,False
1.6607,False,1931.0,False,36.62,True
2.0433,False,572.0,False,34.08,False
3.1146,False,2696.0,False,34.15,False
2.8344,False,3109.0,False,38.79,False
2.0323,False,1876.0,False,33.96,False
3.125,False,1245.0,False,38.94,True
2.462,False,1765.0,False,38.39,False
2.5872,False,2919.0,True,33.23,False
3.25,False,1377.0,False,39.37,False
2.1773,False,2020.0,True,32.59,False
3.0455,False,1998.0,False,33.98,False
2.7121,False,4609.0,False,34.23,False
4.7069,False,1741.0,False,37.25,False
3.6397,False,2125.0,False,33.97,False
4.1033,False,8400.0,True,37.64,False
2.233,False,394.0,False,38.58,True
3.81,False,1937.0,False,34.1,False
6.0965,False,1971.0,False,34.24,False
6.9238,False,2366.0,False,37.3,False
4.5368,False,6649.0,False,37.34,False
5.2366,False,1529.0,False,37.16,False
2.1944,False,818.0,False,34.04,False
2.1736,False,3873.0,False,38.52,True
2.4069,False,1578.0,True,32.73,False
5.2113,False,3716.0,True,32.86,False
3.5691,False,16239.0,False,38.54,True
3.18,True,3416.0,False,38.0,False
4.6727,False,6933.0,False,34.02,True
2.4537,False,4021.0,False,38.62,True
3.375,False,2163.0,False,34.5,True
5.8798,False,4891.0,False,34.21,False
0.9573,False,121.0,False,37.64,True
6.1642,False,3480.0,False,38.78,True
1.837,True,2587.0,False,37.96,False
2.1447,False,2109.0,False,33.79,False
7.3843,False,4866.0,False,37.23,False
1.9375,False,1984.0,False,39.15,True
2.3236,False,3245.0,False,34.07,True
1.4886,False,932.0,False,33.99,False
2.5125,False,3088.0,False,33.98,False
4.6635,False,779.0,False,34.25,False
1.4844,True,986.0,False,37.78,False
2.5048,False,2360.0,False,34.04,True
4.25,False,2656.0,False,35.61,True
2.6442,False,893.0,False,33.75,False
5.0838,True,6483.0,False,37.54,False
2.3276,False,2375.0,False,38.31,False
3.725,False,1701.0,False,33.99,False
4.6518,False,401.0,False,33.02,False
2.2132,False,1540.0,False,34.13,False
3.6125,False,432.0,False,38.53,True
2.9886,False,2309.0,False,36.31,True
3.7431,False,4780.0,False,33.93,True
3.0806,False,2027.0,False,34.08,True
5.1282,False,2683.0,True,37.59,False
3.8194,False,1864.0,True,32.71,False
3.2091,True,2544.0,False,37.66,False
3.0568,False,1441.0,False,36.77,True
2.8194,False,1072.0,False,34.09,False
3.8047,True,667.0,False,37.75,False
4.6786,True,1583.0,False,37.73,False
1.8814,False,1156.0,False,33.95,False
5.6286,False,949.0,True,37.51,False
3.6161,False,636.0,True,33.8,False
1.5474,False,1697.0,True,32.71,False
3.0625,False,2523.0,False,33.96,False
3.8125,False,1850.0,False,37.95,True
8.7385,False,3067.0,False,33.69,False
3.6292,False,4140.0,False,37.31,False
3.7841,True,1900.0,False,37.99,False
4.5,False,4097.0,False,33.84,False
7.0309,True,473.0,False,37.41,False
4.5833,False,2725.0,False,34.04,False
5.542,False,9071.0,False,33.85,False
2.4914,False,1572.0,False,34.08,False
3.9309,False,4518.0,False,38.49,True
3.0469,True,1883.0,False,37.71,False
3.2011,False,1205.0,False,33.93,False
4.3235,True,2372.0,False,37.89,False
5.0111,False,9446.0,False,34.01,False
2.325,False,1421.0,False,39.5,False
4.1807,False,7880.0,True,33.17,False
4.4777,False,2819.0,True,32.69,False
2.3533,False,2649.0,False,35.49,True
4.9219,False,1038.0,False,33.82,False
3.5667,False,2839.0,False,39.18,True
1.2863,False,458.0,True,32.7,False
2.6091,False,6603.0,False,33.9,False
4.5662,False,2460.0,True,32.69,False
4.2989,False,2638.0,False,34.16,False
5.311,False,8552.0,True,33.12,False
4.0536,False,3254.0,False,33.8,False
1.8571,False,907.0,False,34.05,False
4.1321,False,1887.0,False,33.93,False
1.5208,False,1922.0,True,32.76,False
3.9667,False,1987.0,True,36.95,False
2.12,False,1000.0,False,33.9,False
4.7515,False,6565.0,False,33.71,False
0.7069,False,331.0,False,34.13,True
3.6202,False,3659.0,False,34.15,False
2.8913,False,1824.0,False,36.43,True
5.1508,False,9103.0,True,33.77,False
3.5039,False,945.0,False,34.08,False
3.6196,False,1204.0,False,33.57,False
5.3168,False,239.0,False,37.53,True
1.995,False,1755.0,False,33.37,False
1.7188,False,1895.0,False,38.5,True
2.1726,False,1672.0,True,41.02,False
2.6364,False,1265.0,False,38.01,True
3.3239,False,3995.0,False,36.82,True
2.5,True,1826.0,False,37.79,False
3.8185,False,3819.0,False,33.14,False
2.1779,False,1437.0,False,37.6,True
4.2955,True,778.0,False,38.17,False
1.5329,False,1765.0,False,37.98,True
3.2813,False,3694.0,False,34.1,False
6.0074,True,3349.0,False,37.58,False
4.0833,False,1983.0,True,37.69,False
3.6691,False,352.0,False,33.97,True
5.6349,True,2131.0,False,37.84,False
2.3269,False,1254.0,False,36.73,True
3.5987,False,3348.0,False,34.87,True
2.4167,False,1551.0,True,32.75,False
4.3036,False,2933.0,False,34.15,False
2.3042,False,1856.0,True,32.75,False
4.1417,True,1754.0,False,37.74,False
4.0071,False,3091.0,False,38.34,False
3.7807,False,4303.0,False,34.68,True
4.6098,True,4299.0,False,37.71,False
2.9531,False,1010.0,False,37.87,True
3.875,True,895.0,False,37.87,False
3.4792,False,1211.0,False,33.89,False
2.875,False,985.0,True,32.56,False
5.6846,False,2990.0,False,33.81,False
5.5681,False,1679.0,False,34.17,False
5.8252,False,5664.0,False,33.67,False
1.7,False,966.0,False,38.44,False
4.7391,False,2576.0,True,37.69,False
5.1377,False,1932.0,False,33.89,False
3.9696,False,352.0,False,34.01,True
1.9798,False,1576.0,False,33.95,False
4.5625,False,9966.0,False,33.99,True
8.0839,False,2939.0,False,37.83,False
2.4962,True,1379.0,False,37.75,False
2.7139,False,1590.0,False,33.97,False
3.8295,False,1330.0,False,32.72,False
1.867,False,1481.0,False,38.64,True
4.7568,False,3236.0,False,33.92,True
3.7614,True,767.0,False,37.63,False
4.9531,False,2183.0,False,33.99,False
4.0221,False,3010.0,False,33.61,False
6.0873,False,7034.0,False,33.46,False
1.4727,False,2559.0,False,39.13,True
4.475,True,1773.0,False,37.72,False
3.3864,False,2879.0,False,34.21,False
4.6629,False,1442.0,True,33.76,False
4.3315,False,1560.0,False,36.83,True
5.9493,False,1473.0,False,33.85,False
4.4167,False,2347.0,False,34.09,False
3.8158,False,3865.0,False,33.75,False
2.025,False,5258.0,False,34.06,True
5.0532,False,2017.0,False,33.64,False
1.3903,False,1427.0,True,33.2,False
3.25,True,1613.0,False,37.97,False
3.125,True,1892.0,False,37.68,False
4.2891,True,1892.0,False,37.75,False
6.4753,False,1584.0,False,37.97,True
4.325,False,3413.0,False,33.85,False
2.9904,False,1830.0,True,32.74,False
2.875,True,838.0,False,37.59,False
6.9408,False,850.0,False,34.16,False
3.8618,False,1707.0,False,33.97,True
3.0789,False,1368.0,False,33.8,False
2.3147,False,2387.0,True,34.28,False
2.4717,False,5652.0,True,34.44,False
4.0388,False,2112.0,False,33.51,False
1.4828,False,1266.0,False,32.67,True
5.4228,False,5230.0,False,37.39,False
3.5673,False,2090.0,False,38.23,False
3.9224,False,2933.0,False,34.05,True
3.0526,False,3668.0,False,34.29,False
3.2011,True,1013.0,False,37.78,False
6.746,False,2634.0,False,34.05,True
3.3621,False,1523.0,False,34.15,True
5.5145,False,1504.0,False,37.31,False
2.125,False,916.0,False,40.01,True
2.5437,False,5876.0,False,35.46,False
1.4133,True,6804.0,False,37.73,False
2.2206,False,1525.0,False,41.73,True
5.0779,True,2782.0,False,37.93,False
4.7468,False,2846.0,True,36.88,False
1.025,True,713.0,False,37.84,False
2.1667,False,1262.0,False,39.82,True
4.84,False,2050.0,False,33.99,True
3.0079,False,5463.0,False,37.3,False
1.564,False,1591.0,False,37.63,True
2.5625,False,1262.0,True,32.56,False
4.3571,False,87.0,False,33.03,False
4.9222,False,11768.0,False,38.25,True
3.7734,False,361.0,False,37.95,True
2.8258,True,1403.0,False,37.47,False
1.8846,False,1768.0,False,38.26,True
3.9286,False,1881.0,False,33.81,False
2.6442,False,1231.0,False,34.01,True
4.3807,False,3224.0,False,37.41,False
1.3194,True,2207.0,False,37.75,False
5.6409,False,18356.0,False,33.97,True
4.0125,False,1759.0,True,34.42,False
4.0529,False,2387.0,False,35.34,True
3.6885,True,3427.0,False,37.72,False
6.2275,True,6986.0,False,37.88,False
3.4609,False,3545.0,False,38.48,True
3.2229,False,1010.0,False,33.71,False
1.8086,False,1407.0,False,33.99,False
5.2639,False,2825.0,False,33.85,False
6.6086,False,4228.0,False,37.44,False
4.8,False,2485.0,True,32.78,False
1.3444,False,1355.0,False,36.3,True
5.9806,False,1804.0,True,32.94,False
4.7647,False,5898.0,False,33.26,False
2.943,True,2747.0,False,37.78,False
7.1382,True,2712.0,False,37.41,False
4.9286,False,2445.0,True,34.63,False
2.4286,False,2807.0,True,33.82,False
1.4066,False,2210.0,False,34.12,True
3.4706,False,1750.0,False,38.89,True
5.1028,False,1541.0,False,34.23,False
4.125,False,1599.0,False,33.95,True
2.7019,False,1583.0,False,34.02,False
2.0734,False,2758.0,False,34.05,True
3.5972,False,275.0,False,33.75,False
3.1094,False,1724.0,False,36.35,True
2.875,False,1888.0,False,38.25,False
7.0935,False,2508.0,False,33.82,False
2.4632,False,3247.0,False,34.07,False
3.875,False,1155.0,False,34.07,False
2.6127,False,1370.0,False,36.78,True
2.1932,False,1162.0,False,37.53,True
2.166,False,4197.0,False,37.68,True
2.9087,False,2589.0,True,37.63,False
2.2937,False,443.0,False,34.05,False
2.6629,False,1042.0,True,32.74,False
2.8681,False,3653.0,False,33.9,False
2.2788,True,1233.0,False,37.87,False
2.3,False,1696.0,False,36.25,True
5.5105,False,1616.0,False,33.68,False
5.0,False,1659.0,False,34.45,False
3.1446,False,4175.0,False,34.22,False
2.1125,False,971.0,False,34.07,True
10.4835,False,2217.0,False,33.95,False
5.6716,False,16042.0,False,33.98,False
3.2239,True,2002.0,False,37.77,False
1.9236,False,1041.0,False,34.07,True
7.3081,False,3339.0,True,37.53,False
4.5,False,959.0,False,33.89,False
3.25,False,3085.0,False,34.0,False
1.1638,False,825.0,False,35.37,True
8.8793,True,2315.0,False,37.81,False
1.7109,False,8739.0,False,35.4,True
1.7158,False,1607.0,False,33.91,False
5.9522,False,3563.0,False,34.5,False
6.0918,True,4712.0,False,37.93,False
5.1641,False,3808.0,False,34.18,False
4.8,False,1050.0,False,33.76,False
3.4559,False,1697.0,False,38.69,True
2.8239,False,2172.0,False,34.02,False
4.25,False,1543.0,True,33.76,False
2.3333,False,1463.0,False,33.94,False
3.2232,False,4174.0,False,34.17,True
3.2625,False,1446.0,False,39.22,True
2.9559,False,1666.0,False,39.96,True
2.0769,False,1419.0,True,33.78,False
4.8984,False,864.0,True,32.56,False
4.03,False,2155.0,False,38.77,True
4.4472,False,5761.0,False,34.04,True
4.6484,False,2113.0,True,36.98,False
1.2273,False,1175.0,False,33.96,False
3.2649,False,3724.0,False,33.91,False
2.2106,True,1872.0,False,37.84,False
2.629,False,3230.0,False,34.06,False
4.9286,True,1226.0,False,38.1,False
3.1711,False,3295.0,False,38.59,True
3.2937,False,2084.0,False,38.26,True
1.9583,False,1759.0,False,34.1,True
5.5,False,2095.0,False,33.66,False
1.3971,False,852.0,False,34.04,False
2.6311,False,944.0,False,33.97,False
1.9872,False,1766.0,True,33.78,False
5.143,False,2370.0,False,37.98,True
2.2095,False,2162.0,False,34.16,False
4.5769,True,1791.0,False,37.73,False
2.9405,False,2999.0,False,34.08,False
1.6307,True,5161.0,False,37.86,False
3.0167,False,1921.0,False,33.93,False
2.9583,False,1244.0,False,33.84,False
2.75,False,1931.0,False,38.95,True
4.2802,False,1651.0,False,39.04,True
3.6375,False,745.0,False,33.86,False
4.6528,False,1162.0,False,34.13,False
4.25,False,1933.0,True,33.71,False
5.0861,False,1755.0,False,33.95,False
4.8021,False,2715.0,False,37.0,False
3.8611,False,1189.0,False,39.22,True
3.0529,False,2655.0,False,34.02,False
2.1165,False,3939.0,False,38.53,False
1.9784,False,2185.0,False,36.78,True
3.475,False,2205.0,False,33.6,False
1.7772,True,1786.0,False,37.79,False
1.685,False,917.0,False,33.99,True
4.5588,False,1804.0,False,38.43,False
3.8235,False,2512.0,False,33.98,False
1.9943,False,2599.0,False,39.37,True
3.3801,False,3090.0,False,34.1,False
7.6889,False,1792.0,False,38.12,True
4.6923,False,3184.0,False,38.53,True
4.0833,False,1770.0,False,33.93,False
2.7778,False,3911.0,True,32.77,False
5.806,False,4151.0,False,33.85,False
6.91,False,866.0,False,34.08,False
4.8603,False,2216.0,False,38.55,True
4.4286,True,2657.0,False,37.9,False
2.3382,False,2055.0,False,33.9,False
5.778,False,3996.0,False,38.37,True
2.2902,False,1636.0,False,34.03,False
5.3339,False,2968.0,False,33.88,False
3.0348,False,7003.0,False,38.63,True
1.7308,False,2416.0,True,40.8,False
4.6765,False,1606.0,False,33.87,False
2.5259,False,1019.0,False,39.33,True
5.8691,False,349.0,False,37.28,False
2.2866,False,2304.0,True,32.7,False
2.1548,False,1157.0,True,32.61,False
2.2042,False,1141.0,False,34.01,False
2.7138,False,9975.0,False,35.43,True
4.3833,False,1868.0,False,33.56,False
2.3281,False,1194.0,False,38.93,True
4.9429,False,2914.0,False,33.8,False
5.1645,False,2722.0,False,33.64,False
2.9133,False,3371.0,True,33.18,False
3.8958,False,1176.0,False,39.13,False
2.8583,False,1144.0,False,33.62,False
3.5893,False,737.0,False,34.13,False
4.2708,False,1323.0,False,33.94,False
3.9615,False,1737.0,False,34.23,False
3.1442,False,1568.0,False,34.09,False
7.7814,False,3580.0,False,33.65,False
3.9816,False,3662.0,False,33.73,False
2.7298,False,1880.0,False,36.09,True
7.912,True,2862.0,False,37.72,False
5.7559,False,3783.0,False,33.64,False
6.6272,False,771.0,True,32.66,False
5.9094,False,15502.0,False,33.0,False
3.2833,False,3861.0,False,33.7,True
1.3373,False,1178.0,False,32.79,True
2.8061,False,6090.0,False,33.66,False
2.3214,False,3725.0,False,33.36,False
2.0221,False,1293.0,False,36.19,True
3.3125,False,1220.0,False,36.21,True
4.1405,False,20908.0,False,33.23,False
5.1663,False,4021.0,False,37.25,False
2.4342,False,1526.0,False,38.01,True
5.1701,True,7518.0,False,37.68,False
4.0625,False,2560.0,True,33.15,False
2.5868,False,2129.0,False,34.11,True
2.3333,False,1194.0,False,33.72,False
3.3958,True,1612.0,False,37.77,False
6.3842,False,3229.0,False,34.13,True
5.0774,False,3661.0,True,37.54,False
2.0288,False,3398.0,False,37.25,False
3.1667,False,2598.0,False,33.89,False
6.1885,False,3654.0,True,34.26,False
4.25,False,821.0,False,37.37,False
1.7558,False,2832.0,False,34.09,False
2.4866,False,1925.0,True,32.62,False
5.3259,False,1476.0,False,33.69,False
3.6181,False,4453.0,False,34.11,False
3.9196,False,2691.0,False,39.18,True
4.4762,False,5398.0,False,33.94,True
3.6731,False,2108.0,False,33.92,False
2.7432,False,2597.0,False,38.62,False
3.163,False,990.0,False,34.27,False
5.4088,False,1819.0,False,34.18,False
3.5393,False,3249.0,False,37.35,True
4.0724,False,1928.0,False,33.84,False
3.775,True,2155.0,False,37.75,False
4.375,True,3801.0,False,37.99,False
5.8652,False,1288.0,False,34.18,False
3.0222,False,3112.0,False,37.68,True
4.8021,True,3770.0,False,37.37,False
4.375,False,2317.0,True,33.79,False
1.8316,False,2323.0,False,34.03,False
4.2386,True,3036.0,False,37.67,False
4.9102,False,1795.0,False,34.2,False
3.9777,False,2443.0,False,34.19,False
3.4899,False,3305.0,False,33.68,False
3.0773,False,1482.0,True,34.43,False
4.4861,True,1273.0,False,38.28,False
4.875,False,1133.0,False,34.17,False
3.2024,False,2107.0,False,33.84,False
2.7011,False,5951.0,False,34.13,True
3.2604,False,816.0,False,37.61,True
3.3208,False,1723.0,True,37.72,False
1.875,False,674.0,False,33.12,False
1.9107,False,1187.0,False,33.5,True
2.6812,False,3889.0,False,35.42,True
2.3,False,1054.0,False,34.17,False
3.4955,False,2081.0,False,33.77,False
2.4375,False,988.0,False,33.99,False
3.5323,False,3573.0,False,38.49,True
3.4408,False,2137.0,False,33.87,False
1.9375,False,2026.0,False,39.75,True
4.2096,False,1898.0,False,38.54,True
8.3912,False,6612.0,False,34.18,False
3.875,True,2104.0,False,37.67,False
6.7228,False,2951.0,True,37.72,False
1.4851,False,1838.0,False,34.42,False
2.9917,True,1097.0,False,37.7,False
5.5767,False,1726.0,False,33.83,False
3.7844,False,2498.0,False,37.25,False
9.2873,False,4516.0,False,34.29,False
1.7829,False,2149.0,False,39.8,True
5.1442,False,9104.0,False,38.49,True
2.9094,False,2121.0,False,33.95,False
1.4189,False,798.0,False,34.04,False
1.175,False,1185.0,False,36.76,True
4.0,True,2686.0,False,37.78,False
1.925,True,995.0,False,37.76,False
3.875,True,893.0,False,37.78,False
2.398,False,2525.0,False,38.54,True
3.5,False,2726.0,False,37.99,True
6.1985,False,1104.0,False,33.96,False
2.0025,False,3216.0,False,35.67,True
4.6173,False,3846.0,False,37.75,True
4.3009,False,3713.0,False,38.71,True
2.8646,False,5699.0,False,34.19,False
2.8043,False,2072.0,True,32.75,False
4.4934,False,2242.0,False,33.89,False
5.2848,False,3795.0,True,37.67,False
7.0546,False,2005.0,False,32.91,False
3.5875,False,1995.0,False,34.17,False
1.9417,False,1193.0,False,36.55,True
2.6884,False,4510.0,False,34.08,False
4.4107,False,4166.0,False,34.42,False
1.5109,False,1454.0,False,33.99,False
2.9375,False,1535.0,False,33.79,False
1.6437,False,1555.0,False,33.92,False
1.0349,False,958.0,False,36.19,True
2.9309,False,3412.0,True,36.61,False
3.5607,False,3691.0,False,38.83,True
7.0329,False,21533.0,False,33.97,False
3.4531,True,1527.0,False,37.77,False
3.2132,False,2682.0,False,37.39,True
5.4284,False,14275.0,False,34.53,True
2.0804,True,2555.0,False,37.84,False
5.5425,False,5616.0,False,34.02,True
1.8875,False,1478.0,False,34.02,False
0.8585,False,1448.0,False,32.76,True
4.7143,False,3725.0,True,32.78,False
4.6875,False,1758.0,True,32.72,False
3.1397,False,1474.0,False,33.93,False
5.4469,False,1701.0,False,34.06,False
4.121,False,3424.0,False,32.96,False
2.2357,False,1927.0,False,40.5,False
4.3646,False,1254.0,False,33.89,False
3.0635,False,2346.0,False,33.75,False
1.6033,False,1043.0,False,40.58,True
3.3469,False,5039.0,True,37.58,False
3.099,False,1594.0,False,34.01,False
2.7792,False,1519.0,False,36.16,True
11.0567,False,5348.0,False,33.6,False
3.3125,True,5151.0,False,37.97,False
1.6384,False,1571.0,True,33.79,False
6.4211,False,3562.0,False,33.6,False
4.375,False,5239.0,False,33.73,False
1.8495,False,1864.0,False,34.08,False
6.9326,False,3416.0,True,33.03,False
4.7734,False,1676.0,False,34.21,False
4.2237,True,5024.0,False,38.27,False
4.2375,False,2493.0,True,32.71,False
1.8894,False,915.0,False,36.04,True
5.0719,False,2220.0,False,33.84,False
3.8393,False,2290.0,False,34.12,False
3.6838,False,2095.0,False,38.03,True
4.35,False,2152.0,False,33.83,False
3.4784,False,3099.0,False,38.61,True
4.3333,False,1949.0,False,33.91,False
2.9706,True,385.0,False,37.6,False
6.2498,False,6326.0,True,37.64,False
1.2188,False,1495.0,False,33.93,True
1.7222,False,1374.0,False,38.83,True
4.2061,False,4794.0,False,38.46,False
2.3333,False,429.0,False,37.99,True
2.0871,False,1273.0,False,33.64,True
3.0398,False,903.0,False,33.98,False
4.1488,False,2317.0,False,34.1,True
2.4688,False,1471.0,False,38.0,True
1.6389,False,1232.0,True,32.66,False
4.6071,True,1598.0,False,37.75,False
3.8403,False,1857.0,False,33.47,False
2.1424,False,1912.0,False,37.75,True
5.2124,False,1567.0,False,33.67,False
2.0857,False,1389.0,False,36.44,True
2.1746,False,2332.0,False,39.74,True
1.6937,False,966.0,False,37.74,True
6.1737,False,2856.0,False,33.85,False
4.1812,False,1642.0,True,33.73,False
2.8125,False,397.0,False,33.63,True
3.7065,False,4527.0,False,37.52,True
3.0694,False,950.0,False,33.97,True
2.0938,False,968.0,False,38.91,True
3.4583,True,1468.0,False,37.7,False
1.5521,False,2180.0,False,33.97,False
4.1116,False,1405.0,True,37.72,False
6.8758,False,797.0,False,34.0,False
4.1932,False,803.0,False,34.24,True
1.3594,False,1528.0,False,36.95,True
4.5375,False,1795.0,False,37.65,True
2.7209,False,3487.0,False,37.64,True
2.6745,False,1395.0,False,38.61,True
0.536,False,54.0,False,34.16,False
6.4696,False,3486.0,False,32.97,False
1.2188,False,1227.0,True,32.7,False
5.75,False,630.0,False,34.42,False
2.4574,False,4866.0,False,38.66,True
3.9,True,3481.0,False,37.82,False
4.7663,False,1475.0,False,33.9,False
4.5833,False,1442.0,False,34.25,False
3.4773,False,3256.0,False,32.79,False
2.1389,False,796.0,True,34.44,False
1.7212,False,557.0,False,37.95,True
4.2269,True,2338.0,False,38.0,False
3.0978,False,2459.0,False,34.08,True
8.0837,False,4044.0,False,37.3,False
2.3769,True,2238.0,False,37.48,False
3.2297,False,2869.0,False,34.2,False
2.8783,False,1822.0,False,33.95,True
7.9813,True,2937.0,False,37.37,False
4.4474,True,2239.0,False,38.03,False
3.9076,False,4747.0,True,32.6,False
1.7257,True,2002.0,False,37.93,False
1.375,False,2305.0,False,33.97,False
1.0353,False,1358.0,True,32.75,False
3.9241,False,2114.0,False,34.11,True
2.1473,False,1182.0,False,33.97,False
6.2423,False,3108.0,False,34.22,False
2.4678,False,10862.0,False,36.8,True
4.4,False,1320.0,False,33.86,False
3.6196,False,1683.0,False,33.99,False
2.6654,False,1794.0,False,33.94,False
3.371,True,3008.0,False,37.72,False
3.4505,False,3734.0,False,37.29,False
4.8981,False,3291.0,False,33.81,False
2.5687,False,1563.0,False,38.46,False
3.4231,False,1562.0,False,36.2,True
1.9906,False,2781.0,False,38.88,True
3.6932,True,3905.0,False,37.71,False
1.6724,False,811.0,False,37.79,True
4.9028,False,1534.0,False,34.87,False
1.9107,False,1991.0,False,33.95,False
4.6172,False,2168.0,False,33.89,False
2.2794,False,523.0,False,34.03,False
4.5221,False,2969.0,False,32.92,False
1.7589,False,1219.0,True,33.79,False
3.275,False,2424.0,False,33.93,False
6.1668,False,1580.0,False,36.37,False
2.474,False,3243.0,False,37.97,True
3.0556,False,2102.0,False,40.4,True
1.4856,False,1980.0,True,32.7,False
3.3371,False,2723.0,True,32.57,False
3.875,False,1499.0,False,34.14,False
1.9385,False,1926.0,False,36.67,False
3.25,False,1415.0,False,36.8,True
2.1865,False,4836.0,False,33.93,True
4.2222,False,2375.0,True,34.64,False
5.6798,False,17313.0,False,34.41,False
4.7083,False,5218.0,False,38.68,True
5.1529,False,3568.0,False,34.19,False
4.4,False,2584.0,False,37.34,False
3.8125,False,1791.0,False,34.02,True
1.3291,False,3920.0,False,32.8,False
3.692,False,1369.0,False,33.99,False
2.8833,False,2474.0,True,40.79,False
5.8632,False,2066.0,False,34.07,False
4.2685,False,3357.0,False,34.1,False
4.6184,False,1705.0,False,33.95,False
1.7802,False,1044.0,True,32.68,False
6.7064,False,3298.0,False,37.27,False
3.3438,False,961.0,False,34.7,True
2.5272,False,4937.0,False,34.1,True
2.8203,True,1480.0,False,37.41,False
3.0444,False,2175.0,False,38.46,False
6.6207,False,3491.0,False,33.84,False
3.1848,False,4006.0,False,37.68,True
3.9803,False,1623.0,False,34.03,False
2.2639,False,1124.0,False,38.01,True
4.7287,False,3052.0,False,37.31,False
3.2708,False,1139.0,False,34.0,False
3.0905,False,3520.0,True,36.98,False
2.69,False,3375.0,False,37.64,True
3.7147,False,2930.0,False,33.73,False
4.8295,False,2367.0,True,37.62,False
1.4861,False,2419.0,False,38.62,True
3.3333,False,1421.0,False,37.35,False
3.129,True,2835.0,False,37.78,False
6.729,False,7548.0,True,34.31,False
6.8233,True,3000.0,False,37.67,False
2.505,False,2866.0,False,38.03,True
5.791,False,844.0,False,37.34,False
2.0729,False,1180.0,False,36.56,True
7.2211,False,1655.0,False,37.68,False
4.125,False,55.0,False,36.51,True
2.6447,False,1033.0,False,36.23,True
1.8819,False,2396.0,False,35.37,True
3.7318,True,2065.0,False,37.39,False
1.9355,False,2445.0,False,36.22,True
2.4952,False,3241.0,False,34.1,True
2.5,False,3137.0,False,36.32,True
3.0263,False,957.0,False,33.88,False
1.9559,False,1069.0,False,38.8,True
2.9097,True,1616.0,False,37.72,False
5.1184,True,2070.0,False,37.8,False
3.4583,False,2956.0,False,34.02,False
5.2657,False,1484.0,False,33.83,False
3.6563,False,1876.0,False,36.8,True
4.6302,False,5407.0,False,38.64,True
2.6818,False,440.0,False,36.86,True
4.2083,False,404.0,False,37.77,True
2.5833,True,2495.0,False,37.7,False
2.6797,False,2162.0,False,37.31,True
1.9954,False,2081.0,False,38.24,True
3.0938,False,1932.0,False,36.79,True
2.6292,True,2046.0,False,37.8,False
2.5,False,1068.0,False,33.79,False
0.8362,False,449.0,False,40.07,True
3.5326,False,1087.0,False,33.71,False
3.5313,False,1511.0,False,33.87,True
2.0,False,795.0,False,33.94,False
5.1784,False,1600.0,False,33.87,False
9.7037,False,3865.0,False,37.76,False
1.2762,False,1826.0,False,34.42,False
3.2,False,708.0,False,33.97,False
3.8018,False,2205.0,True,32.8,False
4.2155,False,8806.0,True,32.65,False
2.3887,True,2416.0,False,37.77,False
1.7969,False,365.0,False,40.4,True
5.6017,False,2085.0,False,33.85,False
4.7543,False,3348.0,False,33.87,False
5.3819,False,1368.0,False,34.06,False
3.5139,False,2746.0,False,33.93,False
3.6667,True,2912.0,False,37.72,False
1.6685,False,1585.0,False,38.43,False
3.9531,False,3039.0,False,32.95,False
3.0217,False,438.0,False,38.57,True
5.5702,False,4328.0,False,33.71,False
1.4063,False,1999.0,False,33.94,True
3.695,False,712.0,False,34.22,False
2.0694,False,4754.0,False,35.72,True
7.6348,False,6423.0,True,32.98,False
2.25,False,752.0,False,36.11,True
5.4074,False,1104.0,False,38.24,True
5.5176,False,1453.0,False,33.96,False
5.3247,True,1422.0,False,37.54,False
6.3237,False,19001.0,False,32.95,False
5.5124,False,325.0,False,34.26,False
3.2158,False,4695.0,True,34.27,False
5.7251,False,3688.0,False,37.28,False
5.9333,False,3196.0,False,33.95,True
1.9719,False,2250.0,False,34.03,False
4.5208,False,2325.0,False,39.37,True
3.7917,False,2441.0,True,34.63,False
2.9896,False,1961.0,False,34.43,False
3.567,False,1713.0,False,36.81,True
3.6289,False,1759.0,False,33.76,False
3.6083,False,2178.0,False,34.09,False
3.2699,False,1439.0,False,34.69,True
5.4563,False,5294.0,False,33.34,False
7.8013,False,5255.0,True,32.82,False
1.5369,False,1731.0,True,33.77,False
5.0709,False,2873.0,False,37.28,False
2.7667,True,4312.0,False,38.32,False
9.0776,False,7178.0,False,37.81,False
6.8872,False,6718.0,False,38.3,True
4.6583,False,3096.0,False,33.93,False
3.2325,False,4667.0,False,35.4,True
1.7344,False,1425.0,False,36.76,True
3.4705,True,3521.0,False,38.11,False
1.8156,False,3058.0,False,34.09,False
3.3529,False,2927.0,False,35.32,True
4.218,True,2666.0,False,37.78,False
7.0813,False,2268.0,False,37.3,False
2.8167,False,911.0,False,34.04,False
7.5699,False,5925.0,False,33.66,False
3.6417,False,5058.0,False,34.13,True
3.6812,True,1726.0,False,37.79,False
7.642,False,3857.0,False,34.24,False
2.6538,True,1282.0,False,37.75,False
3.625,False,5016.0,False,36.82,True
2.3571,False,2130.0,False,39.8,True
6.1481,False,3874.0,False,32.8,False
3.4838,False,1189.0,False,37.8,True
4.6324,False,8749.0,False,34.04,False
3.4338,False,1411.0,False,33.87,False
3.4449,False,3202.0,False,34.17,False
4.8229,False,2349.0,False,32.91,False
3.1369,False,3731.0,False,38.0,True
5.5926,True,2270.0,False,37.92,False
3.2917,False,3351.0,False,36.69,True
3.3875,False,3521.0,False,36.32,True
4.57,False,4454.0,False,32.9,True
3.5714,False,2722.0,False,38.84,True
2.7694,False,1740.0,False,36.76,False
4.2132,False,4055.0,False,36.83,True
2.9,False,2311.0,False,32.77,False
2.8679,True,6848.0,False,37.75,False
3.0962,True,1779.0,False,37.68,False
4.175,True,1408.0,False,37.95,False
3.2708,False,1898.0,True,32.74,False
5.93,False,1151.0,False,38.41,False
2.9112,False,5430.0,True,32.75,False
4.875,False,1417.0,False,33.69,False
3.125,False,3175.0,True,34.22,False
2.1912,False,790.0,False,39.8,True
3.733,False,2846.0,False,38.34,False
2.75,False,949.0,False,33.64,False
1.2656,False,97.0,False,33.92,True
2.5263,False,2584.0,True,36.62,False
2.3934,False,3240.0,False,35.59,True
3.1217,False,2217.0,False,38.4,False
5.3433,True,2505.0,False,37.93,False
4.1591,False,6103.0,False,37.55,False
2.2532,False,2273.0,False,38.01,True
4.0467,False,8302.0,False,33.9,True
6.3298,False,6259.0,False,33.7,False
4.369,False,1431.0,False,33.96,False
2.8281,False,2582.0,True,32.77,False
2.1667,False,4776.0,False,34.11,False
4.2098,False,1458.0,True,32.79,False
7.7799,False,1994.0,False,37.34,False
3.1222,False,1642.0,False,36.33,False
4.53,False,5290.0,False,33.83,False
3.9038,False,2471.0,False,37.36,False
4.4697,False,3816.0,False,37.72,False
4.8811,False,27870.0,False,38.48,True
3.0729,False,3014.0,False,38.01,True
3.4531,False,2476.0,False,34.22,False
5.5629,False,1811.0,False,34.09,False
5.2497,True,2718.0,False,37.7,False
4.5224,False,4055.0,False,32.79,False
8.111,False,2945.0,False,33.64,False
6.1383,False,2831.0,False,34.3,False
0.6433,False,421.0,True,32.71,False
2.5852,False,1243.0,False,34.02,False
2.0586,False,1673.0,False,36.13,True
5.1586,False,2893.0,False,34.21,False
1.7235,False,2209.0,False,34.12,True
4.2885,False,3089.0,False,38.53,True
2.6739,False,5648.0,False,34.12,True
3.0952,False,2628.0,False,38.65,True
4.875,False,4045.0,False,38.03,True
2.9119,True,964.0,False,37.72,False
4.7321,False,1275.0,True,36.96,False
5.7881,False,2488.0,False,37.34,False
2.8542,False,352.0,False,38.84,True
3.5125,False,1652.0,False,33.65,False
1.6154,False,2809.0,False,33.97,True
2.2422,False,1390.0,False,34.08,False
2.3487,False,1451.0,False,38.53,True
3.4712,False,1334.0,False,33.93,False
3.744,False,3623.0,False,32.79,False
3.622,False,1560.0,False,33.92,False
4.4529,True,6817.0,False,38.15,False
4.3351,True,12855.0,False,37.4,False
4.4107,False,3280.0,False,37.39,False
2.9389,False,3124.0,False,34.21,False
3.4306,False,2539.0,True,32.79,False
2.9559,False,1903.0,False,37.02,False
2.75,False,3480.0,False,37.17,True
1.7079,False,6890.0,False,33.76,True
1.9444,False,3497.0,False,37.61,True
3.8682,False,3747.0,False,33.96,True
5.8305,False,3344.0,False,37.25,False
2.1473,False,1503.0,True,33.74,False
2.2045,False,461.0,False,39.48,True
2.1563,False,2623.0,True,32.76,False
3.5164,False,3457.0,False,34.18,False
4.7411,False,1604.0,True,34.36,False
3.1497,False,3616.0,False,33.83,False
2.9821,False,342.0,False,38.02,True
2.0682,False,1196.0,False,33.88,True
3.59,False,2810.0,False,33.89,False
6.1175,False,2868.0,False,36.83,True
1.6348,False,2206.0,True,32.55,False
4.2792,False,3519.0,False,39.11,True
5.4035,False,1494.0,False,34.01,False
3.0917,False,964.0,False,37.76,True
5.62,False,1962.0,False,33.81,False
2.0801,True,1678.0,False,37.78,False
1.625,False,743.0,False,39.79,True
4.0125,False,2193.0,True,37.7,False
3.1719,False,1745.0,False,36.75,True
5.4031,False,2369.0,True,33.45,False
3.4286,False,2705.0,False,34.16,False
2.6771,False,1818.0,False,33.74,False
7.9135,False,2775.0,False,37.25,False
3.1736,False,2904.0,False,37.0,True
3.875,True,686.0,False,37.66,False
2.2604,False,1504.0,False,38.35,True
1.8438,False,1013.0,True,33.78,False
0.8658,False,954.0,False,34.12,True
2.83,False,2737.0,False,41.12,True
8.1325,False,8590.0,False,34.17,False
3.9615,False,2098.0,False,34.02,False
2.1603,False,4236.0,False,38.74,True
3.5867,False,1567.0,True,34.17,False
2.1588,False,1672.0,False,35.37,True
3.4722,False,1685.0,False,34.96,False
4.4861,False,1130.0,False,33.93,False
3.2574,False,1348.0,False,33.88,False
3.3177,False,2609.0,False,34.16,False
2.151,True,883.0,False,37.78,False
3.066,False,2748.0,False,39.71,True
5.6826,False,1472.0,True,37.74,False
3.5417,False,1349.0,False,39.95,True
1.8438,False,1682.0,False,40.39,True
3.0486,False,1113.0,False,38.68,True
2.595,False,4176.0,False,37.05,True
1.625,False,1020.0,False,35.38,True
2.5469,False,1214.0,False,34.0,True
3.5039,False,3436.0,True,37.65,False
2.3889,False,2015.0,False,36.09,True
1.7727,False,749.0,False,33.36,True
4.125,False,544.0,False,33.21,False
5.3185,False,2602.0,False,34.18,False
2.5741,False,1963.0,False,36.71,True
4.1062,False,1411.0,False,34.42,False
1.6607,False,1517.0,False,38.64,True
7.8537,False,3760.0,False,33.9,False
3.2632,True,2164.0,False,37.75,False
0.9614,False,371.0,False,37.9,True
1.9867,False,1956.0,False,34.01,False
2.8971,False,1514.0,False,34.08,False
7.8287,False,11336.0,False,37.8,False
1.7214,False,2635.0,False,40.65,True
2.5769,False,935.0,False,32.69,True
6.1195,False,3853.0,False,34.12,True
4.9904,False,7294.0,False,34.6,True
6.3612,False,2921.0,True,32.69,False
5.4286,False,2991.0,False,33.72,False
5.6785,False,11250.0,False,34.12,True
5.1771,False,5391.0,False,33.18,False
1.3904,False,1270.0,False,40.44,True
3.8427,False,6119.0,False,34.12,False
1.7652,True,1587.0,False,37.86,False
2.6033,False,1249.0,False,38.34,False
5.9055,False,4879.0,False,33.65,False
5.0736,False,2869.0,False,34.11,False
3.6364,False,1592.0,True,36.99,False
5.4051,False,2937.0,False,37.27,False
3.2813,False,1335.0,False,34.15,False
2.1964,False,121.0,True,33.79,False
2.5224,False,3260.0,False,36.67,False
5.2736,False,2470.0,False,33.93,False
2.6429,False,2447.0,False,32.81,False
4.5625,False,1178.0,False,37.6,True
5.1993,False,856.0,False,33.81,False
2.8553,False,2222.0,False,33.64,False
2.5769,False,1481.0,False,37.34,False
4.1711,False,1657.0,False,33.96,False
2.8125,False,1125.0,False,34.15,False
1.0278,False,1204.0,False,32.76,False
3.0091,False,2429.0,False,32.97,True
2.6,True,2224.0,False,37.84,False
1.6854,False,5822.0,False,36.79,True
5.1067,True,3056.0,False,37.93,False
0.9283,False,614.0,False,39.33,True
3.8015,False,2437.0,False,36.61,False
3.0859,False,5228.0,False,33.78,True
5.5777,True,5541.0,False,37.94,False
2.675,False,1758.0,False,38.92,True
5.536,False,8010.0,False,33.88,False
6.083,False,1628.0,False,34.15,False
3.0542,False,1462.0,False,33.95,True
5.8505,False,3553.0,True,36.59,False
2.8125,False,1802.0,False,32.77,False
1.1346,False,2124.0,False,34.06,False
3.0962,False,2321.0,False,39.15,True
2.3281,False,1369.0,False,34.08,False
5.2998,False,3569.0,False,33.74,False
4.6997,False,6709.0,False,34.12,True
4.6534,False,2388.0,False,38.25,False
1.5635,False,2266.0,False,37.29,True
1.8672,False,2015.0,False,33.96,False
2.2054,False,1671.0,False,34.0,False
2.5952,False,1502.0,True,32.77,False
3.3214,False,3029.0,True,37.7,False
5.1488,False,2550.0,False,32.8,False
2.5197,False,1717.0,False,34.2,False
5.5385,True,1035.0,False,37.39,False
1.1806,False,1451.0,False,34.09,True
3.5461,False,1452.0,False,33.9,False
9.4356,False,446.0,False,33.55,False
4.1,False,1596.0,False,33.71,False
4.6607,False,1775.0,False,34.36,False
2.2024,False,1729.0,False,41.53,True
5.815,True,2048.0,False,38.33,False
1.5029,False,1886.0,True,32.75,False
1.15,False,122.0,False,38.05,True
4.5739,False,1785.0,False,33.79,False
3.65,False,98.0,False,37.87,True
5.253,False,1074.0,True,32.82,False
3.25,True,1815.0,False,37.68,False
1.825,False,1070.0,False,34.05,False
2.8304,False,4294.0,False,33.93,False
7.3004,False,166.0,True,34.17,False
4.7143,True,1406.0,False,37.72,False
6.2045,False,2476.0,False,37.31,False
4.2898,False,4571.0,True,36.99,False
4.7222,False,1915.0,False,33.84,False
2.625,False,1019.0,False,36.86,True
2.7933,False,2419.0,True,37.12,False
4.8611,False,1489.0,False,33.88,False
2.1679,False,1893.0,False,38.53,True
3.6523,True,4308.0,False,38.02,False
5.1664,False,388.0,False,34.0,False
3.125,False,1869.0,False,33.66,False
2.0978,True,1665.0,False,37.83,False
7.8528,False,2560.0,False,37.31,False
2.6779,False,2723.0,False,34.1,True
5.0629,False,6157.0,False,33.84,False
3.4231,False,1649.0,False,38.0,True
2.6576,False,4787.0,False,34.44,True
2.4943,False,3436.0,False,34.05,True
2.7121,False,2823.0,False,33.89,False
2.181,False,1609.0,False,36.71,True
3.2465,True,3239.0,False,37.67,False
7.8532,False,2534.0,False,37.44,False
6.1185,False,1937.0,False,38.66,True
3.9063,False,5801.0,False,38.61,True
6.2034,False,2933.0,False,38.21,False
4.3611,False,2082.0,True,37.74,False
2.4063,False,1583.0,False,32.97,True
5.086,False,4379.0,False,34.51,True
2.3266,False,3807.0,False,38.58,True
0.8926,False,714.0,False,34.14,True
4.2135,False,1554.0,False,33.87,False
3.5,False,4934.0,False,36.92,False
3.1979,False,1045.0,False,33.93,False
4.9375,False,1462.0,False,33.97,False
3.4583,False,1353.0,False,34.16,True
2.5363,False,2526.0,False,33.97,False
2.5863,False,3474.0,False,34.04,True
6.4797,False,1905.0,False,32.8,False
3.9688,False,918.0,False,37.61,True
4.0721,False,1310.0,False,34.1,False
3.1964,False,4452.0,False,37.82,True
4.9205,False,1288.0,False,33.93,False
4.5179,False,1831.0,False,33.81,False
5.7579,True,4313.0,False,37.58,False
1.625,False,403.0,False,34.14,False
1.4481,False,831.0,False,36.62,True
2.625,True,120.0,False,37.73,False
1.6435,False,2299.0,False,38.55,True
3.89,False,3292.0,False,38.34,True
3.1538,False,1991.0,False,33.82,False
3.2069,False,2508.0,False,33.89,False
4.7872,False,2081.0,False,34.04,True
2.4321,False,2683.0,True,40.88,False
1.9093,False,5826.0,False,38.68,True
2.1836,False,1880.0,False,33.98,False
5.1354,False,2756.0,True,32.63,False
1.6722,False,1675.0,False,36.56,True
2.5,False,4472.0,False,37.99,True
3.875,False,6409.0,False,34.1,False
2.0878,False,2876.0,False,33.77,False
3.0114,False,1429.0,False,33.99,False
6.1825,False,2868.0,False,33.91,False
3.9861,False,2192.0,False,34.09,False
4.075,False,11026.0,False,34.1,True
2.184,False,431.0,False,40.57,True
2.0,False,1718.0,False,34.0,False
1.119,False,1160.0,False,33.83,False
4.1674,False,3163.0,False,37.28,False
6.6188,False,6239.0,True,33.75,False
1.8281,False,567.0,False,34.11,True
2.5511,False,4916.0,False,38.61,True
1.3036,False,201.0,False,37.64,True
4.4271,False,2587.0,False,33.82,False
2.1449,False,4834.0,False,34.18,False
6.2022,False,1464.0,False,33.97,False
6.3401,False,7684.0,True,33.46,False
1.2857,False,512.0,False,37.61,True
5.3398,False,2535.0,True,37.66,False
4.3942,False,1661.0,False,33.87,False
3.038,False,913.0,False,34.42,False
1.6368,True,3072.0,False,38.13,False
4.89,False,6564.0,False,33.46,False
2.5,False,1419.0,False,33.99,False
5.6345,False,2560.0,False,34.22,False
3.7969,False,2075.0,False,33.92,False
3.1065,True,2365.0,False,37.88,False
4.4773,False,1532.0,False,34.31,False
1.9911,True,2239.0,False,37.84,False
5.5275,False,2334.0,True,34.26,False
3.5885,False,2723.0,False,38.43,False
3.0153,False,2143.0,True,33.77,False
3.1103,True,1613.0,False,37.71,False
1.5256,False,1102.0,False,33.93,False
2.1383,False,957.0,False,34.06,False
3.1319,False,6305.0,False,33.7,True
4.0153,False,2814.0,False,34.05,False
6.8089,False,2589.0,False,33.88,True
4.925,False,1508.0,False,34.04,False
7.143,False,2623.0,False,38.56,True
3.1359,False,3044.0,True,36.61,False
2.3833,True,1192.0,False,37.8,False
4.0682,True,1487.0,False,37.67,False
4.1635,True,2241.0,False,37.77,False
5.5925,False,5591.0,False,34.3,False
6.0777,False,2693.0,False,37.36,False
2.1042,False,1583.0,False,35.1,False
3.2943,False,5482.0,False,34.08,False
2.5278,False,1503.0,False,34.71,True
1.7388,False,3369.0,False,33.94,True
5.0,False,1770.0,False,33.85,False
4.0231,False,2083.0,False,34.03,False
2.0162,False,3507.0,False,33.96,False
1.7132,False,1715.0,False,34.0,False
3.2154,False,17377.0,False,34.17,False
2.5612,False,4116.0,False,33.76,True
7.2472,False,4873.0,False,33.96,False
3.9018,False,4380.0,False,33.78,False
3.8343,True,1794.0,False,37.94,False
2.1702,False,3055.0,False,35.12,False
4.235,True,1816.0,False,37.59,False
4.9968,False,5005.0,False,34.17,True
6.2944,False,2774.0,False,33.76,False
4.5526,False,2086.0,False,38.67,True
1.2065,False,713.0,False,34.0,False
4.0333,False,2098.0,False,34.13,True
3.5,False,1621.0,False,40.25,True
3.1987,False,1416.0,False,37.0,False
3.0926,False,3218.0,False,34.24,False
4.6964,False,1235.0,False,33.86,False
6.7192,True,2296.0,False,37.87,False
6.5847,True,3318.0,False,37.92,False
3.01,False,2459.0,False,39.25,True
1.3929,True,215.0,False,37.92,False
2.5694,True,4110.0,False,37.74,False
3.6118,False,1741.0,False,38.53,True
1.7801,False,1535.0,False,34.02,False
5.7951,False,3935.0,False,33.89,False
4.1411,False,3082.0,False,34.11,False
6.2178,False,15695.0,False,34.12,True
4.6852,False,2421.0,False,34.23,False
3.212,False,3498.0,True,33.04,False
3.133,False,2612.0,False,34.11,False
2.6818,False,788.0,False,33.98,False
4.6369,False,1671.0,True,33.74,False
4.7566,False,3792.0,False,33.09,False
5.0106,False,1703.0,False,33.86,False
1.9487,False,3106.0,False,38.34,False
2.4267,False,1924.0,False,33.95,False
3.0074,False,1060.0,False,34.14,False
2.6618,False,4256.0,False,34.1,True
1.5506,False,3208.0,False,36.05,True
2.3571,False,1190.0,False,32.73,True
6.0878,False,2016.0,False,37.47,False
5.2444,True,4518.0,False,38.31,False
3.7011,False,1345.0,False,34.1,True
3.8505,False,20263.0,False,34.13,True
3.4912,False,9759.0,False,34.85,True
4.6629,False,5319.0,False,34.68,True
2.875,False,3061.0,True,33.79,False
3.5227,False,2652.0,False,32.61,False
2.9886,False,1664.0,False,33.86,False
2.9375,False,1241.0,False,36.33,True
4.0385,False,1624.0,False,37.36,False
5.6604,False,2845.0,True,34.43,False
4.3523,False,1576.0,False,34.1,False
2.0625,False,2804.0,False,32.67,True
4.0972,False,3236.0,False,38.52,True
2.3886,False,2785.0,False,39.37,True
3.0865,False,876.0,False,37.74,True
2.0179,False,3946.0,False,37.36,True
3.6667,False,475.0,False,33.98,False
3.7159,False,1835.0,False,34.17,True
6.7546,True,1760.0,False,37.9,False
5.0,False,2970.0,False,38.46,False
6.9695,False,8399.0,False,33.98,False
2.5208,True,766.0,False,37.4,False
2.3029,False,2612.0,False,34.18,False
1.4565,False,1852.0,True,33.78,False
3.2798,False,1283.0,False,33.92,False
5.3909,False,1472.0,False,36.31,True
0.8991,False,1210.0,True,32.7,False
5.8509,True,793.0,False,37.92,False
6.7613,False,2787.0,False,33.86,False
2.6838,False,2857.0,False,37.61,True
1.9327,False,1320.0,False,38.57,True
3.6333,False,2125.0,False,34.49,True
3.2243,False,2498.0,False,38.65,True
1.3527,False,1659.0,False,36.75,True
2.2612,False,8796.0,False,34.45,True
4.9135,True,1028.0,False,37.73,False
2.52,False,1079.0,False,34.05,False
3.2469,False,3630.0,False,34.08,False
1.5652,False,980.0,False,34.02,False
4.05,False,4384.0,False,38.74,True
2.4519,False,1423.0,False,34.02,False
5.215,False,2307.0,True,34.27,False
2.582,False,3528.0,False,33.81,False
4.2188,False,729.0,False,37.54,True
5.3506,False,4104.0,True,37.52,False
2.5625,False,735.0,False,35.76,True
4.0987,False,1224.0,False,34.09,False
4.7375,True,4398.0,False,37.43,False
4.25,False,3817.0,False,33.78,False
3.5851,False,13195.0,False,33.94,True
1.63,False,972.0,False,35.87,True
3.6458,False,941.0,False,34.0,False
2.8261,False,2987.0,False,38.34,False
3.675,True,2513.0,False,37.81,False
2.5263,False,2486.0,False,36.67,False
4.6806,False,3172.0,True,34.44,False
2.2356,False,698.0,False,34.02,False
1.3962,False,2196.0,False,33.93,False
3.1167,True,1752.0,False,37.78,False
5.9567,False,1907.0,False,37.33,False
3.2792,False,4071.0,True,34.27,False
2.4662,False,4173.0,False,33.83,True
4.2083,False,1699.0,False,33.88,False
6.7395,False,2236.0,False,33.73,False
2.8214,False,3163.0,False,33.2,False
2.5,False,683.0,False,40.28,True
2.1552,True,1689.0,False,37.7,False
0.8054,False,90.0,False,35.38,True
1.6033,False,1555.0,False,38.35,False
2.364,True,2423.0,False,38.29,False
4.3542,False,2215.0,False,33.95,True
4.7049,False,3936.0,False,37.42,False
6.9261,False,4269.0,False,33.69,False
2.8009,False,2217.0,True,35.27,False
3.3616,False,1490.0,False,34.15,True
4.0729,False,1333.0,False,38.25,False
2.9911,True,1271.0,False,37.74,False
3.5387,False,5768.0,False,33.73,False
3.6111,False,1717.0,False,34.16,False
4.2381,False,3934.0,False,37.64,True
3.9352,False,2532.0,True,33.76,False
2.4828,False,6683.0,False,34.1,True
4.0798,False,2696.0,False,38.45,False
3.7804,False,3019.0,False,34.69,True
1.474,False,1235.0,False,36.34,True
3.7891,False,2708.0,False,38.86,True
4.4063,False,4213.0,False,38.03,True
2.096,False,1453.0,False,34.05,False
2.5865,True,1339.0,False,38.12,False
1.7604,False,741.0,False,32.81,True
2.1549,False,4249.0,False,33.81,True
2.4167,False,755.0,False,39.0,True
3.1887,False,7194.0,False,34.18,False
2.5893,False,677.0,False,33.91,False
2.1602,False,2985.0,False,36.34,True
4.0272,False,1971.0,False,34.13,False
3.2425,False,1717.0,False,38.81,False
2.7375,False,3209.0,True,36.99,False
3.8304,True,2838.0,False,37.73,False
5.5224,False,630.0,False,34.09,False
3.2174,False,1828.0,True,32.68,False
4.7437,True,3328.0,False,37.74,False
2.6607,False,3980.0,True,32.82,False
4.0222,False,6389.0,True,34.19,False
2.375,False,1079.0,False,33.9,False
3.9617,False,13724.0,False,33.57,False
2.8208,False,4300.0,False,38.21,True
5.756,False,2343.0,False,34.22,False
4.0182,False,3558.0,False,38.67,True
4.2218,False,1614.0,False,34.02,False
3.4583,True,1651.0,False,37.74,False
2.1667,False,1124.0,False,39.18,True
3.5214,False,2960.0,True,33.76,False
1.9668,False,2831.0,False,33.93,False
6.7921,False,3164.0,False,33.6,False
5.1874,False,1816.0,False,33.89,False
2.0064,False,1741.0,False,39.73,True
6.3923,False,4336.0,False,37.32,False
2.0441,False,2579.0,False,35.63,True
3.7083,False,3222.0,False,34.07,True
1.5313,False,1634.0,False,39.23,True
2.589,False,2820.0,True,36.98,False
6.221,False,1380.0,True,37.6,False
6.9737,False,2549.0,False,33.77,False
1.4767,False,1657.0,False,38.93,True
6.3052,False,3080.0,False,37.34,False
2.0956,False,1239.0,True,33.78,False
2.8565,False,3609.0,False,37.73,True
6.5146,False,1376.0,False,34.22,False
4.6364,False,872.0,True,33.82,False
6.2064,False,3393.0,False,34.17,False
4.174,False,4586.0,False,33.82,False
1.0568,False,1247.0,False,34.52,True
2.8456,True,1797.0,False,37.98,False
3.705,False,1194.0,False,34.27,False
5.3707,False,6508.0,False,38.27,False
6.3214,False,982.0,False,33.83,False
4.2132,False,1722.0,False,34.11,True
3.0687,False,559.0,False,33.94,True
4.425,False,1541.0,True,37.08,False
2.9375,False,1242.0,False,33.98,False
2.0057,False,1230.0,False,37.96,True
2.3462,True,1085.0,False,38.0,False
5.5073,False,2864.0,True,34.45,False
2.6991,False,1236.0,False,34.4,False
4.5391,False,4687.0,False,33.37,False
4.7738,False,1996.0,False,33.81,False
3.4427,False,2686.0,False,34.09,True
2.7059,False,1248.0,False,33.74,False
2.5042,False,2715.0,False,38.61,True
1.645,False,1145.0,False,34.13,True
4.5461,False,1866.0,False,33.76,False
3.1538,False,782.0,False,34.01,False
5.3245,False,768.0,False,35.91,True
4.9205,False,1944.0,False,37.25,False
4.1111,False,2600.0,False,34.19,False
5.7652,False,3405.0,False,33.87,False
4.0403,False,4040.0,False,37.3,False
3.3125,False,3335.0,False,38.69,True
4.3365,False,1486.0,False,37.29,False
3.5057,True,2639.0,False,37.94,False
2.5446,False,1524.0,False,36.81,True
2.8393,False,1317.0,False,33.76,True
6.3308,False,4583.0,False,34.03,True
3.2941,False,3293.0,False,34.49,True
2.4931,False,1187.0,False,33.82,False
1.8375,False,1808.0,False,40.58,True
4.5096,False,4152.0,False,32.85,False
3.0909,False,580.0,False,33.93,False
2.4833,False,2964.0,False,33.8,False
3.8516,False,1560.0,False,34.19,False
4.6019,False,2110.0,False,33.85,False
4.825,False,1780.0,False,34.11,False
6.3054,False,2513.0,False,33.3,False
2.888,True,3426.0,False,37.73,False
2.6042,False,2586.0,False,34.0,False
2.485,False,1750.0,False,40.51,True
5.8683,False,3859.0,False,32.79,False
4.112,False,3943.0,True,32.7,False
1.2034,False,1859.0,False,34.13,True
2.3472,False,774.0,False,34.03,False
4.8906,False,2228.0,False,33.94,False
2.5385,False,1471.0,False,33.96,False
1.2989,False,1407.0,False,34.03,False
4.412,False,3157.0,False,38.35,True
3.006,True,1909.0,False,37.88,False
3.7388,False,5678.0,False,38.35,True
2.0488,False,1012.0,True,32.68,False
4.5987,True,2926.0,False,37.45,False
5.5789,False,1336.0,True,38.01,False
3.5893,False,2443.0,False,38.57,True
4.5375,True,184.0,False,37.74,False
7.2582,False,11021.0,False,38.63,True
2.3333,False,2101.0,False,38.67,True
3.52,False,2182.0,True,36.96,False
3.075,True,2491.0,False,37.85,False
2.1607,False,1090.0,False,33.94,False
3.1728,False,4032.0,False,38.01,True
3.4896,False,3420.0,False,33.97,True
6.0532,False,1678.0,False,35.6,True
1.3963,False,1486.0,False,33.99,False
4.5476,False,2193.0,True,33.41,False
2.3947,False,2190.0,False,34.14,True
1.875,False,187.0,False,36.2,True
2.9571,False,2780.0,False,38.48,True
2.6328,False,3605.0,False,33.89,False
5.2177,False,6838.0,False,38.72,True
2.7829,False,1438.0,False,37.93,True
4.6696,False,1053.0,False,33.92,False
2.2308,False,2516.0,True,32.75,False
6.2748,False,3654.0,False,34.22,False
3.1755,False,2357.0,False,35.65,True
2.189,False,2374.0,False,34.07,True
7.0217,False,3121.0,False,33.89,False
2.2202,False,2813.0,False,36.71,True
3.072,False,4065.0,False,37.69,True
4.6375,False,4420.0,False,34.15,False
5.1237,False,2157.0,False,33.88,False
5.3962,False,8642.0,False,38.11,False
4.125,True,3192.0,False,37.94,False
3.0943,False,7214.0,False,34.18,False
4.5221,False,806.0,False,34.11,False
3.6802,False,3797.0,False,37.31,False
2.3833,False,1535.0,False,39.59,True
5.2799,False,681.0,False,33.86,False
3.4583,False,1819.0,False,34.18,False
2.7708,False,977.0,False,34.05,False
2.9219,True,2125.0,False,37.9,False
3.6016,False,1146.0,False,34.25,False
3.2222,False,3633.0,False,37.38,False
3.7794,False,1668.0,False,35.87,True
3.75,True,3997.0,False,37.77,False
4.6705,False,1968.0,False,38.43,False
4.7679,False,3436.0,True,32.81,False
3.5659,False,8264.0,False,34.09,False
5.0482,False,2535.0,False,34.17,True
1.9464,False,1219.0,False,37.12,True
8.1132,False,2332.0,False,34.18,False
1.8167,False,568.0,False,37.62,True
7.2772,False,3324.0,False,34.23,False
2.7413,False,5087.0,False,37.27,True
5.3638,False,5710.0,False,34.14,True
6.3191,False,3308.0,False,32.77,False
3.4417,False,1309.0,False,33.65,False
4.1417,True,2296.0,False,37.77,False
3.875,False,2527.0,True,37.74,False
2.25,False,1006.0,True,33.16,False
3.8958,False,1901.0,False,37.51,True
2.1667,False,1551.0,False,34.02,False
4.5962,False,1624.0,False,33.71,False
7.75,False,321.0,False,34.49,False
2.0714,False,3860.0,False,36.31,True
2.1434,False,1934.0,False,35.87,True
2.8798,False,1495.0,False,37.33,False
5.0662,False,2639.0,False,37.3,False
4.4408,False,1604.0,False,34.17,False
3.4643,False,409.0,False,37.74,True
2.7153,False,1111.0,False,37.3,False
5.2185,False,3474.0,False,34.24,True
2.881,False,4815.0,False,40.34,True
2.0956,False,1614.0,False,33.38,False
2.3375,False,2040.0,False,33.93,False
3.75,False,1564.0,False,33.75,False
10.9704,False,454.0,False,33.69,False
4.9148,False,3397.0,False,33.71,False
6.9324,False,2879.0,False,33.78,False
1.75,False,780.0,False,34.0,False
3.8846,False,1596.0,False,33.66,True
2.9081,False,2252.0,False,36.77,True
3.0446,False,2286.0,True,32.72,False
3.94,False,2647.0,False,34.1,True
4.3125,False,1519.0,False,33.94,False
3.39,False,2785.0,False,34.04,True
2.6979,False,1931.0,True,33.18,False
3.5417,False,1400.0,False,33.9,False
5.3307,False,5609.0,False,33.87,False
5.4065,False,3580.0,False,34.28,False
1.1635,False,1346.0,False,33.97,False
3.1087,False,1157.0,False,33.91,False
2.4318,False,2090.0,True,34.97,False
6.6053,False,1484.0,True,32.77,False
7.0175,True,1229.0,False,37.82,False
7.5418,True,1135.0,False,37.45,False
2.2258,False,1712.0,False,34.06,True
4.8693,True,1465.0,False,38.02,False
1.4038,False,932.0,False,36.76,True
2.1838,False,3693.0,False,37.3,True
4.0767,False,5526.0,False,38.03,True
7.2648,False,1343.0,False,33.51,False
5.0753,False,1323.0,False,33.9,False
2.2614,False,3431.0,False,34.14,False
4.0833,False,1424.0,False,33.83,True
4.5156,False,1806.0,False,39.53,True
2.4926,False,3933.0,False,33.94,False
4.0125,False,1433.0,False,34.97,False
1.2083,True,921.0,False,37.76,False
3.3125,False,1861.0,False,35.5,False
2.2833,False,1139.0,False,39.74,True
5.3508,False,2131.0,False,37.31,False
2.0536,False,1122.0,False,36.81,True
4.3864,True,2632.0,False,37.68,False
4.8311,False,4341.0,False,38.91,True
3.8643,True,2789.0,False,37.73,False
4.9394,False,2421.0,False,33.83,False
3.1478,False,6707.0,False,34.17,False
4.537,False,3627.0,False,37.3,False
4.7222,False,5841.0,False,34.04,False
5.901,False,5891.0,False,34.33,False
5.2416,False,2038.0,False,33.62,False
2.5321,False,1729.0,False,34.06,False
3.7333,False,2320.0,False,33.91,True
2.7909,True,5416.0,False,37.81,False
2.4,False,1648.0,False,37.67,True
3.2806,False,2213.0,False,37.32,False
3.4907,False,1995.0,False,33.92,False
4.7024,False,9565.0,False,33.63,False
3.3906,False,1940.0,True,32.58,False
2.1719,False,1375.0,False,38.57,True
5.2329,False,2874.0,False,34.13,True
2.1979,False,10997.0,False,33.79,True
3.436,True,4590.0,False,38.08,False
2.679,True,3495.0,False,37.7,False
3.5139,False,2991.0,False,34.04,True
2.5313,False,814.0,False,34.02,False
4.1121,False,1283.0,False,34.24,False
3.25,False,1887.0,True,32.76,False
3.1793,False,5923.0,False,33.16,False
3.6217,False,1379.0,False,33.8,False
2.3173,False,2379.0,False,36.82,True
3.5714,False,1527.0,False,34.28,False
3.2687,False,2128.0,True,32.58,False
2.1793,False,1441.0,False,34.11,False
3.1771,False,989.0,False,37.5,True
3.0132,False,1384.0,False,34.28,False
3.5221,True,2388.0,False,37.78,False
2.4937,False,1177.0,False,36.65,True
2.5547,False,979.0,False,33.99,False
2.125,True,1120.0,False,37.85,False
2.2301,True,3887.0,False,37.92,False
3.9792,False,2588.0,False,40.8,False
1.6652,False,2771.0,False,33.97,False
5.5875,False,5542.0,False,34.07,True
4.5893,True,2315.0,False,37.89,False
5.7204,False,1848.0,False,38.37,False
4.9801,True,2879.0,False,37.71,False
4.3269,False,2021.0,False,33.79,False
6.8869,False,6873.0,False,38.51,True
3.5066,True,2161.0,False,37.79,False
4.5878,False,6001.0,True,32.75,False
5.4639,True,2211.0,False,37.71,False
5.2894,False,3942.0,False,37.25,False
3.7875,False,638.0,False,33.65,False
1.9392,False,2280.0,True,32.76,False
4.2059,False,2877.0,False,34.05,True
1.7951,False,2269.0,True,32.77,False
1.3679,False,2679.0,False,38.5,True
1.9426,False,2070.0,False,38.58,True
3.6362,False,5661.0,False,34.17,True
1.6065,False,932.0,False,33.97,False
2.2946,False,1261.0,False,33.95,False
3.6823,False,1225.0,True,34.41,False
3.7632,False,4238.0,False,37.31,False
5.5224,False,2179.0,False,34.19,False
2.7236,False,3267.0,False,38.36,True
2.0893,False,723.0,False,33.92,False
4.692,False,2027.0,False,34.17,False
4.3403,False,1267.0,True,32.77,False
7.6864,True,4428.0,False,37.53,False
3.2652,False,19234.0,False,36.72,False
2.4167,False,2471.0,False,36.79,True
4.4531,False,1257.0,False,38.34,True
1.7427,False,3611.0,False,40.69,True
3.7545,True,2721.0,False,37.75,False
3.0909,False,2536.0,False,33.9,False
2.8036,True,1520.0,False,37.89,False
6.3761,False,2852.0,False,33.03,False
5.8123,False,3119.0,True,36.99,False
4.8929,False,1265.0,False,33.97,False
1.0918,False,845.0,True,32.71,False
5.4617,False,2936.0,False,33.92,False
2.2328,True,1609.0,False,37.75,False
5.2452,False,2919.0,False,37.46,True
3.0375,False,1912.0,False,36.37,True
4.0929,False,1019.0,False,37.34,False
1.4868,False,1717.0,False,33.96,False
2.95,True,1958.0,False,37.68,False
4.505,False,726.0,False,37.38,False
5.0778,False,5603.0,False,33.86,False
4.506,False,4065.0,False,33.74,False
2.3056,True,1412.0,False,38.14,False
3.7813,False,1657.0,False,34.03,False
2.9143,False,3046.0,True,40.77,False
3.1838,False,1650.0,False,34.09,True
2.6098,False,2509.0,True,34.15,False
1.9891,False,4123.0,True,33.19,False
2.6167,True,1531.0,False,37.99,False
2.2244,False,4043.0,False,34.06,True
4.1316,False,2146.0,False,39.12,True
4.8438,False,1463.0,False,33.84,False
5.0639,False,3680.0,False,34.88,False
4.4519,False,2647.0,True,34.63,False
6.0086,False,1028.0,True,32.61,False
1.9615,False,1165.0,False,34.05,False
4.4562,True,1914.0,False,37.74,False
6.8132,False,4719.0,False,37.68,True
6.0332,False,1907.0,False,36.62,False
5.2417,False,2066.0,True,37.11,False
2.7955,False,1796.0,False,38.69,True
10.3203,False,228.0,False,37.72,True
2.9844,True,968.0,False,37.79,False
3.4643,False,1468.0,False,37.54,True
2.2625,True,2063.0,False,37.85,False
2.6094,False,1006.0,False,40.45,False
4.0469,False,1580.0,False,33.24,False
4.1857,False,3004.0,False,34.22,False
1.8576,False,773.0,False,34.09,False
3.5295,True,3051.0,False,37.68,False
2.5208,False,915.0,False,33.92,False
2.6611,False,4832.0,False,36.75,True
2.3393,False,3215.0,False,34.07,False
1.4429,False,1290.0,False,36.22,True
3.7266,False,1834.0,False,38.47,False
2.4234,True,5022.0,False,37.83,False
2.0577,False,1914.0,False,38.96,True
1.6875,False,1211.0,False,36.91,False
6.4789,False,10282.0,False,38.77,True
2.6104,True,3633.0,False,37.82,False
2.3277,False,1557.0,False,37.35,False
3.9734,False,4786.0,False,39.01,True
1.9875,False,1737.0,False,37.96,True
3.5167,False,6068.0,False,34.45,True
5.0782,True,1029.0,False,37.73,False
1.5078,False,2991.0,False,34.04,False
5.2101,False,2420.0,True,37.08,False
6.1504,False,4390.0,False,33.86,False
5.0622,False,2611.0,False,39.35,True
2.575,False,9351.0,False,35.35,True
4.6613,False,3108.0,False,37.32,False
4.0109,False,2062.0,True,33.21,False
2.2536,False,2716.0,False,38.4,True
3.4896,False,3217.0,False,37.4,False
4.8717,False,3467.0,False,34.26,False
2.7,False,1610.0,False,34.41,False
2.4861,False,838.0,False,33.88,True
5.6163,False,2287.0,False,33.83,False
3.7019,False,1255.0,False,32.78,False
8.0499,False,6871.0,False,34.13,False
2.6667,True,882.0,False,37.79,False
4.7446,False,2014.0,False,33.93,False
2.9107,False,1188.0,False,34.0,False
3.3431,False,2745.0,False,39.32,True
1.8438,False,1802.0,False,34.07,False
4.125,False,102.0,False,39.12,True
1.4091,False,855.0,False,40.57,True
3.5781,False,4524.0,False,34.17,False
6.2893,False,1466.0,False,34.21,False
0.536,False,69.0,False,37.44,True
2.225,False,32.0,False,36.62,False
3.2964,False,4810.0,False,38.68,True
5.9289,False,10394.0,True,33.07,False
4.3214,False,2970.0,False,38.7,True
5.8221,True,805.0,False,37.56,False
4.9955,False,2649.0,False,34.27,False
5.4834,True,3204.0,False,37.72,False
2.5104,False,1273.0,False,34.43,False
2.9292,False,1960.0,False,34.09,True
6.2217,False,2275.0,False,33.98,False
3.7917,False,2616.0,False,39.26,True
3.0357,False,1430.0,False,34.08,False
4.9107,False,1143.0,False,34.02,False
2.0548,True,759.0,False,37.77,False
3.7067,False,1808.0,False,38.41,True
2.5313,False,338.0,False,36.63,False
2.1518,False,1193.0,False,34.23,False
4.925,False,1793.0,False,34.18,False
4.2321,False,2143.0,False,34.1,True
2.2917,False,794.0,False,33.97,False
3.2833,True,1340.0,False,37.95,False
1.7,False,2254.0,False,39.43,True
3.6818,False,1893.0,False,37.33,False
5.3738,False,2159.0,False,33.88,False
2.6312,False,867.0,False,37.34,False
1.8214,False,2067.0,False,36.76,True
3.8068,False,2772.0,False,38.64,True
2.2109,False,1920.0,False,34.11,True
5.9359,False,3271.0,True,32.81,False
4.7361,False,914.0,True,33.76,False
4.7589,False,6756.0,False,34.01,False
1.9797,False,2672.0,True,41.8,False
4.8036,True,2292.0,False,37.39,False
4.3,False,2502.0,True,36.98,False
2.7311,False,2122.0,False,34.0,False
1.6911,False,7272.0,False,39.72,True
6.5948,True,7995.0,False,37.57,False
4.35,False,1787.0,False,38.47,True
3.4267,False,3467.0,False,34.03,True
2.4757,False,1652.0,False,40.38,True
4.7068,False,7995.0,True,32.62,False
1.375,True,1176.0,False,37.77,False
2.0807,False,3813.0,False,38.78,True
1.5667,False,2966.0,False,35.64,True
4.6563,False,2663.0,False,33.87,False
5.6629,False,2478.0,False,34.23,False
7.5755,False,1918.0,False,37.1,False
3.0938,False,1236.0,False,33.98,False
4.0217,False,2298.0,True,37.75,False
2.0699,False,3442.0,False,34.22,False
3.8125,False,1727.0,True,32.8,False
6.2083,False,3006.0,False,34.12,True
2.8977,False,3490.0,False,34.09,True
2.0375,False,855.0,False,37.97,True
4.875,False,1434.0,False,33.8,False
3.886,False,2619.0,False,34.2,False
2.3947,False,2220.0,False,40.44,False
2.4492,False,7184.0,False,34.1,True
5.5951,False,1873.0,False,34.04,False
2.1135,False,3042.0,True,40.79,False
3.1815,False,2512.0,False,36.93,False
3.5429,False,3757.0,False,38.68,True
3.1534,False,2232.0,False,33.86,False
5.5981,False,5509.0,False,34.45,False
3.0602,False,1649.0,False,35.2,True
2.98,False,2475.0,True,34.3,False
3.95,False,1076.0,False,33.95,False
5.9113,False,2260.0,True,32.73,False
5.93,False,2306.0,False,33.87,False
6.4211,False,2786.0,False,33.03,False
2.5042,True,2315.0,False,38.1,False
5.5362,False,2062.0,False,34.22,False
1.4911,False,1797.0,False,41.11,False
5.5461,True,361.0,False,37.71,False
3.1591,False,227.0,False,37.78,False
2.6944,False,3943.0,False,32.74,False
3.7422,False,2753.0,False,33.61,False
5.4824,False,4363.0,False,34.0,True
4.475,False,4461.0,False,35.6,False
2.1574,False,3623.0,False,33.92,True
3.8571,False,1004.0,False,34.12,False
2.4537,False,1742.0,False,39.8,True
2.5848,False,1283.0,False,33.99,False
3.3375,False,1731.0,True,32.79,False
7.2423,False,63.0,False,33.89,False
2.6055,False,1582.0,False,36.78,True
2.2754,False,3832.0,False,39.0,True
4.6696,False,1317.0,False,33.8,False
6.0609,False,8110.0,False,33.74,False
2.5192,True,1391.0,False,37.73,False
3.6765,False,1125.0,False,37.37,False
3.7847,False,2327.0,False,34.09,False
3.5893,False,1499.0,False,33.84,False
4.2031,False,3110.0,False,34.15,False
3.7969,False,1552.0,False,34.07,True
3.1753,False,4590.0,False,35.35,True
1.8299,False,3723.0,False,36.34,True
1.5594,False,800.0,True,32.71,False
4.9318,False,3523.0,True,37.7,False
1.9609,False,1276.0,False,36.91,False
2.4961,False,1584.0,False,35.6,True
2.1991,False,308.0,False,33.87,False
6.0774,False,488.0,False,38.43,False
5.9291,True,806.0,False,37.4,False
3.3182,False,1087.0,False,32.86,True
3.3669,False,2630.0,False,34.15,False
7.7569,False,6139.0,False,33.0,False
4.2614,True,1844.0,False,37.88,False
4.475,False,1096.0,False,33.91,False
4.6821,False,1289.0,False,37.82,True
4.2066,False,2855.0,False,36.8,True
4.3897,False,1837.0,False,33.8,False
4.317,True,2001.0,False,37.98,False
3.9243,False,5002.0,False,34.0,False
1.9908,False,3512.0,False,38.61,True
2.1991,True,6487.0,False,37.96,False
3.1406,False,1075.0,True,40.95,False
6.3735,True,614.0,False,38.09,False
2.1513,False,1621.0,False,37.93,True
3.9917,False,6745.0,False,33.63,False
5.1814,False,1676.0,False,34.19,False
2.5993,False,1009.0,False,37.6,True
3.875,False,1025.0,False,33.86,False
2.0417,False,3127.0,False,39.08,True
5.118,False,1724.0,False,33.81,False
5.2818,True,2012.0,False,37.96,False
8.0287,False,3331.0,False,33.92,False
1.4552,True,1185.0,False,37.79,False
6.5253,False,8254.0,False,34.14,True
2.3846,False,2880.0,False,34.08,False
3.7546,False,3264.0,False,37.8,True
1.9402,False,1153.0,False,34.05,False
2.575,False,3263.0,False,39.74,True
7.6084,False,6295.0,False,33.81,False
6.5858,False,1260.0,False,37.29,False
3.825,False,1593.0,False,33.8,False
3.775,False,3068.0,True,33.13,False
3.2115,False,1212.0,False,33.78,False
3.3333,False,5277.0,False,33.83,True
2.1765,False,1686.0,True,32.61,False
3.7973,False,5351.0,False,34.12,True
3.6681,False,1891.0,False,36.79,True
1.5326,False,1331.0,False,33.97,False
5.8283,False,2473.0,False,33.79,False
5.5,False,4337.0,False,37.67,True
5.9265,False,2734.0,False,33.83,False
2.3571,False,1101.0,False,34.01,False
5.0362,False,849.0,False,37.98,True
3.8086,False,3521.0,False,33.92,False
3.2353,False,2809.0,True,33.66,False
3.8611,False,965.0,False,38.7,True
1.8363,False,1060.0,False,33.12,False
3.142,True,1897.0,False,37.64,False
4.3125,False,1362.0,True,33.83,False
4.9674,True,2404.0,False,37.99,False
2.3713,False,1922.0,False,37.35,False
6.203,True,5688.0,False,37.74,False
3.2778,False,4496.0,False,33.81,True
3.0513,False,2407.0,True,33.8,False
2.9896,False,2975.0,False,38.56,True
3.7433,True,7201.0,False,37.93,False
3.7105,False,4982.0,False,34.16,False
3.2083,False,1519.0,False,33.87,False
6.1498,False,3408.0,False,34.09,False
5.9629,False,1964.0,False,38.58,True
2.875,False,3631.0,False,37.26,False
2.9413,False,2812.0,True,37.68,False
3.5781,False,1728.0,False,37.35,False
4.75,False,336.0,False,37.93,True
3.0179,False,2456.0,False,36.71,True
4.3182,True,4501.0,False,38.01,False
4.6349,False,1949.0,False,37.54,False
4.125,False,101.0,False,34.04,False
2.5148,False,2278.0,False,37.67,True
2.6827,False,1613.0,False,34.46,True
2.5417,False,560.0,False,36.61,True
1.9122,False,1756.0,False,39.15,True
5.2536,False,1467.0,False,38.97,True
3.929,False,5218.0,False,33.63,False
4.8068,True,1371.0,False,37.47,False
1.8824,False,441.0,False,34.01,False
2.0643,False,3372.0,False,35.37,True
3.5,False,2374.0,True,37.74,False
2.5444,False,2234.0,False,34.09,False
3.7083,False,2018.0,True,37.76,False
2.7477,True,2093.0,False,37.81,False
3.2147,False,4907.0,False,36.84,True
5.1017,False,2479.0,False,37.91,True
3.625,False,1719.0,False,34.09,True
6.1575,False,2252.0,False,36.8,True
1.4366,False,9601.0,False,33.75,True
1.9425,False,1421.0,True,32.69,False
2.6165,False,3285.0,False,34.19,False
3.5562,False,1819.0,False,33.89,False
2.2273,False,2122.0,False,34.03,False
1.7059,False,2481.0,False,33.94,True
2.0786,True,909.0,False,37.77,False
2.75,False,1937.0,True,32.8,False
3.003,False,704.0,False,37.35,True
2.7917,False,6246.0,False,34.46,True
5.2361,False,4975.0,False,34.21,False
3.6705,False,1939.0,False,33.88,False
3.6167,False,224.0,True,34.12,False
2.6591,False,1523.0,False,34.11,False
4.1047,True,3172.0,False,37.8,False
1.0938,False,78.0,False,37.37,False
4.05,False,2884.0,False,33.76,False
2.0259,False,1766.0,False,34.04,False
3.4934,True,3402.0,False,37.7,False
1.1301,False,1506.0,False,37.06,True
4.625,False,1950.0,False,34.04,True
2.6014,False,1156.0,False,34.43,False
6.1863,False,3388.0,False,33.65,False
5.552,False,2349.0,True,33.17,False
6.6345,False,1087.0,False,37.34,False
4.1,False,2064.0,False,33.91,False
2.5743,False,2536.0,True,34.59,False
3.3482,False,5662.0,False,34.08,True
2.0785,False,1356.0,False,33.92,False
3.9917,True,908.0,False,37.96,False
1.4583,False,869.0,True,32.7,False
3.2847,False,1648.0,False,36.09,True
3.8103,False,6383.0,False,40.6,True
2.6458,False,149.0,False,32.83,False
2.0455,False,191.0,False,35.39,True
4.6793,False,1750.0,False,33.68,False
4.0,True,1755.0,False,37.7,False
1.9152,False,4217.0,False,34.01,False
3.3892,False,6331.0,False,34.25,False
1.9952,False,2326.0,False,33.9,False
8.3956,True,2808.0,False,37.92,False
2.8438,False,1125.0,False,33.87,False
1.8571,False,2467.0,False,39.91,True
2.7474,False,1772.0,True,37.58,False
2.9737,False,1058.0,False,38.53,True
1.6725,False,3038.0,False,34.06,False
3.6563,False,838.0,False,39.03,True
0.844,False,2107.0,False,34.03,False
1.8281,False,2077.0,False,34.13,True
2.5707,False,1918.0,False,38.35,True
2.6129,False,1820.0,False,34.05,True
4.5812,False,5915.0,False,36.8,False
4.7386,False,1492.0,False,34.04,False
2.1833,False,1995.0,False,37.47,True
4.8836,False,3490.0,False,33.06,False
2.075,False,1614.0,False,34.1,True
6.3716,False,2645.0,False,37.33,False
3.4219,False,1741.0,False,34.13,False
2.2381,False,1133.0,False,33.86,False
1.7153,False,2015.0,False,40.48,True
3.4688,False,1877.0,False,38.85,True
1.6331,False,1372.0,False,38.61,True
2.7198,False,2599.0,False,34.89,True
7.0504,False,2627.0,False,34.18,False
3.3125,True,1325.0,False,37.74,False
2.7284,False,1225.0,False,33.98,True
3.1573,False,5048.0,False,37.96,True
5.4527,False,2609.0,False,34.21,False
5.0672,False,6920.0,False,38.27,True
2.575,False,1314.0,False,39.17,True
3.8672,False,1007.0,False,33.9,False
1.9762,False,555.0,False,34.06,False
2.7875,False,2156.0,True,36.99,False
3.7143,False,1893.0,False,33.75,False
3.5917,False,1542.0,False,39.21,False
1.6186,False,1564.0,False,36.19,True
1.8158,False,552.0,False,34.75,True
4.7941,False,1184.0,False,32.78,False
2.7857,False,2285.0,False,37.47,True
9.8074,False,3973.0,False,33.8,False
0.9011,True,760.0,False,37.81,False
6.0424,False,2341.0,False,38.03,True
4.325,False,1732.0,False,34.17,False
2.8056,False,1776.0,True,40.76,False
4.5116,False,1748.0,True,37.53,False
1.6618,False,2282.0,False,36.81,True
4.025,True,4986.0,False,38.0,False
4.9779,False,2395.0,False,33.9,False
1.3929,True,2468.0,False,37.8,False
3.4107,False,378.0,False,38.05,True
3.9444,True,1169.0,False,37.78,False
3.756,False,3559.0,False,34.05,False
1.4089,False,2409.0,True,32.7,False
2.5187,False,1837.0,False,34.04,True
4.2837,False,5040.0,False,37.36,False
3.225,False,2073.0,False,38.66,True
3.6619,False,4324.0,False,37.4,False
2.1714,False,1197.0,False,37.34,False
6.3433,False,5799.0,False,33.94,False
4.425,False,6123.0,True,33.85,False
3.3462,False,1430.0,False,34.02,False
1.1786,False,1293.0,False,35.35,True
2.1691,False,1360.0,False,38.57,True
4.25,False,1357.0,False,33.82,False
4.3152,False,4015.0,False,32.79,False
3.0,False,1252.0,False,38.68,True
4.2386,False,2795.0,False,34.16,True
1.5739,False,1177.0,False,38.87,True
4.1359,False,3262.0,False,34.22,False
2.1094,False,2199.0,False,39.02,True
3.3681,False,1147.0,False,36.3,True
2.8839,False,1708.0,False,36.85,True
2.7039,False,2144.0,True,36.56,False
2.92,False,1266.0,True,37.47,False
2.2292,False,2352.0,False,39.94,True
2.9621,False,1902.0,False,34.08,False
5.038,False,4967.0,False,38.42,False
4.3419,False,3015.0,False,37.32,False
1.1917,False,1164.0,False,34.71,True
3.3598,False,1562.0,False,38.25,True
3.275,False,1489.0,False,34.58,True
8.0727,False,4601.0,False,37.31,False
1.3167,True,969.0,False,37.94,False
3.0104,False,2290.0,True,32.87,False
6.3364,False,1895.0,False,33.84,False
3.4327,False,1507.0,False,34.07,True
5.503,False,8638.0,False,37.0,False
4.53,False,2375.0,False,33.86,False
3.625,False,1007.0,False,38.7,True
3.5547,False,372.0,True,35.95,False
4.5707,True,3228.0,False,38.01,False
3.968,False,2608.0,False,37.37,True
2.5428,False,2174.0,False,34.08,False
1.4427,False,790.0,False,35.38,True
3.5484,False,2578.0,True,32.79,False
2.6094,False,2952.0,False,35.42,True
2.7472,False,3182.0,False,34.31,False
3.2396,False,2059.0,False,34.03,False
3.7045,False,1434.0,False,37.37,False
5.0941,False,13802.0,False,36.87,True
2.4196,False,1267.0,False,37.34,False
3.35,False,3512.0,True,32.87,False
3.7974,False,1498.0,False,34.26,False
3.7961,False,4216.0,False,33.84,False
1.324,False,3635.0,True,32.68,False
5.0672,True,3173.0,False,37.95,False
4.6477,False,1486.0,True,32.64,False
4.1387,False,3746.0,False,37.55,False
3.3987,False,3278.0,False,38.14,True
2.7009,False,1093.0,False,38.69,True
2.1875,False,1260.0,False,33.99,False
2.4643,False,2028.0,True,34.23,False
2.8649,False,2866.0,False,34.93,False
5.1708,False,1309.0,False,34.01,False
4.8125,False,3712.0,False,33.67,False
1.875,False,2190.0,False,36.61,False
3.6348,False,9044.0,False,33.05,False
6.0571,False,4575.0,False,33.92,False
6.3703,False,3060.0,False,34.16,False
2.2863,False,2353.0,False,36.6,True
5.0785,False,2517.0,False,37.35,False
1.6037,False,1273.0,False,34.05,False
3.7986,False,2245.0,False,34.01,False
4.0625,False,2792.0,True,37.74,False
4.6,False,2829.0,False,37.53,False
5.5184,False,1873.0,True,37.56,False
2.8833,False,1026.0,False,39.31,True
1.3485,False,1953.0,False,34.06,True
3.4427,True,1170.0,False,37.48,False
6.5928,False,1765.0,False,33.62,False
3.5822,False,5591.0,True,34.42,False
1.4529,False,2383.0,False,37.49,True
2.8611,False,1171.0,True,33.03,False
1.8704,False,1580.0,False,39.0,True
3.835,False,2561.0,True,33.84,False
3.1538,False,1050.0,False,33.92,False
2.8727,False,4409.0,False,34.23,False
2.4519,False,2124.0,False,41.31,True
2.4053,False,2794.0,False,36.93,False
2.5379,False,6982.0,False,33.89,True
3.9688,True,2383.0,False,37.79,False
2.375,False,89.0,False,33.69,True
2.8964,False,2681.0,True,32.71,False
3.5395,False,2930.0,False,37.66,True
5.0508,False,3303.0,False,38.59,True
5.1074,False,1416.0,False,34.28,False
3.2594,False,1567.0,False,33.88,False
2.1771,False,3044.0,True,36.97,False
1.9187,False,874.0,False,37.96,True
6.2473,False,4177.0,False,33.68,False
4.9,True,542.0,False,37.88,False
5.6428,False,513.0,False,34.01,False
5.3441,False,4203.0,False,32.81,False
6.6818,False,3807.0,False,37.3,False
3.7464,False,2370.0,False,34.58,True
1.9779,False,5583.0,False,34.15,True
3.6531,False,2281.0,False,34.08,True
3.5769,False,1875.0,False,38.71,True
4.0313,False,903.0,False,34.19,False
3.4402,False,1929.0,False,33.93,False
2.7546,False,1331.0,False,37.32,False
4.1304,False,3569.0,False,34.09,True
5.5218,True,2576.0,False,37.58,False
5.0447,False,1774.0,False,33.81,False
3.7574,False,1221.0,False,38.9,True
2.3125,False,1463.0,False,35.34,True
2.256,False,1700.0,False,36.79,True
2.525,False,1787.0,False,38.38,True
3.3583,False,541.0,False,32.87,True
5.4132,False,6842.0,False,33.65,False
4.5246,False,7392.0,False,38.66,True
4.015,False,5268.0,False,33.75,False
4.1667,False,38.0,False,33.81,False
1.5882,False,1389.0,False,34.05,False
3.1,False,4450.0,False,38.44,False
2.6324,False,1081.0,False,32.79,False
5.1064,False,14891.0,False,33.96,False
3.5,False,504.0,False,37.42,True
4.119,False,1507.0,False,34.04,False
6.8194,False,1816.0,False,37.26,False
0.8691,False,549.0,False,38.78,True
1.5132,False,1027.0,False,33.93,False
1.7225,False,1757.0,False,34.04,False
5.3008,False,3047.0,False,32.9,False
3.8542,False,4854.0,True,32.8,False
8.2827,False,5745.0,False,34.15,True
2.6852,False,1902.0,False,36.7,True
3.7478,False,3684.0,False,34.41,True
4.9219,False,2197.0,True,32.82,False
4.8854,False,5509.0,False,32.96,False
2.6491,False,3559.0,False,33.84,False
4.675,False,2719.0,False,34.19,False
3.7583,False,2372.0,True,32.63,False
2.125,False,1149.0,False,33.88,False
4.2865,False,2182.0,False,34.19,False
2.25,False,1332.0,False,39.06,True
5.2374,False,828.0,False,34.45,False
4.4271,False,827.0,False,36.86,False
2.8548,False,4558.0,False,34.7,True
4.5033,False,5195.0,False,33.89,False
1.6,True,369.0,False,37.94,False
4.221,False,5817.0,False,38.36,False
2.67,False,873.0,False,34.65,True
4.125,False,1326.0,True,32.63,False
3.425,False,2657.0,False,34.07,False
1.7679,False,931.0,False,34.01,False
2.75,False,1283.0,False,33.65,False
4.5185,False,4255.0,False,34.08,True
1.6786,False,1590.0,False,35.33,True
3.1786,False,428.0,False,33.98,False
1.9556,False,1246.0,False,33.97,False
2.7813,False,2788.0,False,36.74,True
2.3125,False,994.0,False,38.76,True
2.7344,False,1664.0,True,35.39,False
5.0187,True,2304.0,False,37.92,False
2.4375,False,1434.0,False,34.19,False
4.569,False,1134.0,False,34.16,False
3.1583,False,810.0,False,38.57,True
4.0709,False,4492.0,False,38.69,True
2.4505,False,1631.0,False,33.2,False
2.7075,False,3703.0,True,37.51,False
3.3438,False,2929.0,False,34.13,False
2.9803,False,2453.0,False,34.21,False
6.2503,False,12360.0,False,38.66,True
2.726,False,4716.0,False,33.84,False
2.5727,False,2475.0,False,38.25,True
3.5506,False,2487.0,False,38.51,True
6.3302,True,3770.0,False,37.82,False
6.4761,False,1804.0,False,34.16,True
4.3762,False,20944.0,True,33.19,False
4.1058,False,2388.0,False,34.9,False
2.1466,False,1301.0,False,34.01,False
2.4659,False,2630.0,False,33.86,False
4.8403,False,2414.0,False,37.55,False
3.2314,False,1872.0,True,34.17,False
2.1875,False,1380.0,False,37.43,True
3.8816,False,2744.0,False,38.65,True
5.2363,False,3792.0,False,33.83,False
4.485,False,7277.0,False,38.72,True
1.6007,False,1527.0,True,34.27,False
2.163,False,1109.0,False,33.13,True
4.1528,False,1764.0,False,33.94,True
3.0938,False,1203.0,False,38.25,True
4.6641,False,3517.0,False,37.54,False
4.2417,False,2573.0,True,32.8,False
3.7031,False,1968.0,False,38.69,True
2.8447,False,2722.0,False,40.2,True
7.7785,False,1841.0,False,34.25,False
4.0,False,1527.0,True,37.71,False
3.0204,False,4627.0,False,34.48,True
3.244,False,1239.0,False,34.09,False
3.5078,False,2727.0,False,36.83,True
6.1047,True,10648.0,False,37.57,False
4.537,False,2119.0,True,33.74,False
3.3681,False,3205.0,False,33.93,False
3.3261,False,4507.0,False,35.36,True
3.934,False,943.0,False,37.03,False
6.1091,False,3752.0,False,37.42,False
3.5714,False,4382.0,False,34.14,False
5.0553,False,2103.0,False,34.87,True
3.3235,False,2270.0,False,37.97,True
2.6193,False,1865.0,False,34.27,False
2.9125,False,2545.0,False,34.02,False
4.0625,False,2003.0,False,34.03,False
2.9844,False,3221.0,False,36.33,True
2.543,False,2619.0,False,32.81,False
1.0208,False,1303.0,False,38.55,True
3.3882,True,3017.0,False,37.78,False
1.9125,False,2261.0,False,33.98,False
3.0469,False,1513.0,False,36.56,True
2.4464,False,1056.0,False,34.06,True
1.9688,False,2285.0,True,40.79,False
2.6705,False,1717.0,False,37.56,True
3.5179,False,2523.0,False,38.59,True
2.5667,False,1435.0,False,38.41,True
3.475,False,108.0,False,33.53,False
2.8846,True,1350.0,False,37.87,False
5.4496,False,20354.0,False,37.68,True
2.3774,False,2283.0,False,33.6,False
6.2384,False,4240.0,False,34.03,False
2.8333,False,1339.0,False,34.09,True
3.0723,False,5762.0,False,34.98,False
2.6012,False,2577.0,False,39.15,False
2.4286,False,2867.0,False,36.77,True
2.2292,False,3671.0,False,38.62,True
2.875,False,3162.0,False,34.08,False
6.8482,False,3268.0,False,34.17,False
4.05,False,1718.0,True,32.74,False
2.5238,False,5773.0,False,38.6,True
5.1265,True,1800.0,False,38.02,False
2.6058,False,1922.0,False,36.62,True
3.4115,False,3970.0,False,33.62,False
2.037,False,796.0,False,33.96,False
3.6389,False,824.0,False,34.13,False
2.0819,False,1357.0,False,33.97,False
5.1271,False,2031.0,True,33.81,False
4.4034,False,6190.0,False,34.09,True
3.1957,False,2387.0,False,33.91,False
2.5301,False,1395.0,False,33.64,False
3.1458,False,943.0,False,33.94,True
3.3125,False,2668.0,False,39.07,True
3.9722,True,1877.0,False,37.76,False
4.1734,False,2015.0,False,38.45,False
5.7528,False,1068.0,False,33.91,False
1.5208,True,340.0,False,37.81,False
2.4968,False,1448.0,False,37.35,False
3.3036,False,2655.0,False,33.88,False
4.5659,False,8352.0,False,34.67,True
5.3272,False,2863.0,False,34.16,True
4.1,False,4426.0,False,38.49,True
1.0,False,161.0,False,34.2,False
6.1076,False,3638.0,False,33.98,False
4.8187,False,2100.0,False,36.96,True
3.6486,False,6082.0,False,34.16,False
2.5842,False,2729.0,False,34.2,False
3.9219,False,3071.0,False,36.67,False
1.5174,False,1945.0,False,36.76,True
4.9464,False,2172.0,False,36.3,True
3.5398,True,2300.0,False,37.78,False
7.2708,False,2290.0,False,34.05,True
2.5902,False,2994.0,False,34.68,True
6.3088,False,16590.0,False,33.48,False
3.7312,False,2197.0,False,34.16,False
3.9758,True,2660.0,False,37.76,False
1.4719,False,2372.0,False,34.0,True
7.6166,False,3324.0,False,37.96,True
2.9271,False,320.0,False,36.99,True
0.9687,True,844.0,False,37.94,False
5.8819,False,7798.0,False,34.13,True
2.5057,False,3764.0,False,33.87,False
1.5625,False,587.0,False,36.61,True
2.8072,False,2459.0,False,33.83,False
3.1768,True,2766.0,False,38.11,False
1.5911,False,2610.0,False,36.07,True
5.5454,False,3821.0,True,32.8,False
3.2303,False,2864.0,False,38.13,True
3.5972,False,2145.0,False,33.9,False
1.8958,False,1740.0,False,36.74,True
1.8967,False,610.0,False,36.74,True
5.3812,False,3381.0,False,33.84,False
1.4821,False,2204.0,True,32.71,False
4.3862,False,4773.0,True,32.81,False
4.2,False,1026.0,False,33.97,False
3.9,False,759.0,False,36.14,True
3.4792,False,1748.0,False,33.94,False
1.925,False,3056.0,False,34.08,False
2.3482,False,2981.0,True,32.8,False
2.234,False,3599.0,False,41.86,True
7.9739,False,3011.0,False,33.72,False
1.75,False,861.0,False,33.98,False
4.2826,False,9998.0,False,33.17,False
1.8625,False,1574.0,False,34.95,False
2.1293,False,2486.0,False,33.21,False
2.4659,False,4289.0,False,33.74,True
6.868,False,5377.0,False,37.47,False
5.184,False,2894.0,False,34.06,False
2.1441,False,5016.0,True,32.61,False
4.0652,True,2275.0,False,37.78,False
1.724,True,5783.0,False,37.79,False
7.0548,True,3038.0,False,37.84,False
4.0333,False,680.0,False,39.15,True
4.6547,True,2713.0,False,37.74,False
3.7614,False,1001.0,True,36.62,False
3.9408,False,695.0,True,37.09,False
3.5072,False,2742.0,False,34.1,True
6.6678,False,1800.0,False,33.88,False
4.2917,False,1003.0,False,33.62,True
2.7409,False,2099.0,False,34.05,False
1.7417,False,645.0,False,38.85,True
5.5261,False,4159.0,False,35.42,True
3.625,False,2963.0,True,32.8,False
2.7717,True,1006.0,False,37.8,False
3.1859,False,2925.0,False,33.94,True
4.5604,False,14418.0,False,38.47,True
2.8269,False,1308.0,False,33.9,False
4.5554,False,11989.0,False,34.04,False
2.875,True,1788.0,False,37.95,False
3.4227,False,1638.0,False,34.11,False
4.2644,False,2226.0,True,37.76,False
3.9886,False,3960.0,False,37.65,True
2.3851,False,2886.0,False,33.92,True
2.925,False,1876.0,False,33.76,False
5.584,False,3432.0,False,38.67,True
7.375,False,1959.0,False,37.34,False
3.5735,False,1602.0,False,32.82,True
3.1103,False,1145.0,False,37.32,False
2.1071,False,886.0,False,33.89,False
2.7562,False,3515.0,False,37.35,False
4.0658,False,3670.0,False,34.06,True
4.0,False,2465.0,False,34.0,False
4.5086,False,2412.0,False,32.93,False
2.0398,False,1832.0,False,37.96,True
2.4167,False,1014.0,False,34.03,False
2.0591,False,4206.0,False,41.74,True
4.7344,True,878.0,False,37.94,False
4.3187,False,1660.0,False,33.91,False
3.025,False,1178.0,False,33.85,False
4.0677,False,1492.0,False,33.98,False
10.2264,False,120.0,False,38.63,True
4.0924,False,2066.0,False,34.2,False
5.3016,False,2382.0,False,33.94,False
3.725,False,1629.0,False,33.97,False
1.9844,True,640.0,False,37.48,False
1.7227,False,4773.0,False,40.61,True
3.2093,False,3304.0,False,33.98,False
3.9464,False,1465.0,False,34.38,False
5.7089,False,3635.0,False,33.81,False
7.5557,False,2052.0,True,32.73,False
2.5114,False,1978.0,False,34.11,True
4.5347,False,3174.0,False,36.93,True
4.3424,False,2296.0,False,33.03,False
2.6902,False,2045.0,False,40.43,True
1.2101,False,2009.0,False,36.76,True
5.0526,False,2752.0,False,33.95,False
5.2999,False,1313.0,False,33.88,False
1.8973,False,2129.0,False,36.97,True
2.9457,False,4924.0,False,38.03,True
5.4727,False,2765.0,False,34.21,True
3.5331,False,3257.0,False,37.6,True
2.5668,False,5131.0,False,34.16,False
3.7321,False,3407.0,False,34.16,False
2.7386,False,5963.0,True,33.21,False
4.8068,False,1437.0,True,37.55,False
0.9337,False,1720.0,False,33.98,False
5.0532,False,7023.0,False,33.81,False
4.9103,False,2487.0,False,38.25,True
4.0446,False,802.0,False,37.37,False
3.575,False,3095.0,False,38.71,True
2.2639,False,946.0,False,36.82,True
4.277,False,2513.0,False,36.94,True
3.512,False,6601.0,False,36.71,False
3.2679,False,156.0,True,32.77,False
0.8172,True,1489.0,False,37.82,False
3.0341,False,4670.0,False,38.43,False
2.25,True,769.0,False,37.74,False
3.2679,True,2842.0,False,37.76,False
6.3712,False,4632.0,True,33.02,False
2.1944,False,180.0,False,34.02,False
1.998,False,12342.0,False,34.24,True
3.6415,False,1386.0,False,34.01,True
2.2019,False,3763.0,False,39.72,True
3.875,False,1328.0,False,34.18,False
2.5804,False,3676.0,False,33.97,True
5.6205,False,3269.0,False,37.13,False
4.0132,True,1819.0,False,37.73,False
1.4617,False,1995.0,False,33.76,False
3.375,False,1584.0,False,38.33,False
2.5033,False,1856.0,False,34.06,False
5.1423,False,1347.0,False,33.9,False
2.1875,False,1872.0,False,33.21,False
1.5328,False,2288.0,False,34.1,False
3.6546,False,2053.0,True,34.16,False
4.3598,False,8576.0,False,32.89,False
1.8611,False,1720.0,False,38.64,True
1.808,False,1625.0,False,33.76,False
4.7422,False,1437.0,False,38.39,False
2.7634,False,350.0,False,34.05,False
4.1974,True,2147.0,False,37.68,False
5.0,False,4054.0,False,34.25,False
1.0955,False,2414.0,False,37.29,True
3.975,False,383.0,False,33.8,False
5.0829,False,3201.0,True,32.69,False
1.9485,False,1708.0,False,38.28,True
3.505,False,3855.0,False,34.06,False
4.6333,False,825.0,False,33.97,False
2.0096,True,1276.0,False,37.45,False
2.8533,False,225.0,True,33.78,False
3.0043,False,3453.0,False,37.74,True
4.8304,False,1962.0,False,33.95,False
3.4695,False,4264.0,False,34.42,True
1.8654,False,2011.0,False,34.14,True
5.2723,False,1684.0,False,34.1,False
3.1513,False,2107.0,False,33.93,False
4.0625,False,1424.0,False,34.05,False
3.3523,False,1814.0,False,34.07,False
4.061,False,2980.0,False,37.97,True
5.8993,False,2863.0,False,34.0,False
1.7763,False,174.0,False,34.06,False
2.037,False,1127.0,False,40.53,True
3.5278,False,1788.0,False,33.88,False
4.1861,False,1010.0,False,33.99,False
9.0683,False,3801.0,False,33.89,False
3.1746,False,3292.0,False,34.02,False
4.8295,False,2490.0,False,33.95,False
5.422,False,9947.0,False,33.69,False
7.1572,False,4061.0,False,33.76,False
3.2708,False,1653.0,False,33.91,False
4.8409,False,1398.0,False,34.62,True
2.1074,False,1494.0,False,33.65,False
1.875,False,550.0,False,33.9,False
4.0,False,1053.0,False,33.95,False
3.5179,False,1791.0,True,32.79,False
6.0959,False,4430.0,False,37.37,False
1.5303,False,1475.0,False,33.96,False
2.1154,False,1306.0,False,34.07,True
3.3182,False,574.0,False,33.91,False
3.9519,True,1300.0,False,38.01,False
4.3098,False,1597.0,False,38.64,True
3.1625,False,1814.0,False,34.38,False
4.2566,False,1735.0,False,33.74,False
3.5667,False,1300.0,False,34.01,False
4.5787,False,2606.0,False,36.85,False
3.0911,False,2521.0,False,37.36,True
3.0833,False,2336.0,False,40.32,True
5.5599,False,3711.0,False,33.73,False
1.9928,False,2043.0,False,34.03,False
4.4,False,1005.0,False,37.7,True
3.0917,False,1127.0,False,38.87,True
2.1571,False,2300.0,False,41.32,True
5.0285,False,2167.0,False,38.04,True
3.6086,False,1680.0,True,33.82,False
1.4583,False,2109.0,False,37.93,True
3.6875,False,4859.0,False,34.2,False
5.2563,False,4197.0,False,33.73,False
3.2847,False,629.0,True,34.24,False
2.6136,False,1499.0,False,33.82,False
1.7159,False,2174.0,False,33.99,False
4.5913,False,4418.0,False,38.62,False
1.3811,False,8502.0,False,34.45,True
5.4513,False,3972.0,False,36.81,True
3.9464,False,2628.0,False,34.11,False
2.1652,False,2307.0,True,34.4,False
2.8906,False,1743.0,False,32.85,False
3.0574,False,3442.0,False,34.03,False
2.6083,False,1765.0,False,33.83,True
5.6356,False,1636.0,False,34.22,False
3.7,False,1051.0,True,37.52,False
3.301,False,3787.0,False,34.13,True
2.5564,False,3136.0,False,33.83,False
7.2758,False,1260.0,True,32.74,False
3.2708,False,733.0,True,37.47,False
2.5833,False,1284.0,False,36.9,True
2.6684,True,1829.0,False,37.87,False
5.7979,True,2255.0,False,37.88,False
4.3472,False,2748.0,False,36.6,False
1.6792,False,1823.0,True,33.79,False
1.8269,False,1347.0,False,39.24,True
2.3267,False,3652.0,False,33.14,False
5.1187,False,1551.0,False,33.91,False
3.099,False,3399.0,False,33.89,False
1.0227,False,1204.0,False,34.06,False
2.4185,False,1459.0,False,34.36,False
7.5975,False,2512.0,True,33.0,False
3.1111,False,3511.0,False,37.4,True
1.6486,False,1874.0,False,36.63,True
2.1838,False,945.0,False,39.78,True
3.1484,False,2943.0,False,34.16,False
3.2031,True,2202.0,False,37.85,False
9.5268,False,5126.0,True,33.67,False
3.4063,False,2614.0,False,34.04,False
1.5923,False,4513.0,False,41.2,True
3.6341,False,4307.0,False,34.13,True
2.09,False,1144.0,True,32.69,False
3.9118,True,1222.0,False,37.96,False
1.2273,False,335.0,False,37.68,True
3.125,False,116.0,False,35.17,True
3.0729,False,1538.0,True,32.62,False
3.12,False,1677.0,False,34.13,False
4.6875,False,1665.0,False,33.81,False
3.851,False,947.0,False,35.17,False
3.3229,False,2012.0,False,34.1,False
3.125,False,1039.0,False,34.03,False
2.6618,False,2758.0,False,33.88,False
5.0519,True,1663.0,False,37.71,False
3.7067,False,1298.0,False,33.98,False
7.139,False,3547.0,False,34.16,False
6.2475,False,2924.0,False,33.31,False
8.2953,False,2630.0,False,33.66,False
3.6,True,1676.0,False,37.68,False
3.776,False,3080.0,False,38.57,True
2.3169,False,2488.0,False,33.72,True
2.2411,True,1143.0,False,37.96,False
3.4784,False,1750.0,True,32.73,False
2.5417,False,4701.0,False,33.87,False
2.5625,False,1410.0,True,36.62,False
3.6384,False,2433.0,False,34.25,False
4.8667,False,2798.0,False,34.51,True
3.0598,False,1543.0,False,34.04,True
3.5902,False,3167.0,False,33.72,False
3.1979,False,2945.0,False,34.02,False
5.4337,False,3045.0,False,36.3,True
4.5478,False,1471.0,False,33.99,False
6.057,False,2655.0,False,37.39,False
2.9107,False,732.0,False,34.06,True
4.2813,False,2385.0,False,33.13,False
3.1827,False,1161.0,False,33.88,True
2.9338,False,1307.0,False,34.0,False
2.0536,False,1236.0,False,36.73,True
4.22,False,3064.0,True,32.81,False
2.0368,False,2120.0,False,38.59,True
5.3272,False,7520.0,False,36.91,True
2.0258,False,3592.0,False,40.56,True
2.136,False,2517.0,False,32.81,False
4.625,False,1958.0,False,33.75,False
3.8984,False,1010.0,False,37.64,True
4.1947,False,3179.0,False,37.53,False
5.8899,True,4921.0,False,37.99,False
5.3098,False,721.0,False,38.0,True
4.1458,True,1049.0,False,37.76,False
3.5595,False,3883.0,False,37.81,True
1.9439,False,2545.0,False,33.76,False
3.0114,False,1161.0,False,33.97,False
8.8281,False,4150.0,True,33.71,False
6.1966,False,4208.0,False,33.71,False
4.8646,False,1061.0,True,32.58,False
6.1274,False,1080.0,False,34.17,False
2.375,False,459.0,True,34.27,False
0.9708,False,1260.0,False,33.95,False
2.9811,False,4098.0,False,34.04,True
3.25,False,2082.0,False,37.35,False
3.3942,False,2056.0,False,34.15,True
0.9166,False,705.0,False,33.95,False
1.5625,False,607.0,False,36.74,True
4.4818,False,4694.0,False,34.28,False
4.0507,True,1256.0,False,37.98,False
2.5658,False,2283.0,False,34.05,False
2.8378,False,1849.0,False,33.96,False
3.1364,False,2700.0,True,36.59,False
3.2026,False,9280.0,False,34.46,False
6.2452,False,1591.0,False,33.71,False
2.8015,False,8742.0,False,33.13,False
4.061,False,5805.0,False,33.92,False
3.4312,False,2060.0,False,36.36,True
3.3679,True,2339.0,False,37.77,False
5.5,True,1579.0,False,37.96,False
2.7868,False,2226.0,False,38.7,True
4.1607,False,1014.0,False,38.69,True
7.0113,False,3771.0,False,33.85,False
1.4688,False,240.0,False,33.32,True
4.1346,False,467.0,False,37.48,True
4.2125,False,2299.0,False,34.96,False
2.0134,False,2695.0,False,33.91,False
6.2917,False,3278.0,False,34.02,False
3.4712,False,5923.0,False,33.83,False
2.1711,False,1579.0,False,34.04,False
3.6106,False,2825.0,False,33.92,False
4.2415,False,9020.0,False,34.12,True
2.885,False,5206.0,False,33.71,False
0.8952,False,456.0,False,33.94,False
3.3689,False,4013.0,False,38.49,True
2.334,False,3085.0,False,39.51,True
3.691,False,1428.0,False,37.86,True
5.0596,False,3328.0,False,33.93,False
1.3927,False,3657.0,False,38.52,True
1.9531,False,504.0,False,33.99,False
2.7,False,790.0,False,39.44,False
2.7802,False,1438.0,False,34.07,False
4.6875,False,914.0,False,38.67,False
1.5987,False,1672.0,False,32.8,True
1.89,False,2334.0,False,34.03,False
1.5854,False,2541.0,False,34.06,False
6.5474,False,1326.0,False,34.19,False
4.163,False,140.0,False,38.36,True
3.2235,True,1006.0,False,37.8,False
1.7774,False,3706.0,False,38.0,True
4.4286,False,3043.0,False,33.84,False
3.0489,True,1954.0,False,37.66,False
1.6812,False,1505.0,False,36.06,True
2.9821,False,3128.0,True,34.34,False
6.0274,True,2303.0,False,37.75,False
3.6389,True,1066.0,False,38.34,False
1.5152,False,1271.0,False,37.99,True
7.732,False,1859.0,False,34.15,True
3.2984,False,2035.0,True,33.07,False
1.9907,False,2783.0,False,35.2,True
6.0582,False,440.0,False,37.97,True
2.8173,False,4251.0,False,33.95,True
5.257,False,6909.0,False,34.03,False
4.1125,False,521.0,False,34.19,False
2.3438,False,1454.0,False,34.14,True
1.7064,False,1889.0,True,33.78,False
3.5417,False,1551.0,False,36.79,True
6.207,False,1708.0,False,34.18,False
5.3473,False,1912.0,False,34.23,False
2.4792,False,2231.0,False,40.71,True
5.6533,False,1365.0,False,37.37,False
3.0907,False,3585.0,False,38.03,True
2.5833,False,1325.0,False,36.32,True
5.6152,False,1713.0,False,34.12,False
4.025,False,2471.0,False,36.89,True
4.25,True,691.0,False,37.63,False
2.6182,False,1617.0,False,33.91,False
4.8611,False,1073.0,False,33.92,False
4.2788,True,1149.0,False,37.88,False
1.0685,False,1758.0,False,38.61,True
2.5395,False,1040.0,False,34.12,True
3.3368,False,2493.0,False,37.68,True
7.167,False,8146.0,False,34.26,False
4.4,False,678.0,False,38.53,True
1.1859,True,2773.0,False,37.87,False
7.3343,False,2839.0,False,38.58,True
4.8667,False,874.0,False,33.84,False
3.1389,False,1671.0,False,34.4,False
4.9028,False,5034.0,False,37.1,False
2.1383,False,6117.0,False,36.78,True
3.6853,False,1677.0,False,34.12,True
4.8816,False,983.0,False,34.25,False
4.9583,False,2352.0,False,34.13,True
4.131,False,3044.0,False,33.88,True
2.7039,False,2129.0,False,38.95,True
2.5556,False,210.0,False,34.09,False
10.6186,False,3430.0,False,33.01,False
2.3971,False,1205.0,False,34.09,False
2.1979,False,2035.0,False,34.77,True
4.1339,False,4038.0,False,34.07,True
3.8117,False,5264.0,False,35.33,True
3.4474,False,2647.0,True,33.72,False
3.8448,False,3503.0,False,34.09,False
1.7574,False,2380.0,False,40.5,False
3.1375,False,3179.0,False,34.11,True
3.9091,False,1792.0,False,33.83,False
5.2882,True,4209.0,False,37.54,False
2.0172,False,775.0,True,36.96,False
6.7571,False,1493.0,False,34.21,False
2.2138,False,1993.0,False,33.98,False
3.1327,False,4026.0,False,36.93,False
4.8359,False,7060.0,False,33.68,False
5.1589,False,1206.0,False,33.66,False
4.6042,False,1252.0,False,33.84,False
1.7188,False,1492.0,False,32.8,True
3.4844,False,2300.0,False,34.08,True
2.6371,False,1418.0,True,33.77,False
1.8819,False,5396.0,False,35.58,True
2.8135,True,3452.0,False,37.76,False
2.2328,False,2230.0,False,34.18,False
1.7813,False,405.0,False,34.01,False
3.5282,False,1494.0,False,32.83,True
2.5156,False,1234.0,False,39.79,True
3.319,False,2364.0,False,38.5,True
2.7014,False,905.0,True,32.6,False
4.9528,False,5543.0,False,32.76,False
2.0639,False,1765.0,False,38.62,True
1.9,False,1362.0,False,33.63,False
1.8109,False,3497.0,True,33.79,False
4.5135,False,4209.0,False,32.72,False
2.773,False,4090.0,False,34.2,False
6.3669,True,1930.0,False,37.91,False
1.5319,False,2062.0,False,37.11,True
6.7058,False,3022.0,True,37.47,False
1.5357,False,1059.0,False,38.44,False
4.7083,False,3153.0,False,33.76,False
7.0913,False,2023.0,False,33.03,False
5.3767,False,1807.0,False,34.22,False
2.4943,False,1183.0,True,32.68,False
4.8355,False,2363.0,False,37.25,False
4.9125,False,1840.0,True,32.73,False
3.9375,False,3597.0,False,38.43,False
2.0385,False,858.0,False,34.17,False
6.4956,False,2349.0,True,33.81,False
4.2386,False,4436.0,False,32.81,False
3.7875,False,1915.0,False,38.31,False
2.6563,False,1217.0,False,39.49,True
6.8588,False,8874.0,False,33.64,False
2.3108,False,2675.0,False,36.76,True
5.0016,False,9217.0,False,38.0,True
3.4167,False,1760.0,False,34.15,False
3.625,False,2378.0,True,38.18,False
3.9219,False,1399.0,True,37.73,False
1.5417,False,902.0,False,34.14,False
3.7813,True,3065.0,False,37.75,False
3.1286,False,1974.0,False,37.66,True
1.5,False,1312.0,False,37.47,True
3.3472,False,1265.0,False,38.65,True
3.1797,False,707.0,False,38.44,False
1.2206,False,1672.0,False,34.01,False
5.144,False,489.0,False,33.85,False
3.5732,False,12317.0,False,34.67,True
4.8448,False,2906.0,False,33.84,False
4.325,False,1237.0,False,33.9,False
3.1937,False,950.0,True,37.5,False
2.2083,False,497.0,False,34.03,False
5.9345,False,2179.0,False,37.69,False
4.9792,False,1127.0,True,37.13,False
4.6654,False,2331.0,False,37.26,False
3.0466,False,5175.0,False,38.97,True
2.1979,False,1081.0,False,38.13,True
3.0559,False,3842.0,False,34.9,False
2.6172,False,1260.0,False,32.8,True
3.8203,False,1932.0,False,34.86,False
3.6673,False,3319.0,False,34.04,False
3.5268,False,2642.0,False,33.81,False
2.5521,False,2467.0,False,36.55,True
3.9191,False,1943.0,False,38.45,False
3.9667,True,4458.0,False,37.53,False
4.7195,False,12991.0,False,33.74,True
2.7361,False,1527.0,True,32.57,False
3.963,False,5721.0,False,32.8,False
3.5208,False,260.0,False,34.0,True
2.1382,False,1098.0,False,34.02,False
1.3713,False,2126.0,False,36.96,True
2.6339,False,857.0,False,33.93,False
3.2976,False,1820.0,False,34.15,True
1.1576,False,692.0,True,40.87,False
3.7549,False,4099.0,False,34.05,False
2.8594,False,4527.0,False,34.89,True
5.4508,False,2493.0,False,36.72,False
2.4387,False,3586.0,False,33.88,True
5.5067,False,1598.0,False,34.12,False
5.1966,False,2153.0,False,38.34,False
4.6467,False,1627.0,False,34.08,True
3.8026,False,1073.0,True,33.85,False
1.2746,False,1697.0,True,33.78,False
2.2,False,2846.0,True,32.74,False
3.0417,False,3309.0,False,33.9,False
7.6059,False,2051.0,False,34.37,False
5.7192,False,3575.0,False,37.58,False
2.825,False,2718.0,False,34.91,True
5.6986,True,5467.0,False,37.9,False
1.9912,False,5373.0,False,33.72,False
2.6488,False,2405.0,False,40.5,True
4.0,False,341.0,False,39.08,True
2.5639,False,2313.0,False,38.54,True
3.2386,False,962.0,False,34.08,False
4.25,False,2379.0,False,33.93,False
5.2864,False,1558.0,False,32.92,False
4.4094,False,3825.0,False,34.11,False
1.4028,False,2194.0,False,36.76,True
4.2454,False,2059.0,False,34.12,False
4.0268,True,2639.0,False,37.7,False
2.1518,False,1960.0,False,36.73,True
4.5625,False,198.0,False,39.05,True
2.8229,False,2416.0,False,34.06,False
2.625,False,2673.0,False,36.27,True
2.5402,False,1200.0,False,37.52,True
2.6071,False,131.0,False,33.99,True
3.9048,True,3424.0,False,37.79,False
2.8203,True,2630.0,False,37.65,False
4.0647,False,2096.0,False,38.46,False
2.1727,False,2587.0,True,32.76,False
1.8438,True,504.0,False,37.74,False
3.625,False,934.0,False,34.19,False
2.9688,False,1028.0,False,39.52,True
2.1705,False,499.0,False,37.92,True
2.8401,False,6907.0,False,33.77,True
2.9982,False,3794.0,False,34.19,False
2.9324,False,1716.0,False,38.79,True
3.2148,False,5104.0,False,33.93,True
5.6512,True,9531.0,False,38.02,False
5.5771,False,3039.0,False,33.88,False
2.3214,False,1578.0,False,38.64,True
4.0625,False,2015.0,False,33.96,False
2.8472,False,1377.0,True,32.83,False
2.1432,False,1013.0,False,33.86,False
3.9615,False,2696.0,False,34.7,True
3.7708,False,1729.0,False,34.05,False
7.1497,False,1932.0,False,33.61,False
3.3375,False,1379.0,False,33.9,False
2.2259,False,1939.0,False,37.31,False
1.7639,False,2400.0,False,41.81,True
4.7241,False,1774.0,False,34.17,True
4.2273,False,4770.0,False,33.81,True
5.0,True,2710.0,False,38.32,False
5.7143,False,1013.0,False,34.18,False
3.1719,False,465.0,False,37.88,True
2.7656,False,123.0,False,37.96,True
2.5893,False,6336.0,False,33.92,False
4.0625,False,1366.0,False,39.11,True
2.6121,False,696.0,True,32.75,False
4.5615,False,5144.0,False,34.56,True
5.2541,False,3178.0,False,33.8,False
1.9631,False,2182.0,False,34.01,False
2.7813,False,2930.0,False,38.63,True
2.2778,False,896.0,False,33.93,False
4.9783,False,2203.0,False,37.99,True
3.3081,False,12517.0,False,32.83,False
4.2019,False,1156.0,False,34.11,False
3.9125,False,2234.0,False,34.15,True
3.6037,True,1405.0,False,37.78,False
3.7045,False,1772.0,False,37.48,True
2.5812,False,1740.0,False,35.6,True
2.8682,False,2919.0,False,34.04,True
5.1238,True,2510.0,False,37.73,False
2.3523,False,1257.0,False,36.33,True
3.93,True,1817.0,False,37.76,False
2.5,False,510.0,False,36.6,True
3.525,False,4228.0,False,36.96,False
3.7578,False,1453.0,False,34.03,False
4.337,False,3135.0,False,37.37,True
5.6494,False,2422.0,False,37.28,False
2.5224,False,2261.0,False,33.74,False
2.7763,False,6132.0,False,34.08,False
5.2955,False,2630.0,False,34.17,False
5.102,False,2895.0,True,32.85,False
2.5143,False,1949.0,False,34.05,True
3.7045,False,2395.0,False,33.94,False
1.1563,False,2001.0,False,34.02,False
5.1041,False,3079.0,False,37.98,True
4.5568,True,1300.0,False,37.48,False
4.5057,False,1548.0,False,33.82,False
2.7212,False,2428.0,True,33.77,False
8.5407,False,2711.0,False,33.81,False
4.125,False,887.0,False,33.85,False
3.2123,False,3507.0,False,38.14,True
7.5196,False,2524.0,False,34.08,False
6.3359,False,1951.0,False,36.8,True
1.625,False,25.0,True,32.66,False
3.0057,False,1129.0,False,34.05,True
2.5599,False,1368.0,False,36.91,False
5.2497,False,3305.0,False,33.66,False
2.0577,True,1182.0,False,37.75,False
3.8029,True,3018.0,False,38.1,False
5.5427,False,2477.0,False,38.04,True
3.9236,False,2841.0,True,37.74,False
4.0441,False,1818.0,False,33.94,False
3.0224,False,3389.0,False,37.33,True
1.4712,False,2710.0,False,36.98,True
4.625,False,1988.0,False,38.8,True
1.2098,False,2073.0,False,33.93,False
3.0521,False,1407.0,False,38.54,True
2.0156,False,1029.0,True,41.36,False
5.9175,False,2076.0,False,34.11,True
2.8727,False,2461.0,True,36.6,False
4.3333,False,3142.0,False,38.76,True
1.9236,False,1297.0,False,35.13,True
4.2743,False,3379.0,False,38.68,True
1.9213,False,1533.0,False,39.44,False
2.9808,False,1446.0,False,36.79,True
2.5556,False,2913.0,False,33.96,False
4.4,True,2095.0,False,37.75,False
1.9362,False,2143.0,False,35.6,True
2.9625,False,2756.0,False,38.42,False
2.5052,False,1801.0,False,37.3,False
3.0481,False,4188.0,False,38.59,True
5.7797,False,10534.0,False,33.67,False
4.9091,False,2268.0,True,37.54,False
2.6582,False,4799.0,False,34.1,True
2.4956,False,3626.0,False,36.75,True
2.8365,True,2364.0,False,37.79,False
3.625,False,1819.0,False,33.84,False
4.1667,False,4881.0,False,34.69,True
1.7778,False,1264.0,True,40.79,False
1.9531,False,2206.0,False,34.03,False
1.9286,False,1256.0,True,32.71,False
5.2081,False,1713.0,False,38.66,True
4.7721,True,1547.0,False,37.8,False
5.8143,False,1361.0,False,33.96,False
2.6917,False,2080.0,False,34.09,True
4.504,False,2405.0,False,34.24,False
3.1607,True,1364.0,False,37.78,False
4.0968,False,5915.0,True,33.74,False
5.5418,False,2415.0,False,34.17,True
3.1696,True,407.0,False,37.5,False
2.1949,False,2680.0,False,32.65,True
3.3882,False,608.0,False,38.02,True
1.5114,False,1274.0,False,33.92,False
4.7105,False,3328.0,False,38.46,False
1.125,True,1954.0,False,37.91,False
3.0833,False,1605.0,False,38.34,True
2.4653,False,727.0,False,36.21,True
2.5729,False,643.0,False,33.96,False
2.1437,False,8466.0,False,33.13,False
3.6187,False,2193.0,False,34.22,False
4.0905,False,8010.0,True,34.27,False
2.0182,False,1205.0,False,34.7,True
2.1618,False,1270.0,False,36.8,True
4.0417,True,2412.0,False,37.68,False
7.6832,False,2660.0,True,33.06,False
5.2853,False,1861.0,False,34.15,False
2.9437,False,3341.0,False,34.1,False
3.2862,False,4916.0,False,33.93,False
8.5574,False,3615.0,False,33.64,False
2.4821,False,1843.0,False,33.88,False
3.6042,True,2842.0,False,37.98,False
4.6923,False,3137.0,False,38.69,True
6.1463,False,3526.0,False,37.3,False
8.4952,False,2956.0,False,33.8,False
6.4001,False,1956.0,True,34.14,False
5.2001,False,3757.0,False,33.75,False
7.313,True,3905.0,False,37.43,False
3.7798,False,2795.0,False,34.22,False
2.8569,True,2695.0,False,37.78,False
1.7375,False,1021.0,False,35.36,True
2.0432,False,2614.0,False,38.59,True
3.6902,False,2548.0,True,36.99,False
4.2276,False,4678.0,False,33.85,False
2.2216,False,6050.0,False,33.8,True
1.8446,False,4952.0,False,33.74,True
2.4526,False,3284.0,False,33.81,False
8.3065,False,7174.0,False,37.24,False
2.4821,False,1030.0,False,39.52,True
5.828,True,3009.0,False,37.91,False
3.1528,False,1256.0,False,34.05,False
4.2083,False,1729.0,False,33.91,False
2.6974,False,1486.0,False,35.12,False
6.0783,False,1724.0,False,34.27,False
3.0434,False,8106.0,False,34.24,True
6.1953,True,6778.0,False,38.31,False
1.7104,False,1469.0,False,37.61,True
4.6312,False,3404.0,False,37.3,False
5.6885,False,4526.0,True,34.28,False
4.2727,True,1938.0,False,37.8,False
1.875,False,786.0,True,32.7,False
3.9352,False,5675.0,False,33.94,False
2.975,True,4329.0,False,37.77,False
1.6902,False,2183.0,False,39.14,True
2.32,False,6225.0,False,33.15,False
3.0924,False,2391.0,False,37.29,True
3.2446,False,1256.0,True,37.63,False
4.1451,False,2711.0,True,33.72,False
6.0224,False,51.0,False,33.8,False
3.8125,False,1961.0,False,33.76,True
3.5114,True,1615.0,False,37.75,False
4.8281,False,2050.0,False,34.03,True
1.7159,False,2578.0,False,32.99,True
2.16,False,1172.0,False,34.42,False
4.625,False,2919.0,True,32.78,False
3.8333,False,1143.0,False,39.15,False
4.1058,False,2976.0,False,34.0,False
4.0474,False,2622.0,False,34.16,False
5.894,False,2168.0,False,34.18,True
1.75,False,939.0,True,32.71,False
3.2292,True,361.0,False,37.77,False
3.8897,True,2159.0,False,37.88,False
2.5719,False,2762.0,False,33.9,False
3.2112,False,2347.0,False,34.16,False
3.4063,False,1912.0,True,34.64,False
1.6981,False,1244.0,False,35.36,True
5.0698,False,3305.0,False,36.81,True
1.7868,False,1709.0,False,36.13,True
5.0285,False,11275.0,False,34.67,True
5.9214,False,3244.0,False,37.27,False
3.0777,False,4324.0,True,36.97,False
2.0286,False,1260.0,False,34.29,False
2.3041,False,2557.0,False,33.85,False
2.7321,False,1049.0,True,36.85,False
5.4236,False,2182.0,False,33.91,False
3.8816,False,3007.0,False,34.05,True
5.0527,False,1786.0,False,33.48,False
2.0833,False,2359.0,False,37.64,True
3.5294,False,1736.0,False,37.8,True
1.875,False,1503.0,False,39.77,True
2.9551,False,1355.0,False,33.9,False
3.2321,False,4415.0,False,38.71,True
3.7007,False,2741.0,False,39.71,True
4.0583,False,2346.0,False,34.05,False
2.1348,True,1586.0,False,37.8,False
1.4722,False,1391.0,False,34.06,True
4.5625,False,1500.0,False,33.96,False
2.2768,False,1104.0,True,32.78,False
6.9014,False,4349.0,False,33.77,False
4.625,False,2181.0,False,34.72,True
3.3669,False,2668.0,False,32.81,False
2.964,False,6027.0,False,33.75,True
1.6458,False,910.0,False,38.26,True
2.3068,False,1535.0,False,39.77,True
1.879,False,2173.0,False,34.09,False
2.6328,True,2449.0,False,37.95,False
1.6295,False,1209.0,False,34.27,False
2.6994,False,2397.0,False,38.01,True
2.75,True,563.0,False,37.97,False
6.5648,False,2832.0,False,34.03,True
3.2391,False,1343.0,False,37.7,True
5.6096,False,2156.0,False,37.41,False
3.6875,False,4483.0,False,35.4,True
0.536,False,18.0,False,33.62,True
7.3463,False,4048.0,False,33.78,False
4.25,False,5009.0,False,37.32,True
4.7466,False,2485.0,False,33.82,False
3.6667,False,1263.0,False,33.9,True
4.875,False,1227.0,False,38.53,True
3.6583,False,3869.0,False,33.92,True
3.428,False,3583.0,False,38.02,True
3.7426,False,2323.0,False,39.18,True
1.845,False,5477.0,False,34.1,False
3.6019,False,2077.0,False,34.18,False
3.865,False,2897.0,False,38.69,True
2.6333,False,1445.0,True,34.29,False
5.6875,True,5381.0,False,37.98,False
2.1055,False,2408.0,False,36.76,True
3.8333,False,1098.0,False,39.12,False
3.5156,True,1487.0,False,37.79,False
2.75,False,2053.0,False,35.33,True
5.9175,False,2371.0,False,36.78,False
1.75,False,908.0,False,34.04,False
2.3365,False,1824.0,False,36.35,True
2.125,False,759.0,False,34.02,False
3.1932,False,2469.0,True,33.72,False
5.4224,False,2655.0,False,34.15,True
3.0147,False,1820.0,True,40.54,False
6.5116,True,1644.0,False,37.58,False
1.6654,False,3140.0,True,41.78,False
2.875,False,1999.0,False,37.46,True
5.1602,False,1755.0,False,37.34,False
2.5,False,927.0,False,38.69,True
1.9402,False,2001.0,False,37.95,True
1.8539,False,1933.0,False,34.03,False
3.7969,False,2725.0,False,38.36,False
3.6125,False,1954.0,False,33.95,False
4.6111,False,322.0,False,38.64,True
2.3205,False,2819.0,False,34.1,True
1.4063,False,498.0,False,34.06,True
3.256,True,1746.0,False,37.53,False
3.3884,False,3469.0,False,37.43,False
